{
  "build_level": 1,
  "model": "PGS_STD_SINV_MODEL_RLOAD",
  "stop_time_s": 1,
  "output_enable_final": 1,
  "cia402_state_final": 4,
  "active_errors_final": 0,
  "diverge_fault_value": 0,
  "vac_rms_v": 13.629139323146298,
  "iac_rms_a": 1.1805614850193222,
  "vbus_mean_v": 59.7130509730367,
  "iref_rms_a": 0,
  "current_error_rms_pu": 0,
  "active_power_pu": 0.033056418472285375,
  "reactive_power_pu": 0.004094862034728506,
  "pll_frequency_hz": 23.658921632089534,
  "fdrc_enabled_final": 0,
  "fdrc_output_rms_pu": 0,
  "iac_thd_percent": 3.8300909037770539
}
