:020000040800F2
:10000000D826002025030008575D0008C5550008C4
:10001000555D000805200008656900080000000023
:100020000000000000000000000000005B5D000810
:10003000C320000800000000595D00085D5D000855
:100040003F0300083F0300083F0300083F03000888
:100050003F0300083F0300083F0300083F03000878
:100060003F0300083F0300083F0300080920000881
:10007000152000083F0300083F0300083F03000865
:100080003F030008000000003F0300083F03000892
:100090003F0300083F0300083F0300083F03000838
:1000A0003F0300083F0300083F0300083F03000828
:1000B0003F0300083F0300083F0300083F03000818
:1000C0003F0300083F0300083F0300083F03000808
:1000D0003F0300083F030008596900083F03000878
:1000E0003F0300083F0300083F0300083F030008E8
:1000F0003F0300083F0300083F0300080000000022
:10010000000000003F030008000000003F0300085B
:100110003F030008000000003F0300083F03000801
:100120003F0300083F0300083F0300083F030008A7
:100130003F03000800000000000000003F0300082B
:100140003F0300083F03000800000000000000001B
:10015000000000000000000000000000000000009F
:100160000000000000000000000000003F03000845
:100170003F03000800000000000000000000000035
:10018000000000003F030008000000000000000025
:10019000000000000000000000000000000000005F
:1001A00000000000000000003F0300083F030008BB
:1001B0003F0300083F0300083F0300080000000061
:1001C000000000003F0300080000000000000000E5
:1001D0003F0300083F03000800F002F800F092F827
:1001E0000AA090E8000C82448344AAF10107DA4592
:1001F00001D100F087F8AFF2090EBAE80F0013F052
:10020000010F18BFFB1A43F00103184774BE00002A
:1002100094BE0000103A24BF78C878C1FAD85207BB
:1002200024BF30C830C144BF04680C607047000070
:100230000023002400250026103A28BF78C1FBD8EF
:10024000520728BF30C148BF0B6070476E2900F0CD
:10025000F182702900F0338466290BF055806529FE
:100260000BF0528067290BF04F8061290BF04E8014
:1002700003681B0A28BF41F08001692900F09E82B3
:10028000642900F09B82752900F098826F2900F0A4
:10029000C083782900F0FF83E92900F05B83E4291B
:1002A00000F05883F52900F05583EF2900F0BD8355
:1002B000F82900F0FE830368DB0928BF41F08001C4
:1002C000632901F01381732901F01881E32901F0FA
:1002D0002381F32901F02881002070471FB50BF01E
:1002E0000EF801F091F90400002000210AF076FFD9
:1002F000401C6060002000210AF05AFFE0601FBD32
:1003000010B510BD01F052F91146FFF7E7FF0AF0F2
:10031000C7F901F02FFA03B4FFF7F2FF03BC00F0B6
:10032000D9F900000948804709480047FEE7FEE781
:10033000FEE7FEE7FEE7FEE7FEE7FEE7FEE7FEE795
:1003400004480549054A064B70470000C95D00088E
:10035000D9010008D8200020D8260020D82200206B
:10036000D822002053EA020C00F069802DE9F04BFE
:100370004FF00006002B1FBFB3FA83F503FA05F414
:1003800024FA05F65E4012BF1643B2FA82F502FA6D
:1003900005F4C5F120051EBF22FA05FC44EA0C0451
:1003A000203556EA044C4FEA144418BF641C4FF041
:1003B00000084FF00009904271EB030C39D300297B
:1003C00019BFB1FA81F701FA07F6B0FA80F700FA1F
:1003D00007F6C7F120071EBF20FA07FC46EA0C0605
:1003E0002037B6FBF4FCA7EB0507103F07F01F0B07
:1003F000CBF120060CFA0BFB2CFA06F644BFB346F1
:100400000026202FA4BF5E464FF0000B5BEA060CCF
:1004100008BF4FF0010B19EB0B09ABFB027C48EB5B
:100420000608C01B06FB02CC0BFB03CC71EB0C01D6
:10043000C1E70B46024641464846BDE8F08B13B57E
:100440004FF000004FF00001AFF30080BDE81C400A
:10045000704700001CB50C46064B7B446946009073
:10046000204600F000FA04460020694600F00EFA2B
:1004700020461CBD2F04000010B5002000F0EEFB4C
:10048000FFF73EFFBDE81040012000F023B910B592
:10049000431C02E010F8011B71B18107FAD14FF043
:1004A000013202C88C1A8C4314EAC211F9D0C01A66
:1004B0000A0603D0C01E10BDC01A10BD0A0401D028
:1004C000801E10BD0902FCD0401E10BD032A40F260
:1004D000308010F0030C00F0158011F8013BBCF1E6
:1004E000020F624498BF11F801CB00F8013B38BFFE
:1004F00011F8013BA2F1040298BF00F801CB38BF0C
:1005000000F8013B11F0030300F02580083AC0F029
:10051000088051F8043B083A51F804CBA0E80810D1
:10052000F5E7121D5CBF51F8043B40F8043BAFF304
:100530000080D20724BF11F8013B11F801CB48BF5E
:1005400011F8012B24BF00F8013B00F801CB48BF94
:1005500000F8012B704710B5203AC0F00B80B1E8CD
:100560001850203AA0E81850B1E81850A0E81850E8
:10057000BFF4F5AF5FEA027C24BFB1E81850A0E8F1
:10058000185044BF18C918C0BDE810405FEA827C0B
:1005900024BF51F8043B40F8043B08BF7047D20722
:1005A00028BF31F8023B48BF11F8012B28BF20F8C3
:1005B000023B48BF00F8012B70474FF000020429AE
:1005C000C0F0128010F0030C00F01B80CCF1040C82
:1005D000BCF1020F18BF00F8012BA8BF20F8022BB6
:1005E000A1EB0C0100F00DB85FEAC17C24BF00F85C
:1005F000012B00F8012B48BF00F8012B70474FF08A
:10060000000200B5134694469646203922BFA0E862
:100610000C50A0E80C50B1F12001BFF4F7AF09076E
:1006200028BFA0E80C5048BF0CC05DF804EB89005F
:1006300028BF40F8042B08BF704748BF20F8022BA2
:1006400011F0804F18BF00F8012B70474FF0013CAC
:1006500050F8042B51F8043B9A4221D1A2EB0C0331
:10066000934313EACC1317D150F8042B51F8043BF1
:100670009A4215D1A2EB0C03934313EACC130BD18E
:1006800050F8042B51F8043B9A4209D1A2EB0C0319
:10069000934313EACC13DBD04FF00000704700BF48
:1006A000D01A01BAB1FA81F101F0180122FA01F071
:1006B000CB40C1F12001DBB2C0B2C01A2CFA01F369
:1006C000D11A914311EAC311E6D1704770477047C0
:1006D0007047000001491820ABBEFEE7260002006B
:1006E00010B500F0C9FA006810BD10B5044600F05E
:1006F000C3FA046010BD70B5044685690068C10680
:1007000001D5302600E02026C00707D070BDD4E90F
:10071000012130469047206A401C20626D1EF6D5AC
:1007200070BD70B5044685690078C00707D170BDFB
:10073000D4E9012120209047206A401C20626D1ED0
:10074000F6D570BD09684A0501D540B27047C905A4
:10075000FCD500B2704709684A0501D5C0B27047A0
:10076000C905FCD580B2704770B50C460546012A14
:1007700005D02878800600D5EA69002302E001232D
:1007800005E05B1C934202D2E05C0028F9D1A86925
:10079000E618C01AA861286A184428622846FFF79C
:1007A000AAFF04E0D5E9012114F8010B9047B442F7
:1007B000F8D32846FFF7B5FF70BD00002DE9F041E2
:1007C0000646002410687529314616A510D0FFF79B
:1007D000B9FF002802DA404213A507E031688A0712
:1007E00001D512A502E0490704D511A5012401E0B5
:1007F000FFF7B1FF00210A2206F1240709E0B0FB50
:10080000F2FCB0FBF2F302FB1C00303078541846C7
:10081000491C0028F3D123462A463046BDE8F04162
:1008200000F073BA000000002D0000002B00000053
:100830002000000011680268006A530501D50870A5
:100840000AE0D30501D5088006E0130603D5C217D8
:10085000C1E9000200E008600120704701694A1CFC
:1008600002610878704700B58FB0CDE901310021F1
:10087000059105497944CDE903101146684600F019
:1008800029F90FB000BD0000E5FFFFFF0A6802F87C
:10089000010B0A60704700002DE9FF5F15468A468C
:1008A0000446DFF8AC80F8440027D8E900103E4643
:1008B000CDE9001010E03AF816106A4602A800F0E0
:1008C00037FE411C07D02178890603D5E269391823
:1008D00091420DD80744761C2078800602D5E06945
:1008E000B84205DDAE42E6DB3AF816000028E2D158
:1008F000A069C01BA0612046FFF7FDFED8E90010EB
:10090000CDE90010002017E03AF818106A4602A856
:1009100000F00EFEB0F1FF3F81460BD000250DF137
:10092000080B05E0D4E901211BF8050090476D1C78
:100930004D45F7D308F10100B0428046E4DB206A60
:10094000384420622046FFF7ECFEBDE8FF9F000020
:1009500086AD00002DE9F0418046D21D22F007024D
:100960000025D2E90002F52915A614D0011E72F166
:10097000000106DA0023D0EB030063EB020211A6AC
:1009800008E0D8F800108B0701D50FA602E0490750
:1009900001D50EA601251146002408F1240704E024
:1009A00000F06EF930323A55641C50EA0102F7D17A
:1009B0002B46324621464046BDE8F04100F0A5B93D
:1009C000000000002D0000002B00000020000000AF
:1009D00030B4002100F1240408E002F00705D20839
:1009E000303542EA4372DB086554491C52EA03057C
:1009F000F3D10468002310A2250707D5A40600D46C
:100A000021B1C46901230DA2641EC46130BC00F091
:100A10007CB910B5044621461068FFF79CFE0246DB
:100A20002046BDE810400023D2E7D21D22F0070186
:100A3000D1E90023CCE700000000000030000000F6
:100A4000F0B40D460188090502D5214C7C4402E032
:100A50001F4C7C440E34002100F1240608E002F013
:100A60000F071209E75D42EA03721B097754491C1C
:100A700052EA0307F3D102780023120704D5702D40
:100A800006D009B1022311342246F0BC00F03DB972
:100A900001231034F8E770B504460D46214610686E
:100AA000FFF759FE024629462046BDE87040002364
:100AB000C6E7D21D22F00703D3E90023C0E703688D
:100AC000126843F0200303600823C3610023B7E7E3
:100AD000E8AB00002DE9F05F894604464FF0000ABC
:100AE000DFF874B1FB44C0F820A02046E1688847D5
:100AF000002874D0252806D0D4E901219047206A27
:100B0000401C2062F1E700265F462046E1688847E6
:100B10002028054607DB312D05D2781910F8200C66
:100B200008B10643F1E7B00701D526F00406C4F882
:100B30001CA00027C4F818A02A2D09D0284606F0CA
:100B4000B7FB38B304EB8708303DC8F8185019E0FC
:100B500059F8041B204604EB87029161E16888473D
:100B6000012F054618D1E069002820DA26F020067A
:100B70001DE0D8F8180000EB800005EB400030388D
:100B8000C8F818002046E1688847054606F090FB43
:100B90000028EED1012F0AD02E2D08D12046E16881
:100BA00088477F1C0546022F46F02006C4DBA0695B
:100BB000002803DA404246F00106A061F00701D0A8
:100BC00026F010066C2D0BD0682D09D04C2D39D095
:100BD0006A2D35D0742D35D07A2D33D016E038E01B
:100BE000E1682F4620468847B842054609D16C2F58
:100BF00026D04FF48060E1680643204688470546CA
:100C000004E06C2F1AD04FF4807006430DB3A5F1A9
:100C10004100192802D8203546F400664A46294684
:100C2000204626604E46FFF711FB80B101280BD00D
:100C3000F61D26F0070000F1080956E74020E4E71A
:100C40008020D8E70020D6E706F104094DE72846C2
:100C500052E7206ABDE8F09F78AB000010B500F0C5
:100C60008DFCBDE8104000F083BC000000487047D8
:100C7000782000207047000000487047782000204E
:100C800030B5B0F10A024FEA900E71F100034EEA5E
:100C9000817EB0EB0E0061EB91014FEA101E4EEA2F
:100CA000017E10EB0E0041EB11114FEA102E4EEABF
:100CB000016E10EB0E0041EB11214FEA104E4EEA8F
:100CC000014E10EB0E0041EB1141401841F10001C3
:100CD0004FEAD00040EA41704FEAD10110EB8005A5
:100CE0004FEA810444EA907444EB01046D1944EB2B
:100CF0000404521BA3414FF0000348BF0A3200D541
:100D000030BD401C41F1000130BD2DE9F0470D46DA
:100D100099469246044600F124080168880604D5E5
:100D2000E06921F01001216000E00120A84201DD0E
:100D3000471B00E00027A1697A1902EB0900081A95
:100D4000A0612078C00602D42046FFF7D4FC00261C
:100D500008E0D4E901211AF806009047206A401CF7
:100D6000761C20624E45F4DB2078C0060AD520466A
:100D7000FFF7C1FC06E0D4E9012130209047206A4A
:100D8000401C2062381EA7F10107F4DC07E0D4E91B
:100D9000012118F805009047206A401C2062281E97
:100DA000A5F10105F3DC2046FFF7BBFC2078000627
:100DB00002D50220BDE8F0870120FBE770472DE94E
:100DC000FF4F0C461E464FF0FF378BB0D2E90001B3
:100DD000DDF860800A908A46C1F30A5505B93D46A0
:100DE000002108464FF00000BAF1000F00F4400067
:100DF00005DA00EB80004FF4400101EA50004FEAB1
:100E00009059B9F1010F00DDB9460A9850EA4A003D
:100E10000ED044F61050A5F2FF3545432F14B8F11B
:100E2000000F1ED07542291E1EDDC9F100021CE014
:100E3000B8F1010F4FF0000001D0302103E0F24380
:100E400005E02154401CB042FBDB3046002200216B
:100E500021540B99C1F80880C1E900200FB0BDE80A
:100E6000F08FBD1B6D1CDEE74A4600DA694206A81A
:100E700000F00EFC06AB93E8070003AB83E8070025
:100E800050460A9900F09FFC8DE80700A0F500503D
:100E90001F3800900398002D0ADD42F21F014A46D8
:100EA0000844002303A90390684600F008FF09E006
:100EB000A0F500504A461F38002303A90390684656
:100EC00000F012FF8DE807000004000C03D04FF083
:100ED000FF30410800E01046B8F1000F03D00022B7
:100EE000009215461EE0751E05D4FFF7C9FE30328C
:100EF00062556D1EF9D5B3460122084302D0002287
:100F00007F1C04E02078302801D100227F1E002AB7
:100F1000099784D01DE0112D07DAFFF7B1FE3032BA
:100F200062556D1C50EA0102F5D1084302D00098C9
:100F3000C8B10EE00021681E05E0235C625C6354CA
:100F40002254401E491C8142F7DBAB46A81B401EC1
:100F50000990002004F80B000B98099AC0F808804B
:100F6000C0E9002B7AE711264FF0000857E72DE97A
:100F7000F04F88460446D21D22F0070191B0D1E916
:100F80000001CDE90A0105F0EEFC02460B98C00F06
:100F900001D02D2007E02068810701D52B2002E039
:100FA000202101EAC000032A099001D0072A05DBAD
:100FB00003464146204600F02BFB0BE120788006DB
:100FC00001D5E06900E00620B8F1650F814606D042
:100FD000B8F1660F18D0B8F1670F70D131E000207A
:100FE000B9F1110F009001DB112301E009F10103B8
:100FF0000AAA01A90CA8FFF7E2FEDDE90C700026A1
:1010000009F10105834647E001204B4600904FF06F
:1010100000470AAA01A90CA8FFF7D1FEDDE90DB02F
:101020000C995D46002610B909F101000D18B9EBC5
:10103000050003D4C0F1FF3609F10105A5EB090055
:101040002BE0B9F1010F01DA4FF001090020B9F1ED
:10105000110F0090484601DD112300E003460AAA63
:1010600001A90CA8FFF7ABFEDDE90C704D46002688
:101070008346207800070AD4AB4500DA5D4601A814
:10108000012D04DD411911F8011C302907D04F450D
:1010900002DA17F1040F04DA012082460FE06D1E18
:1010A000EEE7002F02DCED1B3E4403E0781CA84273
:1010B00000DD7D1CB81B00F1010A4FF000472078CD
:1010C000000703D4AA4501DB4FF0FF3A0021B7F136
:1010D000004F0DF143088DF8431024D002202B233C
:1010E000002F01DA7F422D230A21021EA0F1010008
:1010F00000DC5FB197FBF1FC97FBF1F201FB1C7C7C
:1011000017460CF1300C08F801CDEEE7A8F101000C
:1011100003702188090501D5452100E06521A0F172
:10112000010800F8011C09980FA9A1EB0807FF1D91
:1011300000B10120411901EBEA70A1693844081A95
:10114000401EA0612078C00602D42046FFF7D3FAE3
:10115000099828B1D4E901219047206A401C2062F7
:101160002078C00622D52046FFF7C5FA1EE0002EE3
:1011700004DBB34502DD01A8805D00E03020D4E946
:1011800001219047206A401C2062761CAAF10100D0
:101190005FEA000A0AD100F037FAC0680168405CD3
:1011A000D4E901219047206A401C2062281EA5F145
:1011B0000105DCDC07E0D4E9012118F8010B9047B8
:1011C000206A401C2062381EA7F10107F3DC20468C
:1011D000FFF7A7FA032011B041E600002DE9F04F18
:1011E00004460D46D21D22F0070089B0D0E90097D1
:1011F0004846394605F0B7FB0246F80F01D02D23CB
:1012000007E02068810701D52B2302E0202101EAB5
:10121000C0038DF820300BB1012000E00020032A2C
:10122000824601D0072A04DB2946204600F0F0F967
:101230003FE12078800601D40D2500E0E569C7F381
:101240000A560D2D49DA00214FEA175B08464FF088
:101250000000002F00F4400007DA00EB80004FF49C
:10126000400100EBD07001EA60008115012901DD29
:101270004FF0FF3100224FEA850CBCF1180F06D366
:101280001346ACF118004FF08052C24003E04FF417
:10129000801323FA0CF30CF10C0CBCF1200F04D3D7
:1012A000ACF1200C09FA0CF001E007FA0CF000296F
:1012B0004FF0004801DD18B90FE00ED140450CD3C6
:1012C00019EB02095F4121B9404502D19F4329EA48
:1012D0000209BBEB175F00D0761C2088000502D501
:1012E0007B48784402E07A487844193808AA3023C9
:1012F00002F80A30037C0AF10101002E0AF1020A09
:1013000053546A4602DC4FF0300101E04FF03101E6
:101310004FF001088DF8001002D0A6F2FF3603E06E
:1013200059EA470100D06B4E002D02DC21780907F5
:1013300004D54FF002082E218DF80110C44600217B
:101340000BE0C7F303433F01C35C491C6D1E02F869
:101350000830052908F1010801DA002DF1DC00212F
:101360000CE000EB1973491C1B786D1E082902F86C
:1013700008304FEA091908F1010801DA002DF0DC04
:1013800021688B0602D516E0A8F10108E04505DDCD
:1013900002EB080313F8013C302BF5D0B8F1000F35
:1013A00009DD02EB080313F8013C2E2B03D10907DA
:1013B00001D4A8F10108002D05DD3E2102F8081036
:1013C0006D1E08F10108407C002E02F8080008F1AB
:1013D000010804DA2D20764202F8080002E02B20F2
:1013E00002F808000A214FF47A70864208F10108D9
:1013F0000BDB96FBF0F3303302F8083096FBF0F38A
:1014000008F1010800FB136601E0642E0CDB642088
:1014100096FBF0F3303302F8083096FBF0F308F156
:10142000010800FB136601E00A2E06DB96FBF1F0D3
:10143000303002F8080008F1010896FBF1F001FBDA
:101440001060303002F80800A16908F1010808EBCB
:10145000050202EB0A00081AA0612078C00602D437
:101460002046FFF748F9216A08AE01EB0A00206226
:1014700004E0D4E9012116F8010B9047BAF1010A02
:10148000F7D22078C00602D52046FFF734F96E4621
:1014900009E016F8010B3E280FD0D4E9012190474E
:1014A000206A401C2062B8F10108F2D22046FFF702
:1014B00038F909B00320BDE8F08F206A2844206283
:1014C00003E0D4E90121302090476D1EEBD3F8E70B
:1014D000C1A3000002FCFFFF10B5436913B1AFF3D5
:1014E000008001E0FFF740F9012010BD127800F103
:1014F00024010A7000224A700122EDE711684FF0C2
:10150000FF32E9E710B5436913B1AFF3008001E0A2
:10151000FFF7C2F9012010BD128800F12401828476
:101520000022C2840122EDE711684FF0FF32E9E7A3
:1015300070B516460C46054600F05EF8036893F851
:101540000101012806D0FF2C0FD8185D68B10120D9
:101550002C7070BDD3F807013246214603F2071301
:1015600003442846BDE8704018474FF0FF3070BD77
:10157000002801D0FFF7AEB87047000010B5002179
:1015800002A000F000F9012010BD000053494741BE
:101590004252543A2041626E6F726D616C207465E4
:1015A000726D696E6174696F6E0000007546FFF7B9
:1015B0005DFBAE4605006946534620F007008546B0
:1015C00018B020B5FEF7BCFEBDE820404FF0000685
:1015D0004FF000074FF000084FF0000B21F007011B
:1015E000AC46ACE8C009ACE8C009ACE8C009ACE85E
:1015F000C0098D467047000010B500F005F8001DC9
:1016000010BD00BFD99B0000004870479820002003
:101610002DE9F0411F46044603260168072A01F41C
:10162000006004DB08B116A505E016A503E008B1CB
:1016300015A500E015A521F010002060A069C01ECE
:10164000A0610FB1401EA0612046FFF754F84FB1D2
:10165000D4E9012138469047206A401C2062C01C12
:10166000206206E0206AFAE7D4E9012115F8010BAF
:101670009047761EF8D22046FFF753F8BDE8F08178
:101680004E414E006E616E00494E4600696E660026
:101690002DE9F047814616468AB0354878440DC892
:1016A0008DE80D0032487844801C03AC0DC884E8F6
:1016B0000D0041F69B300844372190FBF1F290FB7E
:1016C000F1F5A5F1800501FB12041B3C02D5644233
:1016D000012000E00020DFF898A080460027FA44AF
:1016E000AAF1BE0A0EE0E0070AD03246684607EBD0
:1016F000470101230AEB810100F0F6FA8DE80700AB
:1017000064107F1C002CEED1194F7F44AE3F19E0CE
:10171000E80715D007EB04100DF1180A90E80E0049
:101720008AE80E00C068F04201D19819089032464C
:10173000012306A903A800F0D7FA03AB83E807004A
:101740006D10641C002DE3D14FF001033246694651
:10175000B8F1000F03A802D000F0B1FA01E000F0E8
:10176000C3FAC9E90001C9F808200AB0BDE8F0874A
:1017700098A0000010B50446AFF300802046BDE8F5
:101780001040FEF7C8BD70B505460C460A2000E0C3
:101790006D1C00F011F835B128780028F8D102E06E
:1017A000641C00F009F814B120780028F8D1BDE8D5
:1017B00070400A20AFF3008008B569468DF800003C
:1017C0000320ABBE08BD5FEA400C08BF91F0000FDC
:1017D0004FEA8C234FEAC12243EA51514FEA1C5091
:1017E00018BF00F5F0404FEA300018BF41F000414B
:1017F0005FEA6C5C00F02980BCF1FF3F08BF40F05D
:1018000080407047130C06BF12044FF0100C4FF0CD
:10181000000C130E04BF12020CF1080C130F04BFCE
:1018200012010CF1040C930F04BF92000CF1020C96
:10183000D30F04BF52000CF1010C11464FF000020F
:10184000A0F11F00A0EB0C00704711F0004F08BF83
:10185000704731F000413FF4D5AF0B0C06BF0904CF
:101860004FF0100C4FF0000C0B0E04BF09020CF1EE
:10187000080C0B0F04BF09010CF1040C8B0F04BF03
:1018800089000CF1020CCB0F04BF49000CF1010CD4
:10189000CCF12003A0EB0C0022FA03F302FA0CF2C5
:1018A00041EA030100F10100704720F07F4C80EA1B
:1018B000030023F07F47ACEB070303F57C5300F0F4
:1018C000004003F1FF032DE980494FEA154B09B4AD
:1018D0004FEA144325EA0B4E24EA03480FF204268C
:1018E00006EB132749083E785FEA320203FB0667DE
:1018F000C7F5000707FB06F64FEA54374FEAD6460E
:1019000006F1020607FB066CCCF1005C4FEA1C47AF
:101910002CEA074C07FB06F40CFB06F504EB154616
:101920004FEA961634BF00204FF000404FEAD137FF
:1019300006FB07FC4FEA1C4C0CFB0BF7D21B03FB0E
:101940000CF761EB07010CFB0EF7B0EB074072EBF5
:1019500017420CFB08F734BFA2EB0742B2EB074279
:1019600061EB17414FEA0C444FEA910706FB07FC75
:101970004FEA1C4C0CFB0BF7B0EBC74072EB573235
:1019800003FB0CF734BFA2EBC742B2EBC74261EBDB
:1019900057310CFB0EF7B0EBC70072EB57720CFB24
:1019A00008F734BFA2EBC702B2EBC70261EB577175
:1019B000039F4FEA816141EA921104EBCC044FEAA4
:1019C000D1374FEA826206FB07FC42EA90124FEAE7
:1019D00080604FEA1C4C0CFB0BF7D21B03FB0CF78F
:1019E00061EB07010CFB0EF7B0EB074072EB1742FF
:1019F0000CFB08F734BFA2EB0742B2EB074261EBE6
:101A000017414FEA8C554FEA910704EB9C2406FBE3
:101A100007FC4FEA1C4C0CFB0BF7B0EBC74072EB1A
:101A2000573203FB0CF734BFA2EBC742B2EBC742FD
:101A300061EB57310CFB0EF7B0EBC70072EB57723E
:101A40000CFB08F734BFA2EBC702B2EBC70261EB95
:101A5000577115EB4C254FEA816141EA92114FEA2B
:101A600082624FEAD13742EA901206FB07FC44F14A
:101A700000044FEA80604FEA1C4C0CFB0BF7D21BB2
:101A800003FB0CF761EB07010CFB0EF7B0EB074013
:101A900072EB17420CFB08F734BFA2EB0742B2EB24
:101AA000074261EB174115EB1C154FEA813141EA02
:101AB00092414FEA823242EA90424FEA80304FEA46
:101AC0000C7644F1000448EA03434EEA0B484FF019
:101AD000000EB2EB080C71EB030724BF62463946D7
:101AE0004EEB0E0E4FF0000B0018524149414BEBEC
:101AF0000B0BB2EB080C71EB03077BF1000B24BF5F
:101B0000624639464EEB0E0E4FF0000B0018524164
:101B100049414BEB0B0BB2EB080C71EB03077BF16C
:101B2000000B24BF624639464EEB0E0E51EA020707
:101B300018BF46F0010616EB0E7655F1000254F17F
:101B4000000103D5BDE88901BDE80088BDE8890131
:101B5000BDE80048B619524141EB0101A3F1010370
:101B6000704780807F7E7D7C7B7A7978777676750A
:101B70007473727171706F6E6E6D6C6C6B6A6A6982
:101B80006868676666656464636362616160605F1C
:101B90005F5E5E5D5D5C5C5B5B5A5A595958585795
:101BA00057565655555554545353525252515150FD
:101BB00050504F4F4F4E4E4D4D4D4C4C4C4B4B4B50
:101BC0004A4A4A4949494848484747474746464696
:101BD00045454544444444434343434242424241D1
:101BE0004141002B9C4630D477002BD01CB54FEAE6
:101BF000370703B44FF010004FF01001BAF1000F97
:101C000006D0BCF1000FDCBF40F0080040F0080136
:101C10004FF000000FBCBDE810400BF1010BBBF111
:101C2000010F08BF5FEA170722BF12F1010211F18D
:101C300001014FF0004143F1000300F0004043EA8E
:101C400000007047F9D35708D0E746EA064613F17B
:101C5000400F4FEA16461FDD13F1200FDFBF16437A
:101C60000A46002120335B42BED0C3F1200746EA7A
:101C7000064602FA07F74FEA164646EA0706C3F198
:101C8000200722FA03F201FA07F721FA03F14FF0D5
:101C9000000342EA0702A7E746EA020646EA0646CA
:101CA0004FEA164646EA0106BCBF46EA0646360C2F
:101CB0004FF000034FF000024FF0000194E72DE9D0
:101CC000804C9A46934670B491E8380007C831EAD0
:101CD000400C48BF34EA430C03D5FFF7E6FDFFF79D
:101CE00080FFF0BCBDE8008C2DE9804C9A469346FD
:101CF00070B491E8380007C810F0804F08BF13F0A7
:101D0000804F03D100F005F8FFF76BFFF0BCBDE892
:101D1000008C20F07F4780EA030023F07F4C07EB24
:101D20000C03A3F57C5300F00040A3F1FE0392F0F6
:101D3000000F00F0B38095F0000F00F077802DE9E0
:101D400001494FEA11404FEA144621EA004800FBDE
:101D500006FC24EA064708FB06F607FB08F800FB2A
:101D600007F718EB06484CEB164C4FEA124B18EBF2
:101D700007484FEA15464CEB174022EA0B4E0BFB87
:101D800006FC25EA06470EFB06F607FB0EFE0BFBDC
:101D900007F71EEB064E4CEB164C4FF000061EEB01
:101DA000074E4CEB174B18EB0B0840F1000018EBFB
:101DB0000E0B58EB000840F100008F1A4FF00001A5
:101DC0003CBFC943661B14BFB5EB040C00213CBFEC
:101DD000C943F61B4FEA17444EEA8E0E27EA044524
:101DE0004FEA1C4704FB07622CEA074C05FB07F788
:101DF0000CFB05F604FB0CFC16EB074642EB174206
:101E000016EB0C4642EB1C421BEB060658EB02029B
:101E1000414146EA9E0601D5BDE80189B619524105
:101E200041EB0101A3F10103BDE801894FEA14452B
:101E30004FEA114724EA054621EA074C05FB07F45F
:101E400006FB07F70CFB06F105FB0CFC11EB074149
:101E500044EB17444FEA124711EB0C4144EB1C448E
:101E600022EA074C05FB07F206FB07F70CFB06F618
:101E700005FB0CFC16EB074642EB174216EB0C4633
:101E800042EB1C456A1854F1000148BF7047B6196F
:101E9000524141EB0101A3F10103704795F0000F9E
:101EA00037D04FEA11424FEA144721EA024624EAAA
:101EB000074C02FB07F106FB07F70CFB06F402FBDD
:101EC0000CFC14EB074441EB17414FEA154714EBA8
:101ED0000C4441EB1C4125EA074C02FB07F506FBCD
:101EE00007F70CFB06F602FB0CFC16EB074645EB6E
:101EF000174516EB0C4645EB1C42121951F1000137
:101F000048BF7047B619524141EB0101A3F10103EB
:101F100070474FEA14454FEA114724EA054621EA83
:101F2000074C05FB07F106FB07F70CFB06F24FF029
:101F3000000605FB0CFC12EB074241EB174112EBCC
:101F40000C4251EB1C4148BF7047921841EB010114
:101F5000A3F1010370470000F8B50446002000908B
:101F60002068816811F0010F41D18168214A114236
:101F70002ED18168D5432940491C81601E48806864
:101F800000F0E07000020DD51C481D490068B0FB50
:101F9000F1F0401C00EB4000800000E0401E00908B
:101FA0000028FBD101F032FD06461BE0816811F0EC
:101FB000010F03D181682940491C816001F026FD91
:101FC000801B02280ED920680068C043C00709D0D2
:101FD000E06D40F01000E065206E40F001002066EA
:101FE0000120F8BD20680168C943C907DED100207F
:101FF000F8BD00003F0000800003005010000020EA
:10200000400D0300FEE70000014801F092B9000016
:10201000DC030020014801F08CB900003C040020E2
:102020000D4902688A4201D20C4901E00B49203176
:10203000D2B21423083AB2FBF3F2436C02F01F024F
:1020400023F003031944816404498031C1640121F0
:1020500091400165704700000804024000080240FA
:102060000179074A02EB81024265054A4432491E62
:10207000826501F01F0201219140C1657047000097
:10208000FC08024030B5D0E913456560446D14B1D9
:10209000D0E91645656090F8444004F01F0501241E
:1020A000AC40056C6C60046863608368102B036847
:1020B00003D099600068C26030BD9A600068C1605A
:1020C00030BD704772B6FEE72DE9F84F4FF00008BB
:1020D0000446CDF800800D4694F85820DFF8EC93C4
:1020E000616947464046012A0AD00126F84A84F829
:1020F000586041B1296A012905D0A36EEBB129E0EE
:102100000220BDE8F88F6868092838D1A96A4FF421
:10211000785041B12B6801F07C0100EA534008433C
:10212000E96A084302E0296800EA51402168CB6C63
:1021300013400343CB64606621E0C4E91971A96AC6
:10214000286A31B101F07C01401E0843E96A084366
:1021500000E0401E29682B79C1F3846103F01F035E
:1021600099400143A06E401EA066636E43EA0103DE
:10217000636604D12068C16C11401943C1642068B2
:1021800003F031FA58B995F8250098B12068C16874
:1021900095F8262021F4401141EA4251C16020689F
:1021A00003F029FA8246206803F01DFA5AEA00007B
:1021B0000DD0FBE095F8260095F82410400540EA84
:1021C00001512068C26822F440121143E6E7A86A70
:1021D00030B1E86A20B195F8250001285ED003E00F
:1021E00095F82500012804D02068C16821F000710D
:1021F00003E02068C16841F00071C16095F83000CB
:10220000012852D02068016921F002010161AA6809
:1022100029682068B2F1004F38D003F0FFF9206838
:10222000416921F00041416120686969C268C2F3D7
:10223000C102520091402A69042A44D000EB820076
:102240002B68026EDFF88CC203F0F84302EA0C023E
:102250000B431A4342F00041016620682A69A969CC
:1022600000EB8200026E22F080720A430266297F30
:1022700022682869012923D05FF0000102EB800069
:10228000026E22F000720A4302668FE0002203F021
:10229000C5F92068416941F00041C4E7E06D40F0B4
:1022A0002000E0654FF00108A8E7D5E90D100143D3
:1022B0002068026922F4FF7242F002021143A5E78E
:1022C0004FF00071DAE7002103F083F94003206842
:1022D0004FF0000172D003F07CF990FAA0F0B0FA50
:1022E00080F1286842036ED090FAA0F0B0FA80F036
:1022F000814204D100221146206803F0A6F9012191
:10230000206803F066F9400320684FF001015DD0BA
:1023100003F05FF990FAA0F0B0FA80F12868420368
:1023200059D090FAA0F0B0FA80F0814204D1002296
:102330000121206803F089F90221206803F049F99E
:10234000400320684FF0020148D003F042F990FAB0
:10235000A0F0B0FA80F12868420344D090FAA0F0CF
:10236000B0FA80F0814204D100220221206803F0FB
:102370006CF90321206803F02CF9400320684FF02A
:10238000030133D003F025F990FAA0F0B0FA80F100
:10239000286842032FD090FAA0F0B0FA80F0814272
:1023A00004D100220321206803F04FF920688168DE
:1023B00011F0010F22D0B6E000E004E003F009F9CB
:1023C000C0F384618DE7C0F3846091E703F001F905
:1023D000C0F38461A2E7C0F38460A6E703F0F9F8D4
:1023E000C0F38461B7E7C0F38460BBE703F0F1F8A2
:1023F000C0F38461CCE7C0F38460D0E72A7B29680E
:1024000050F8B03FC1F3120C23EA0C0302F0180C91
:10241000314A22FA0CF20A4013430360E968494545
:102420007ED1286841031CD090FAA0F1B1FA81F165
:10243000491C01F01F0109294FEA403132D8002917
:1024400012D000BF90FAA0F1B1FA81F101F10101BF
:1024500001F01F0106FA01F609D100BFC0F3846143
:1024600009E0C0F38461E3E7C0F38461EEE790FA2A
:10247000A0F1B1FA81F101F1010101F01F0146EA79
:10248000816102D1C0F3846003E090FAA0F0B0FA59
:1024900080F000F1010000F01F0000EB400041EA75
:1024A00000513AE000290ED090FAA0F1B1FA81F182
:1024B00001F1010101F01F0106FA01F60ED100BF82
:1024C000C0F384610EE0C0F38461F1E700007F4057
:1024D0000040100400F0FF03FFFF070090FAA0F196
:1024E000B1FA81F101F1010101F01F0146EA8161B8
:1024F00002D1C0F3846003E090FAA0F0B0FA80F05B
:1025000000F1010000F01F002B4A00EB400002EB3D
:10251000005041EA000141F00071AA68206800E023
:1025200001E003F07BF825482A68024240D02448A5
:102530008168244B01F0E0719A4202D0224B9A420A
:102540001BD10B0219D42268B2F1A04F30D182689E
:1025500041F4000122F0E0720A4382601B481C49EA
:102560000068B0FBF1F0801C00EB4000800000E050
:10257000401E00900028FBD11AE0164D164BAA42CF
:1025800007D1CD0105D422689A4211D041F0807163
:1025900009E0124DAA420BD14A0209D422689A429C
:1025A00006D041F48001826822F0E0720A43826022
:1025B00084F858704046A4E5000020FE0000088022
:1025C00000030050000021C31000C0901000002044
:1025D000400D0300000052C700010050000084CBF2
:1025E0002DE9F04104464548806800F01F05206849
:1025F00002F0F9FF08BB2168C868C96C00F0004010
:1026000011F4C07F00D190B194F85800012814D083
:10261000012084F858002046FFF79EFC01004FF08F
:1026200000020CD084F858200846BDE8F081E06D27
:1026300040F02000E0650120F7E70220F5E7E06DBB
:10264000C00504D5206E20F00800206600E0226658
:10265000E06D42F20103984340F48050E065284B5E
:1026600020684FF0A046984201D1374600E0074667
:10267000874200D01DB9E76D27F48017E765602712
:10268000076084F858202068C268920203D5426827
:1026900042F480624260A06908282068426807D03E
:1026A00022F0400242602068426842F0200206E0C8
:1026B00022F0200242602068426842F040024260FC
:1026C0002068984201D1324600E00246824209D099
:1026D00045B1062D06D0072D04D0E06D40F48010E2
:1026E000E065A1E7C26812F0007F9DD18268054BCA
:1026F0001A4042F00802826096E700000003005092
:1027000000010050C0FFFF7F2DE9F047044690F81C
:1027100058009CB00E464FF00009012815D001204A
:1027200084F8580000251795189520684FF0A048A8
:1027300040450ED1284F0097384602F05CFF824694
:10274000206802F058FF60B10EE002201CB0BDE826
:10275000F087E06D40F02000E06584F858500120DB
:10276000F4E7BAF1000F09D0E06D40F02000E06519
:102770004FF0010984F858504846E7E71748326897
:1027800040F61F71002A826822F4604216D094F845
:10279000383042EA433273681A438260D8F808201E
:1027A000BB6802F0010203F001031A43E2D1B368EF
:1027B00032681A4383688B431A430BE08260D8F86F
:1027C0000820BB6802F0010203F001031A43D1D1D3
:1027D00082688A438260CDE7000100500003005008
:1027E0002DE9F84F00270446009790F85800DFF8CD
:1027F000E0930D46B846012811D0012684F85860B0
:10280000206802F0F4FE60B1E06D40F02000E06569
:102810005FF0010784F858803846BDE8F88F022041
:10282000FBE7D5E900210C23206803EA9113184443
:10283000036B01F01F014FF01F0C0CFA01FCC2F3F7
:10284000846223EA0C038A4013430363206802F086
:10285000CEFE8246206802F0C2FE5AEA00003CD159
:10286000AA6829682068B2F1004F37D002F0C7FE8D
:102870002068416921F00041416120686969C268AE
:10288000C2F3C102520091402A69042A31D000EB00
:1028900082002B68026EDFF83CC303F0F84302EAC3
:1028A0000C020B431A4342F00041016620682A697A
:1028B000A96900EB8200026E22F080720A43026670
:1028C000297F22682869012910D0002102EB8000AD
:1028D000026E22F000720A4302667DE0002202F0DE
:1028E0008EFE2068416941F00041C5E74FF000715C
:1028F000ECE7002102F067FE400320684FF0000182
:1029000072D002F060FE90FAA0F0B0FA80F1286870
:1029100042036ED090FAA0F0B0FA80F0814204D168
:1029200000221146206802F088FE0121206802F092
:102930004AFE400320684FF001015DD002F043FEE3
:1029400090FAA0F0B0FA80F12868420359D090FACA
:10295000A0F0B0FA80F0814204D100220121206869
:1029600002F06BFE0221206802F02DFE4003206879
:102970004FF0020148D002F026FE90FAA0F0B0FA23
:1029800080F12868420344D090FAA0F0B0FA80F0B9
:10299000814204D100220221206802F04EFE032170
:1029A000206802F010FE400320684FF0030133D08E
:1029B00002F009FE90FAA0F0B0FA80F12868420314
:1029C0002FD090FAA0F0B0FA80F0814204D100221A
:1029D0000321206802F031FE2068816811F0010FA8
:1029E00022D0ACE000E004E002F0EDFDC0F3846131
:1029F0008DE7C0F3846091E702F0E5FDC0F38461E8
:102A0000A2E7C0F38460A6E702F0DDFDC0F38461B5
:102A1000B7E7C0F38460BBE702F0D5FDC0F3846183
:102A2000CCE7C0F38460D0E72A7B296850F8B03F38
:102A3000C1F3120C23EA0C0302F0180C664A22FAC6
:102A40000CF20A4013430360E968494577D12868CE
:102A500041031CD090FAA0F1B1FA81F1491C01F0B8
:102A60001F0109294FEA403132D8002912D000BF96
:102A700090FAA0F1B1FA81F101F1010101F01F0119
:102A800006FA01F609D100BFC0F3846109E0C0F382
:102A90008461E3E7C0F38461EEE790FAA0F1B1FA54
:102AA00081F101F1010101F01F0146EA816102D1CA
:102AB000C0F3846003E090FAA0F0B0FA80F000F177
:102AC000010000F01F0000EB400041EA005132E03D
:102AD00000290ED090FAA0F1B1FA81F101F10101C3
:102AE00001F01F0106FA01F606D100BFC0F38461B0
:102AF00006E0C0F38461F1E790FAA0F1B1FA81F148
:102B000001F1010101F01F0146EA816102D1C0F328
:102B1000846003E090FAA0F0B0FA80F000F10100C8
:102B200000F01F002D4A00EB400002EB005041EA8C
:102B3000000141F00071AA68206802F060FD284899
:102B40002A6802423FF466AE26488168264B01F0AF
:102B5000E0719A4202D0254B9A421CD10B021AD442
:102B60002268B2F1A04F7FF455AE826841F40001B3
:102B700022F0E0720A4382601D481E490068B0FBE3
:102B8000F1F0401C00EB4000800000E0401E00908F
:102B90000028FBD13EE6184D184BAA4207D1CD01C3
:102BA00005D422689A42F5D041F0807109E0144DB5
:102BB000AA42EFD14A02EDD422689A42EAD041F407
:102BC0008001826822F0E0720A43826022E60000FF
:102BD00000007F4000F0FF03FFFF0700000020FE21
:102BE0000000088000030050000021C31000C090C6
:102BF00010000020400D0300000052C700010050EB
:102C0000000084CBF8B54FF0000504002E46009577
:102C100002D0E06D10B107E00120F8BD204600F0C1
:102C2000EBF8266684F8586020688168C1F340712B
:102C300019B18168684A1140816020688168C1F3D8
:102C4000007189B98168654A114041F08051816005
:102C5000634864490068B0FBF1F04000801C00E06C
:102C6000401E00900028FBD120688168C1F30071EC
:102C700041B9E16D41F01001E165216E41F00101C2
:102C80002166012502F0B3FCE16DC90600D430B124
:102C9000E06D40F01000E06501252846F8BDE06DCC
:102CA00020F4807040F00200E0652068806810F039
:102CB000010F11D14FF0A04080684B4900F0010096
:102CC000896801F00101084306D1484861688268BB
:102CD00022F47C120A438260E168E06B627F084361
:102CE000A16841EA4231084394F8241040EA0140C7
:102CF000012904D1218D3E4A02EB41410843E16A9A
:102D000029B101F47871226B014342EA0100226883
:102D1000D168384B19400143D16020680169626B6A
:102D200021F0406111430161206802F058FC70BB42
:102D3000207F94F83810800340EA41022168C86877
:102D400044F2020398431043C860206900282068B9
:102D500001690AD041F480310161206850F8C01F38
:102D600022696FF30D01114307E021F48031016105
:102D7000206850F8C01F6FF30D01016094F8400007
:102D800001280CD02068016921F00101016160690E
:102D900001282068016B21F00F0111D013E0D4E964
:102DA00011010843D4E913121143084321680A6949
:102DB00040F2FC739A43104340F001000861E6E7DB
:102DC000226A521E11430163E06D20F0020040F0C0
:102DD0000100E06561E70000C0FFFF5FC0FFFF7F0B
:102DE00010000020400D03000001005000030050BF
:102DF0000000FEFF0740F0FF2DE9F04798B00646BF
:102E000014216846FDF7FBFB442105A8FDF7F7FBFD
:102E10004FF40042316800259003524FDFF848918B
:102E2000DFF848A1524C4FF00308B1F1A04F10D089
:102E3000504B994259D10592149005A800F0E4FE38
:102E400008B1FFF73FF93868401C386001284FD0BF
:102E500056E00592149005A800F0D6FE08B1FFF7E1
:102E600031F93868401C3860012807D1E06C40F423
:102E70000050E064E06C00F400501690E06C40F00C
:102E80000400E064E06C00F004001690E06C40F098
:102E90000200E064E06C444600F0020016900F204F
:102EA0008DE831006946484600F086FC41F2010099
:102EB0008DE831006946504600F07EFC2F4C2E48CC
:102EC00020600520C4E901058020C4E903504000CA
:102ED00060618000C4E906052046256200F086FA9C
:102EE00008B1FFF7EFF87465A66218B0BDE8F08787
:102EF000E06C40F40050E064E06C00F40050169088
:102F0000E06C40F00100E064E06C00F0010016901D
:102F1000E06C40F00400E064E06C00F00400169007
:102F2000E06C40F00200E064E06C444600F0020017
:102F30001690C3208DE8310069464FF0904000F0B4
:102F40003BFC20208DE831006946484600F034FC07
:102F500040F604008DE831006946504600F02CFC34
:102F6000C3E70000000000200008004800040048FB
:102F7000001002400001005008000240DC03002065
:102F80002DE9F04790460D4604004FF0000A0FD09F
:102F900075B1607901280ED04FF0010984F80590D1
:102FA00002202071A96808F01006042905D04AE023
:102FB0000120BDE8F0870220FBE700F027FD07466F
:102FC0005FEA08004FF0030809D022E000F01EFD80
:102FD000C01B012803D92068406B000411D420686D
:102FE000406B0004F2D42168686A086418E000BFEE
:102FF00000F00CFDC01B01280BD92068406B002895
:1030000007DA206940F00800206184F8048003207A
:10301000CFE72068406B0028EADB2168686A4864D3
:103020002068816C40F2FF32B2409143AA6AB240FC
:10303000114381642068C16CFF22B2409143EA6A67
:10304000B2401143C164E869012808D12268916B3C
:103050001F20B0408143286AB04008439063206835
:10306000C06B0721B1408843A969012903D0022917
:1030700057D06969F1B300216B69AA681A430A4302
:103080004FF4807101FA06F398432B79012B00D09D
:10309000002111434FF4007202FA06F398436B7952
:1030A000012B00D0002220F44047286842EA0108A2
:1030B000022838D057EA0007216808FA06F038439A
:1030C000C863206801684FF48042B24091430160B8
:1030D0002268116840F6FE70B0408143E868B04055
:1030E0000843106020680168C022B240914301602B
:1030F000287B00E015E0297CC0F3830001F03C014F
:1031000040EA811021680A6E40F60F73B3409A437B
:10311000B04002430A6684F8049000206071504673
:1031200047E70121A8E700F0A1FF0649884202D93C
:1031300047F40047C0E704498842BDD947F48047B7
:10314000BAE700000068890900B4C40470B504003F
:1031500003D02079002510B105E0012070BD657114
:10316000204600F007F8022020712561012020711F
:10317000002070BD10B586B0044614216846FDF7E6
:103180003EFA1149206888421BD11048C16C41F4B5
:103190008031C164C16C01F480310591C16C41F092
:1031A0000101C164C06C694600F001000590102067
:1031B000009003200190002002904FF0904000F01A
:1031C000FBFA06B010BD00000008005000100240DD
:1031D000F8B5A8B14279012A14D001224271022324
:1031E000037105682F6801F0100402FA04F63743F2
:1031F0002F60154D154E2D68B5FBF6F56D1C04E0DE
:103200000120F8BD0220F8BD6D1E0095002DFBD1F8
:10321000002901680ED00D68A34005F478159D4281
:1032200003D14B6843F002034B60027100214171EE
:103230000846F8BD0B68C3F34403012BF5D14B6876
:1032400043F00103F0E7000010000020400D0300F0
:1032500010B590F8253000210122022B03D0042163
:10326000C163012122E003681C6824F00E041C6085
:10327000836C1C6824F480741C6003681C6824F050
:1032800001041C6090F84430046C03F01F0302FA40
:1032900003F36360D0E913345C60436D33B11C68A1
:1032A00024F480741C60D0E916345C6080F825201A
:1032B000002280F82420084610BD70B590F8252023
:1032C000002401212346022A07D00422C26380F889
:1032D000251080F82430012429E00268156825F0C3
:1032E0000E0515600268156825F001051560826CF1
:1032F000156825F48075156090F84420056C02F07F
:103300001F0201FA02F26A60D0E913255560426D8E
:1033100032B1156825F480751560D0E91625556021
:1033200080F8251080F82430816B01B18847204651
:1033300070BDF0B4016C0C6801680D6890F8442011
:1033400002F01F06042202FA06F3234211D06B0793
:103350000FD50B689B0603D40B6823F004030B60A6
:1033600090F8441001F01F018A40016C4A60016B23
:103370001DE0022303FA06F727424FF0000C4FF03E
:10338000010218D0AF0716D50C68A40605D40C6846
:1033900024F00A040C6080F8252090F8441001F015
:1033A0001F018B40016C4B6080F824C0C16A00296A
:1033B0001AD0F0BC08470823B340234214D02B078F
:1033C00012D50B6823F00E030B6090F84410036CC9
:1033D00001F01F0102FA01F15960C26380F8252053
:1033E00080F824C0416BE2E7F0BC704770B5040080
:1033F0000CD02B4A21681420914209D2294A0A4450
:10340000B2FBF0F08000606427480AE0012070BD44
:10341000234A52420A44B2FBF0F080006064204824
:1034200008382064022084F825000A6847F6F07006
:103430008243D4E902031843D4E904352B431843EB
:10344000A3691843E3691843236A184310430860CB
:103450002046FEF7E5FDA0680025B0F5804F00D1BD
:103460006560A16C20790860D4E91301416060684F
:10347000401E032808D82046FEF7F2FD606D056067
:10348000D4E91601416002E06565A565E565E5637F
:10349000012084F8250084F82450002070BD00002D
:1034A00008040240F8FFFDBF0000024070B504466A
:1034B00090F82400002501280CD0012084F8240075
:1034C00094F825600020012E06D084F824000225FF
:1034D000284670BD022070BD022684F82560E06396
:1034E0002068066826F0010606602046FEF7CAFD41
:1034F000206B00282068016802D041F00E0106E030
:1035000021F0040101602068016841F00A010160B6
:10351000A06C0168C90303D5016841F480710160A2
:10352000606D18B1016841F4807101602068016824
:1035300041F001010160CBE72DE9F041040006D024
:10354000DFF8E88194F85C00002518B107E001205D
:10355000BDE8F08184F85D50204600F0EFF8206867
:10356000816921F01001816100F050FA06460327BD
:1035700005E000BF00F04AFA801B0A2811D8206835
:1035800080690007F6D42068816941F001018161FA
:1035900000F03CFA06460BE000F038FA801B0A28DF
:1035A00006D9206E40F00100206684F85C70CEE7FA
:1035B00020688069C007EFD02068816941F002016E
:1035C00081612168414502D1594960680860207CC9
:1035D00001282068816937D041F040018161607C19
:1035E00001282068816932D021F480418161A07C6A
:1035F0000128206881692DD041F4805181612068C3
:103600008169A26821F44071114381612068816958
:1036100021F0A40181612068016921F0100101619C
:10362000E068012819D010B302281BD020688169F6
:1036300041F0800181612068016941F01001016160
:10364000E06803280ED012E021F04001C6E741F403
:103650008041CBE721F48051D0E72068816941F0B7
:10366000040103E02068816941F020018161207E2E
:10367000E26940066FF0FF0101EB0222A0F1007049
:103680001043226AA38A521E10430A0202EB03432C
:1036900018432368D861A068B0F5407F10D1D4E901
:1036A0000A0301EB0321401E0843216B131303EBB4
:1036B00001110843A18C02EB014108432168C86055
:1036C000206850F8C01FE26B114301601948206464
:1036D000216851F8802FA38E22F4F81242EA0342A7
:1036E0000A60144970316164216851F8802F94F8A0
:1036F000383022F0706242EA03620A600D49B0314C
:10370000A1640D49E1640C49D83121650A49F031C1
:10371000616500F5547120C08842FCD3A56525661B
:10372000012084F85C00002012E7000000640040E3
:103730000065004000A4004088A5004010B598B086
:103740000446142111A8FCF75AFF44216846FCF7EF
:1037500056FF17492068884228D180140090400302
:103760000C90684600F050FA08B1FEF7ABFC114827
:10377000816D41F000718165816D01F000711691DC
:10378000C16C41F00101C164C06C11A900F00100DD
:1037900016904FF4C0501190022012900020139008
:1037A000149009201590C00600F006F818B010BD5E
:1037B00000640040001002402DE9F04FDFF8209235
:1037C000002301260324A9F1040B85B00F2709F17A
:1037D000040AABF1040EFAE006FA03F52A407CD0A5
:1037E00091F804C00CF0030CBCF1010F02D0BCF145
:1037F000020F26D1D0F808C0CDF800C04FEA430C24
:1038000004FA0CF8CDF810C0DDF800C02CEA080C62
:10381000CDF800C0D1F80C80DDF810C008FA0CF823
:10382000DDF800C048EA0C08C0F80880D0F804C0F1
:103830002CEA050C0D79C5F300159D4045EA0C05F1
:1038400045600D79ED43AD070ED0C5684FEA4308DA
:1038500004FA08FC25EA0C05D1F808C00CFA08FCAB
:103860004CEA050CC0F80CC00D7905F00305022DDB
:1038700016D1DD0800EB850CCDF808C0DCF82080FF
:103880005D074FEAD56C07FA0CF528EA05080D69C3
:1038900005FA0CF5DDF808C045EA0805CCF820501B
:1038A00005684FEA430CCDF808C004FA0CFC25EA81
:1038B0000C0591F804C00CF00308DDF808C008FA04
:1038C0000CF848EA0508C0F800804D6815F4403F40
:1038D0007CD0444DD5F860C000E077E04CF0010C9E
:1038E000C5F860C02D6E23F0030C05F001050095AE
:1038F0003D4D65440295AD684FEA837C4FEA1C78E4
:1039000007FA08FC25EA0C05B0F1904F06D0DFF865
:10391000DCC0604505D14FF0010C20E04FF0000CF9
:103920001DE0DFF8CCC0604502D14FF0020C16E07C
:10393000DFF8C0C0604502D14FF0030C0FE0DFF8A4
:10394000B8C0604502D14FF0040C08E0DFF8ACC00D
:10395000604502D14FF0050C01E04FF0060C0CFA67
:1039600008FC4CEA050C029DC5F808C0D9F80050C7
:10397000CC46D1F8048095435FEAC82800D51543AA
:10398000CCF80050DAF80050D446D1F804809543C2
:103990005FEA882800D51543CCF80050DBF80050CA
:1039A000DC46D1F8048095435FEA883800D515439A
:1039B000CCF80050DEF80050F446D1F8048095436E
:1039C0005FEAC83800D51543CCF800505B1C0A6884
:1039D00032FA03F57FF400AF05B0BDE8F08F0000C8
:1039E00008040140001002400000014000040048AB
:1039F00000080048000C004800100048001400486F
:103A00000AB1816170478162704700000148806897
:103A10007047000004000020024881684268114499
:103A2000816070470400002010B50024032000F0DE
:103A300073F80F2000F008F808B1012401E000F04D
:103A400025F8204610BD000070B50E4E0546002436
:103A5000706898B14FF47A71B1FBF0F00A490968C7
:103A6000B1FBF0F000F066FD40B9102D06D2002247
:103A70002946501E00F030F8356000E00124204651
:103A800070BD000004000020100000200A4882B031
:103A9000016E41F001010166016E01F0010100912A
:103AA000816D41F080518165806D00F08050009003
:103AB00002B000F0A1B8000000100240002809DBAD
:103AC00000F01F02012191404009800000F1E02038
:103AD000C0F8001170470000F0B40E4B1B680C4694
:103AE000C3F30223C3F10705042D00D90425191DD2
:103AF000072901D2002300E0DB1E012606FA05F1AA
:103B0000491E214099409E40761E16403143F0BC2C
:103B100002F054BF0CED00E0064900F0070208680F
:103B20004FF6FF03184040EA0220034A10430860A2
:103B3000704700000CED00E00000FA052B492C4B0B
:103B40000A6832214A432B4940B1B0F5007F08682A
:103B500029D020F4C06040F480602CE00868C0F3F5
:103B60004120022804D051F8800F20F4807022E018
:103B7000D1F8800020F48070C1F88000086820F43B
:103B8000C06040F400700860B2FBF3F0401C00E03D
:103B9000401E4A69520501D50028F9D148694005FF
:103BA0000AD503207047C0F34120022806D051F8FF
:103BB000800F40F48070086000207047D1F88000CA
:103BC00040F48070C1F88000086820F4C06040F4C0
:103BD00000700860B2FBF3F0401C00E0401E4A6930
:103BE0005205DBD50028F9D1D8E7000010000020ED
:103BF00040420F00007000400248816841F480415B
:103C000081607047007000402DE9F8430446006869
:103C100000269D4D00035ED5A86D0027C00008D486
:103C2000A86D40F08050A865A86D012700F0805075
:103C30000090DFF85892D9F8001041F48071C9F86B
:103C40000010FFF7E3FE804606E000BFFFF7DEFE50
:103C5000A0EB080002282BD8D9F80000C005F5D544
:103C6000D5F8900010F4407014D0216C814211D02E
:103C7000D5F89000D5F8901020F4407041F48031D0
:103C8000C5F89010D5F8901021F48031C5F8901047
:103C9000C5F89000C00711D0FFF7B8FE804641F28A
:103CA000883907E0FFF7B2FEA0EB0801494501D9CA
:103CB00003260BE0D5F890008007F3D5D5F89000E7
:103CC000216C20F440700843C5F890001FB1A86D26
:103CD00020F08050A8652078C00707D0D5F888006C
:103CE000616820F003000843C5F888002078800749
:103CF00007D5D5F88800A16820F00C000843C5F866
:103D000088002078400707D5D5F88800E16820F0C2
:103D100030000843C5F888002078000707D5D5F89B
:103D20008800216920F0C0000843C5F88800207889
:103D3000800607D5D5F88800616920F44060084303
:103D4000C5F888002078400607D5D5F88800A16915
:103D500020F440500843C5F888002078000607D5B5
:103D6000D5F88800E16920F440400843C5F8880090
:103D70002088C00507D5D5F88800216A20F4403096
:103D80000843C5F888002088800507D5D5F8880045
:103D9000616A20F440200843C5F888002088400567
:103DA0000FD5D5F88800A16A20F440100843C5F863
:103DB0008800A06AB0F5801F03D1E86840F4801045
:103DC000E860208800050FD5D5F88800E16A20F466
:103DD00040000843C5F88800E06AB0F5800F03D1C1
:103DE000E86840F48010E8602088C0040FD5D5F85A
:103DF0008800216B20F040700843C5F88800206BD4
:103E0000B0F1807F03D1E86840F48010E86020883A
:103E10004FF0006180040ED5D5F88800626B20F069
:103E200040601043C5F88800606B884203D1E868A1
:103E300040F48010E860208840040ED5D5F8880052
:103E4000A26B20F040601043C5F88800A06B884248
:103E500003D1E86840F48010E860208800040FD5A2
:103E6000D5F88800E16B20F040500843C5F8880081
:103E7000E06BB0F1805F03D1E86840F48030E86027
:103E80003046BDE8F883000000100240007000409A
:103E90002DE9F0470E4605004FF0000725D0DFF86A
:103EA000AC81D8F8000000F00F00B0420CD2D8F876
:103EB000001021F00F013143C8F80010D8F80000BD
:103EC00000F00F00B04210D12968614CC80741F2E0
:103ED000883A5AD06868DFF87C91032808D0022815
:103EE00020682DD0400500282CDB0120BDE8F0879C
:103EF00020688001F9D5E06800F00302E068C0F3B3
:103F00000310401C032A19D0534A00BFB2FBF0F043
:103F1000E268C2F306225043E268C2F34162521CD7
:103F20005200B0FBF2F0484517D9A06810F0F00F2E
:103F30000CD0880711D5A86840B10EE0474AE5E7E4
:103F40008003D0E700F0BCF8484506D9A06820F00F
:103F5000F00040F08000A0608027A068696820F031
:103F600003000843A060FFF751FD814606E000BF53
:103F7000FFF74CFDA0EB090151453AD8A0686968EC
:103F800000F00C00B0EB810FF2D12868810714D546
:103F9000400703D5A06840F4E060A06028780007DF
:103FA00005D5A06820F4605040F4E060A060A068EF
:103FB000A96820F0F000084304E0802F03D1A06836
:103FC00020F0F000A060D8F80010404601F00F018A
:103FD000B14216D9016821F00F0131430160FFF7AA
:103FE00015FD074607E000BFFFF710FDC11B514557
:103FF00001D903207AE7D8F8000000F00F00B042A2
:10400000F2D12878400705D5A068E96820F4E0607F
:104010000843A0602878000706D5A068296920F425
:10402000605040EAC100A06000F04AF8A1680C4A64
:10403000C1F30311515C01F01F01C8400949086038
:1040400009480068BDE8F047FFF7FEBC00200240C9
:104050000010024000B4C4040024F40000366E01D5
:1040600038B3000810000020040000200148006858
:104070007047000010000020054806490068896864
:10408000054AC1F30221515C01F01F01C84070478D
:10409000100000200010024048B3000805480649FF
:1040A00000688968054AC1F3C221515C01F01F0113
:1040B000C8407047100000200010024048B30008BC
:1040C000184910B58868C0F381021748012A0BD03F
:1040D0008A68164BC2F38102022A06D08A68C2F3AC
:1040E0008102032A03D0002010BD184610BDCA6803
:1040F00002F00304CA68C2F30312521C032C02D05C
:10410000B0FBF2F001E0B3FBF2F0CA68C968C2F399
:1041100006225043C1F34161491C4900B0FBF1F054
:1041200010BD0000001002400024F40000366E01B3
:104130002DE9F84304007AD02078F84DC00747D025
:10414000A868E96800F00C0001F003010C2802D017
:10415000082817D001E0032914D06068B0F5803F2B
:1041600017D0B0F5A02F286817D020F48030286031
:10417000286820F4802028606068E0B1FFF746FCE2
:10418000064614E02868800322D560680028D2D053
:104190001EE0286840F48030EDE740F4802028607D
:1041A000F7E700BFFFF732FC801B642870D828684F
:1041B0008003F7D50CE0FFF729FC064605E000BFB9
:1041C000FFF724FC801B6428F0D828688003F7D40C
:1041D000207880074CD5A868E96800F00C0001F051
:1041E00003010C2802D004280DD001E002290AD0D6
:1041F000E068002828682BD040F480702860FFF722
:1042000005FC064619E02868400502D5E06800284C
:1042100091D06868217C20F0FE4040EA016068602F
:10422000BF480068FFF710FC002800D120E072E1D1
:10423000FFF7ECFB801B0228B8D828684005F7D5AB
:104240006868217C20F0FE4040EA016068600FE071
:1042500020F480702860FFF7D9FB064605E000BF18
:10426000FFF7D4FB801B0228A0D828684005F7D4AC
:104270002078000729D560690028D5F8940013D06C
:1042800040F00100C5F89400FFF7C0FB064606E0C9
:1042900090E000BFFFF7BAFB801B022886D8D5F854
:1042A00094008007F6D510E020F00100C5F89400D6
:1042B000FFF7ACFB064604E0FFF7A8FB801B0228D3
:1042C00078D8D5F894008007F6D42078400761D5D7
:1042D000A86D0026C00008D4A86D40F08050A865E5
:1042E000A86D012600F0805000908E480168C90535
:1042F00011D40168804641F480710160FFF786FBAC
:10430000074604E0FFF782FBC01B022852D8D8F80A
:104310000000C005F6D5A068012815D00528D5F8FD
:10432000900016D020F00100C5F89000D5F890005C
:1043300020F00400C5F89000A06841F28838B8B1B8
:10434000FFF764FB07460EE0D5F8900040F001004F
:10435000F0E740F00400C5F89000F5E7FFF756FBE2
:10436000C11B414526D8D5F890008007F6D50CE052
:10437000FFF74CFB074604E0FFF748FBC11B414534
:1043800018D8D5F890008007F6D41EB1A86D20F09B
:104390008050A8652078800629D5A0690028D5F826
:1043A000980013D040F00100C5F89800FFF72EFBED
:1043B000064606E075E000BFFFF728FB801B0228D9
:1043C0006FD8D5F898008007F6D510E020F00100EE
:1043D000C5F89800FFF71AFB064604E0FFF716FB46
:1043E000801B02285DD8D5F898008007F6D4E069D4
:1043F000F0B3A968C1F3810103295DD002282868C0
:1044000020F08070286003D0FFF700FB04464BE0EB
:10441000FFF7FCFA064604E0FFF7F8FA801B0228D3
:104420003FD828688001F7D4F4E908016FF00F0243
:1044300002EB01110843218A5204490802EB415161
:10444000A26841EA02210843217D4FF07E424908DB
:1044500002EB41610843217B40EAC160E968324ACE
:1044600011400843E860286840F08070286000E050
:104470005EE0E86840F08070E860FFF7C7FA044645
:1044800005E000BFFFF7C2FA001B022809D8286820
:104490008001F7D54CE000BFFFF7B8FA001B0228F7
:1044A00002D90320BDE8F88328688001F4D4E868C5
:1044B0001E490840E8603BE00128F3D0E868226A22
:1044C00000F00301914226D1616A00F0F002090177
:1044D000103991421FD1A26A00F4FE41B1EB022FC4
:1044E00019D194F82C2000F07841B1EBC26F12D1B1
:1044F000218E00F4C00249084905A1F5001191423E
:1045000009D194F8341000F0C06049084906A1F1BF
:10451000007181420CD00120C4E70000001002406D
:1045200004000020007000400C809F01FCFFEEFEA4
:104530000020B7E710B5401EB0F1807F01D3012005
:1045400010BD4FF0E02460610F21601702F036FAD1
:104550000020A06107202061002010BD30B590F838
:104560003C20012A42D0012280F83C20CA688B6896
:1045700022F440721A434B6822F480621A430B689B
:1045800022F400621A430B6922F480521A434B69E9
:1045900022F400521A430B6B22F480421A430B8B15
:1045A00022F4702242EA0342CB6922F080521A437D
:1045B0000F4D03680024AB4202D00E4DAB4210D128
:1045C0000D8D22F4700242EA05520D6A22F08072CB
:1045D0002A434D6A22F000722A43C96A22F000522F
:1045E0000A435A6480F83C40002030BD022030BDB0
:1045F000002C01400034014070B5054690F83C00A5
:104600000C4601281CD0012085F83C00D4E900218B
:10461000A368286801F058FCD4E904010143286824
:10462000826D237B22F0E602012B0BD000231A437C
:10463000114341F001018165002085F83C0070BD07
:10464000022070BD2023F2E7F0B590F83C20012A4B
:104650003AD0012580F83C50022280F83D200368C2
:104660005A689C68194E1A4FB34201D0BB4204D11C
:1046700022F4700C4A6842EA0C02DFF858C002EAE1
:104680000C02D1F800C04CEA020CC3F804C0026866
:10469000B2420DD0B2F1804F0AD00F4B9A4207D0F0
:1046A0000E4B9A4204D0BA4202D00D4B9A4204D12A
:1046B000896824F080031943916080F83D500021FF
:1046C00080F83C100846F0BD0220F0BD002C0140EF
:1046D000003401408FFFFFFD00040040000800404F
:1046E0000040014010B50446022249B104290ED011
:1046F000082913D094F84700012816D0012010BDD6
:1047000094F844000128F9D184F844200FE094F88B
:1047100045000128F2D184F8452008E094F84600CD
:104720000128EBD184F8462001E084F847200422D8
:10473000206801F0BCFB2068416C41F400414164F9
:104740001049206888420ED0B0F1804F0BD00E493E
:10475000884208D00D49884205D00D49884202D0D0
:104760000C49884207D181680B4A1140062906D0BE
:10477000B1F5803F03D0016841F0010101600020E4
:1047800010BD0000002C0140000400400008004063
:1047900000340140004001400700010010B5040052
:1047A00003D094F83D0010B107E0012010BD0020B7
:1047B00084F83C00204600F023F8022084F83D00F5
:1047C000211D206801F008FB012084F8480084F8CE
:1047D0003E0084F83F0084F8400084F8410084F8EB
:1047E000420084F8430084F8440084F8450084F8CB
:1047F000460084F8470084F83D00002010BD00000A
:1048000008B50C4A01680C48914207D1016E41F489
:1048100000610166006E00F4006009E0074A914201
:1048200007D1016E41F400510166006E00F40050A2
:10483000009008BD002C01400010024000340140EF
:1048400070B5044690F83C000025012814D00126DC
:1048500084F83C60022084F83D0022689068364B62
:10486000184020F47F409060086870282ED010DC3B
:1048700010F00F0F03D021E04FF0020070BD4FEA9F
:104880002012072A1AD2DFE802F0525252524A3856
:1048900040002A4BC21A984249D009DCB0F5805F2B
:1048A0000DD0B0F5005F1CD0B0F1101F06D13EE076
:1048B000102A3CD0202A3AD0502A38D0012584F83A
:1048C0003D60002084F83C00284670BDCB68D1E9EB
:1048D0000121206801F0F8FA2068816841F0770131
:1048E00009E0CB68D1E90121206801F0EDFA2068E8
:1048F000816841F480418160E1E7CA6849682068C5
:1049000001F08CFC5021206806E0CA6849682068E4
:1049100001F095FC6021206801F0E0FACFE7CA6859
:104920004968206801F07AFC40212068F4E7226899
:1049300001461046F0E7000088FFCEFF200010007F
:104940002DE9F0410D46040003D094F83D0018B164
:1049500008E00120BDE8F081002084F83C002046FA
:1049600000F042F8022084F83D00206881681D4A6A
:1049700011408160211D206801F02EFA22689068A4
:104980009169166A2B68AF69034340F20330814393
:1049900041EA0721A868EF6908434FF6FC418843C4
:1049A000E96840EA0720014328692F6A000140EACC
:1049B0000730084369686D6926F0AA0646EA0515BE
:1049C000294393602268906154F8480B01620120EA
:1049D00004F81F096075A075E07620772075002027
:1049E000B8E70000F8BFFEFF70B586B0044614219A
:1049F0006846FBF704FE244A206800252349022468
:104A0000234E904222D1886D40F002008865886D67
:104A100000F002000590C86C40F00800C864C86C43
:104A200000F008000590C86C40F00200C864C86C33
:104A3000694600F00200059004208DE83100CDE9C0
:104A400003541448FEF7B8FE302013E0124A904297
:104A500018D1886D40F004008865886D00F004006E
:104A60000590C86C40F00200C864C86C00F00200F9
:104A70000590C8208DE83100CDE9035469463046E1
:104A8000FEF79AFE06B070BD000400400010024020
:104A900000040048000C00480008004070B590F881
:104AA0003E60044690F83F5090F8443090F845201E
:104AB000022021B104290ED0012E1BD114E0012EB9
:104AC00018D1012B16D184F83E0084F8440001224D
:104AD0000021206820E0012D0CD1012A0AD184F8A0
:104AE0003F0084F8450014E0012D03D1012B01D1D2
:104AF000012A01D0012070BD84F83E0084F83F00F7
:104B000084F8440084F8450001220021206801F067
:104B1000C1F901220421206801F0BCF92068016874
:104B200041F001010160002070BD00002DE9F0415D
:104B300086B0044614216846FBF761FD294A2168C6
:104B40000024294802250426914232D1C16C41F04B
:104B50000201C164C16C01F002010591C16C41F018
:104B60000101C164C06C062700F0010005904FF4FC
:104B7000C0400090CDE90154DFF87080CDE90347D3
:104B800069464046FEF718FEA8030090CDE901549F
:104B9000CDE9034669464046FEF70EFE4FF4E0605D
:104BA0000090CDE90154CDE9034769464FF09040AC
:104BB00013E00F4A914212D1C16C41F00401C1646B
:104BC000C06C694600F0040005904FF4EE50009070
:104BD000CDE90154CDE903460648FEF7EDFD06B0E8
:104BE000BDE8F081002C01400010024000040048A4
:104BF000003401400008004870B5044690F83C00BD
:104C0000002501280BD0012084F83C000C2A1ED07E
:104C100007DC82B1042A12D0082A06D113E0022050
:104C200070BD102A17D0142A19D00125002084F84D
:104C30003C00284670BD206801F05AF9F6E720686C
:104C400001F0A4F9F2E7206801F0E8F9EEE7206846
:104C500001F02CFAEAE7206801F070FAE6E7206834
:104C600001F0A4FAE2E710B5040003D094F83D0087
:104C700010B107E0012010BD002084F83C00204660
:104C800000F022F8022084F83D00211D206801F088
:104C9000A3F8012084F8480084F83E0084F83F001F
:104CA00084F8400084F8410084F8420084F843000E
:104CB00084F8440084F8450084F8460084F84700EE
:104CC00084F83D00002010BD704770B5044690F890
:104CD0003C0000260D4601280BD0012084F83C0042
:104CE0000C2A4AD007DC82B1042A20D0082A06D137
:104CF00031E0022070BD102A53D0142A63D001265F
:104D0000002084F83C00304670BD206801F0F0F8C7
:104D10002068816941F0080181612068816921F082
:104D200004018161206881692A69114311E02068CA
:104D300001F02CF92068816941F4006181612068EB
:104D4000816921F480618161206881692A6941EA71
:104D500002218161D4E7206801F060F92068C1690F
:104D600041F00801C1612068C16921F00401C161FD
:104D70002068C1692A69114311E0206801F096F9A1
:104D80002068C16941F40061C1612068C16921F4F2
:104D90008061C1612068C1692A6941EA0221C1615B
:104DA000AEE7206801F0CAF92068016D41F0080102
:104DB00001652068016D21F0040101652068016D25
:104DC0002A69114311E0206801F0F0F92068016DB3
:104DD00041F4006101652068016D21F48061016585
:104DE0002068016D2A6941EA0221016588E710B552
:104DF000040003D094F83D0010B107E0012010BD7D
:104E0000002084F83C00204600F022F8022084F8BC
:104E10003D00211D206800F0DFFF012084F84800DC
:104E200084F83E0084F83F0084F8400084F8410094
:104E300084F8420084F8430084F8440084F8450074
:104E400084F8460084F8470084F83D00002010BD37
:104E50007047000030B50446022269B1042912D01F
:104E6000082917D00C291CD0102921D094F8430010
:104E7000012824D0012030BD94F83E000128F9D14A
:104E800084F83E201DE094F83F000128F2D184F818
:104E90003F2016E094F840000128EBD184F8402030
:104EA0000FE094F841000128E4D184F8412008E0A3
:104EB00094F842000128DDD184F8422001E084F812
:104EC00043200122206800F0E5FF194B20681949B2
:104ED000194A984209D0884207D0904205D0174D10
:104EE000A84202D0164DA84203D1456C45F40045B6
:104EF0004564206898420CD0B0F1804F09D0114B26
:104F0000984206D0104B984203D0884201D090427C
:104F100007D181680D4A1140062906D0B1F5803FBE
:104F200003D0016841F001010160002030BD0000A4
:104F3000002C014000340140004001400044014089
:104F40000048014000040040000800400700010044
:104F500090F88410012918D0012180F884102421B0
:104F6000C0F8881001680A680B6823F001030B6021
:104F700022F0005100224266036819602021C0F827
:104F8000881080F884201046704702207047006F18
:104F9000704710B50446D0F88C00202801D00220BC
:104FA00010BD61B15AB10120E066002020672046A3
:104FB00001F034FC0028F3D1E16E012901D0012079
:104FC00010BD226810211162226852E8001F41F0D2
:104FD000100142E80013002BF6D110BD70B50C464D
:104FE0000E49884219D1FFF7D2FF0D4D0646288899
:104FF000844207D9211A8AB20A4901440A4804F0B6
:10500000BDFE2C80012E08D000202880BDE8704015
:10501000202204490148FFF7BCBF70BD48030020AF
:10502000180000203C060020700F0020704770B56B
:10503000044690F8840001281DD0012084F88400E3
:105040002420C4F8880020680568026822F0010264
:1050500002602068826822F060620A438260204613
:1050600001F000F9206805602020C4F888000020C5
:1050700084F8840070BD022070BD70B5044690F8BD
:10508000840001281DD0012084F884002420C4F865
:10509000880020680568026822F00102026020682A
:1050A000826822F060420A438260204601F0DAF80A
:1050B000206805602020C4F88800002084F884005F
:1050C00070BD022070BD7047704770472DE9F041F8
:1050D00003680446D86919689A6840F60F052842A3
:1050E0004FF000054FF002060AD187067ED501F089
:1050F000200702F0805C57EA0C0777D0616F42E12D
:10510000B64FDFF8DCC2174001EA0C0C57EA0C0C72
:105110006CD05FEAC07C0CD05FEAC15C09D54FF06F
:10512000010CC3F820C0D4F8903043F00103C4F858
:105130009030830709D5D30707D023681E62D4F8BF
:10514000903043F00403C4F8903043070AD5D307E6
:1051500008D0266804233362D4F8903043F0020369
:10516000C4F8903003070CD501F020033B4308D06E
:10517000266808233362D4F8903043F00803C4F85B
:10518000903003050BD54B0109D526684FF4006319
:105190003362D4F8903043F02003C4F89030D4F850
:1051A0009030002B3DD0800609D501F0200002F0A0
:1051B0008051084303D0616F09B120468847D4F875
:1051C000900021688968490602D410F0280F2AD07F
:1051D000204601F0A7F92068806840061ED52068A7
:1051E000083050E8001F21F0400100E021E040E8D5
:1051F0000012002AF3D1D4F8800078B17949816394
:10520000D4F88000FEF759F800280AD0D4F88000BE
:10521000816B00E02046BDE8F04108472046FFF7DB
:1052200054FFBDE8F0812046FFF74FFFC4F89050CF
:10523000F7E7D4F86CC02027BCF1010F7ED15FEAFC
:10524000C06C7BD55FEAC16C78D5102018622068ED
:105250008068400651D5D4F880100A685068000470
:10526000000C3ED0B4F85C3083423AD9A4F85E001A
:105270000868006880062CD4216851E8000F20F4EB
:10528000807041E80002002AF6D12068083050E81A
:10529000001F21F0010140E80012002AF5D120682A
:1052A000083050E8001F21F0400140E80012002AB9
:1052B000F5D1C4F88C70E566216851E8000F20F044
:1052C000100041E80002002AF6D1D4F88000FDF772
:1052D000BFFF2667B4F85C00B4F85E10401A81B2D4
:1052E00007E0B4F85C1081429BD11068800698D525
:1052F00026672046FFF772FE93E7B4F85C00B4F827
:105300005E10401A81B2B4F85E00002889D00029EE
:1053100087D0226852E8000F20F4907042E8000322
:10532000002BF6D12D4BDB432068083050E8002FCE
:105330001A4040E8002CBCF1000F00E00EE0F3D171
:10534000C4F88C70E5666567206850E8002F22F08D
:10535000100240E80023002BF6D1C9E7C60209D5A8
:10536000560207D54FF4801018622046BDE8F04180
:10537000FFF7AABE03060AD501F0800302F400027B
:10538000134304D0A16F00297FF444AF49E74206DC
:1053900011D54A060FD52046016851E8002F22F0AA
:1053A000400241E80023002BF6D1C0F888708567E1
:1053B00000F007F935E7020206D54A0004D5204679
:1053C000BDE8F041FFF77FBEC00195D5002993DA13
:1053D0002046BDE8F041FFF729BE000001000010A3
:1053E000200100041D64000810B5040003D0D4F8A7
:1053F000880010B107E0012010BD002084F884006F
:10540000204600F027F82420C4F8880020680168AE
:1054100021F001010160A06A10B1204600F044FFB4
:10542000204601F0C1F80128E6D02068416821F447
:10543000904141602068816821F02A0181602068E4
:10544000016841F0010101602046BDE8104000F014
:105450008FBF000070B598B00646142111A8FBF765
:10546000CEF844216846FBF7CAF8254930688842DF
:1054700043D102240025684602950094FEF7C4FB40
:1054800008B1FCF71FFE1F49886D40F400308865A5
:10549000886D00F400301690C86C40F00100C864BC
:1054A000C86C11A900F0010016900C2081E83100B1
:1054B0000720CDE914504FF09040FEF77DF9134CD2
:1054C000114820601A20C4E901058020C4E9035076
:1054D0006561A561E56120462562FDF787FF08B19A
:1054E000FCF7F0FDC6F88040002211462620A66297
:1054F000FEF7F2FA2620FEF7E1FA18B070BD0000C0
:1055000000440040001002401C0002403C04002007
:10551000704770472DE9F8430446D0F88800984654
:1055200016460D46202802D00220BDE8F883A5B11A
:105530009EB10020C4F890002120C4F888001834DF
:10554000FEF764FAA6878146E68754F8100C2027F8
:10555000183CB0F5805F02D003E00120E5E7206948
:1055600010B12E46002510E000260EE080212046D6
:1055700001F0A8F9C0B9DEB116F8010B2168886204
:10558000B4F85600401EA4F85600B4F856004B4636
:105590004FF00002CDF800800028E7D14FF0400125
:1055A000204601F08FF940B1C4F888700320BCE7B1
:1055B00035F8020BC0F30800E0E7C4F8887000205B
:1055C000B3E77047FEE700EB8100006E00F0F840A3
:1055D000704700EB8100006E00F0F8407047806873
:1055E000C0F3C00070478068C0F3C0007047806897
:1055F000C0F3800070478068C0F3800070470423C8
:1056000003EAD15310B518444369C1F30451072488
:105610008C40A3438A401343436110BD042303EA33
:10562000D15310B518444369C1F3045107248C4089
:10563000A3438A401343436110BD00EB8100016E18
:1056400021F0004111430166704700EB8100016EBB
:1056500021F0004111430166704700002DE9F0413F
:105660009AB000241794189420210FA81994FAF7DF
:10567000C6FF3C216846FAF7C2FF3D484FF0A04103
:10568000042501604FF44031C0E9011485614FF0F9
:105690000108C460C0E9044804774477C0F820805A
:1056A00080F82440C462046380F83840C46380F802
:1056B0004040FDF7A7FA08B172B6FEE717A92C48DB
:1056C0001794FDF721F808B172B6FEE7294E10A92C
:1056D00006207F270F9681E89100CDE913540FA98A
:1056E0002348FDF77DF808B172B6FEE7CDE9045412
:1056F0000920CDE900600895CDE9028780208DF86A
:1057000024408DF825400A900B908DF826408DF8A6
:10571000304069461648FCF7D7FC08B172B6FEE780
:105720001548009040F20F10019069461048FCF7B0
:10573000CBFC08B172B6FEE71048009040F215208D
:10574000019069460A48FCF7BFFC08B172B6FEE753
:105750000B48009040F21B30019069460448FCF76A
:10576000B3FC002801D072B6FEE71AB0BDE8F081A4
:10577000C8000020400020198000501D0001802139
:105780000002B0252DE9F04198B020210FA8FAF7CA
:1057900036FF3C216846FAF732FF3B48394900247E
:1057A00001604FF44031C0E90114042585610126F0
:1057B000C460C0E9044604774477066280F8244058
:1057C000C462046380F83840C46380F84040FDF749
:1057D00019FA08B172B6FEE7DFF8B08010A906200A
:1057E0007F27CDF83C8081E89100CDE913540FA9C3
:1057F0002548FCF7F5FF08B172B6FEE7CDF800804A
:10580000CDE9045401A90920089581E8C100802050
:105810008DF824408DF825400A900B908DF8264095
:105820008DF8304069461848FCF74EFC08B172B656
:10583000FEE71748009040F20F10019069461248A9
:10584000FCF742FC08B172B6FEE71248009040F245
:105850001520019069460C48FCF736FC08B172B679
:10586000FEE70D48009040F21B3001906946064863
:10587000FCF72AFC002801D072B6FEE718B0BDE89C
:10588000F0810000000100503401002002003004CB
:10589000040060080800900C1000C010104810B5FB
:1058A0000E490160002141608160C1600174417452
:1058B00081741022426101228261C26102624262ED
:1058C0008262C262C0E90C218163C163FDF734FECC
:1058D000002801D072B6FEE710BD00000064004051
:1058E000B40100202DE9F04186B014216846FAF792
:1058F00086FE2B48C16C41F00401C164C16C01F00B
:1059000004010591C16C41F02001C164C16C01F03A
:1059100020010591C16C41F00101C164C16C01F02D
:1059200001010591C16C41F00201C164C16C01F03B
:1059300002010591C16C41F00801C164C06C4FF0D7
:10594000904700F008000590002220213846FEF71D
:1059500057F8DFF850804FF4007600223146404679
:10596000FEF74EF800243001CDE9000469460E48E8
:105970000294FDF721FF202000900125CDE901547C
:10598000694638460394FDF717FFCDE90065CDE978
:10599000025469464046FDF70FFF06B0BDE8F081AE
:1059A00000100240000400480008004810B59CB0F8
:1059B000002419941A9417941894149415941C2183
:1059C00068461694FAF71BFE342107A8FAF717FE6B
:1059D00037483649C0E900144FF6FF71C0E902416B
:1059E000046144618461FEF7D9FE08B172B6FEE736
:1059F0004FF48050179017A92D48FEF721FF08B1EA
:105A000072B6FEE72A48FFF7F2F908B172B6FEE770
:105A10001494159414A926481694FEF715FE08B19F
:105A200072B6FEE76020CDE900040294039404946A
:105A30000594002269461E480694FFF746F908B10E
:105A400072B6FEE7042269461948FFF73EF908B12D
:105A500072B6FEE7082269461548FFF736F908B125
:105A600072B6FEE70C2269461148FFF72EF908B11D
:105A700072B6FEE70794089409944FF400500A9414
:105A8000CDE90B400D9400030E94CDE90F40119425
:105A9000129407A906481394FEF760FD08B172B688
:105AA000FEE70348FFF742F81CB010BD002C014090
:105AB0001802002010B592B024216846FAF79FFD25
:105AC00000240F941094182109A81194FAF797FD57
:105AD0001B481A49C0E900144FF6FF71C0E90241A2
:105AE000046184610120CDE90004CDE9020404943D
:105AF000CDE905400794694611480894FEF720FF58
:105B000008B172B6FEE70F940FA90D481194FEF785
:105B10009BFD08B172B6FEE709940A940B948DF8C8
:105B200030400D9409A906480E94FEF765FD002843
:105B300001D072B6FEE712B010BD000000040040B4
:105B40006402002010B592B024216846FAF757FD90
:105B500000240F941094182109A81194FAF74FFD0E
:105B60001B481A49C0E900144FF6FF71C0E9024111
:105B7000046184610120CDE90004CDE902040494AC
:105B8000CDE905400794694611480894FEF7D8FE10
:105B900008B172B6FEE70F940FA90D481194FEF7F5
:105BA00053FD08B172B6FEE709940A940B948DF880
:105BB00030400D9409A906480E94FEF71DFD0028FB
:105BC00001D072B6FEE712B010BD00000008004020
:105BD000B002002030B59BB0002419941A94179499
:105BE0001894149415941C2168461694FAF707FD2E
:105BF000342107A8FAF703FD3C483B49C0E90014EB
:105C00004FF6FF71C0E90241046144618461FEF70F
:105C1000C5FD08B172B6FEE74FF48050179017A982
:105C20003248FEF70DFE08B172B6FEE72F48FFF7C7
:105C30001AF808B172B6FEE72C48FFF7D8F808B199
:105C400072B6FEE71494159414A928481694FEF72A
:105C5000FBFC08B172B6FEE7009401940294039431
:105C6000049405940022694620480694FEF7C4FF78
:105C700008B172B6FEE76025042269461B4800950C
:105C8000FFF723F808B172B6FEE708226946174805
:105C90000094FEF7B1FF08B172B6FEE70C22694628
:105CA00012480095FFF711F808B172B6FEE70794A5
:105CB000089409944FF400500A94CDE90B400D94D8
:105CC00000030E94CDE90F401194129407A90748E0
:105CD0001394FEF743FC08B172B6FEE70348FEF7E3
:105CE00025FF1BB030BD000000340140FC02002045
:105CF000174810B5154901604FF4E13141600021AA
:105D000081600C22C160C0E904128161C16101623D
:105D100041628162FFF768FB08B172B6FEE70021BD
:105D20000B48FFF7AAF908B172B6FEE70021084850
:105D3000FFF77DF908B172B6FEE70548FFF708F9ED
:105D4000002801D072B6FEE710BD000000440040FC
:105D500048030020FEE7FEE770477047FDF75CBE92
:105D600010B594B038216846FAF749FC14210EA802
:105D7000FAF745FC0020FDF7E1FE01200090000449
:105D8000032406210190CDE9084102205521CDE9E7
:105D90000A1007900C900D906846FEF7C9F908B1FB
:105DA00072B6FEE70F20CDE90E040020109011908E
:105DB000129004210EA8FEF76BF8002801D072B6ED
:105DC000FEE714B010BD00000248016841F4700104
:105DD0000160704788ED00E02DE9F0430268264B32
:105DE000264D274E274C4FF08049984207D0484512
:105DF00005D0A84203D0B04201D0A04203D122F086
:105E000070074A683A43204FDFF880C0DFF880808F
:105E100098420DD048450BD0A84209D0B04207D0D7
:105E2000A04205D0B84203D0604501D0404503D11F
:105E300022F44075CA682A434D6922F080022A4341
:105E400002608A68C2620A688262984207D0A042F1
:105E500005D0B84203D0604501D0404501D1096961
:105E60000163012141610169C90703D0016921F082
:105E700001010161BDE8F083002C014000040040F5
:105E8000000800400034014000400140004401404F
:105E90000048014010B501F01F030121046A994038
:105EA0008C430462016A9A401143016210BD10B52F
:105EB00001F00F030421046A99408C430462016AD3
:105EC0009A401143016210BD10B5846842EA032272
:105ED00024F47F440A432243826010BD8268034B4E
:105EE0001A400A4342F00701816070478FFFCFFFDD
:105EF0002DE9F043056A026A22F00102026243685A
:105F000082691C4C25F0020522400C6822F0030235
:105F100014438A68194E2A43174D194FDFF864C09D
:105F2000DFF86490A84207D0B04205D0B84203D051
:105F3000604501D0484506D122F00808CA6842EA07
:105F4000080222F00402A84207D0B04205D0B842AD
:105F500003D0604501D0484505D14D6923F4407315
:105F60001D438B692B43436084614968416302622E
:105F7000BDE8F0838FFFFEFF002C0140003401409C
:105F8000004001400044014000480140F0B5056A6E
:105F9000026A22F01002026242688369194C1B4EA9
:105FA00023400C6823F4407343EA042425F02003C3
:105FB0008D6843EA0513144DA84201D0B04206D1C2
:105FC000CF6823F0800343EA071323F04003A8427D
:105FD0000AD0B04208D00E4DA84205D00D4DA842BF
:105FE00002D00D4DA84207D14D6922F4406242EA29
:105FF00085028D6942EA8502426084614968816355
:106000000362F0BDFF8FFFFE002C01400034014011
:10601000004001400044014000480140F0B5056ADD
:10602000026A22F4807202624368C269194C1B4EF4
:1060300022400C6822F00302144325F400728D689C
:1060400042EA0522144DA84201D0B04206D1CF68E1
:1060500022F4006242EA072222F48062A8420AD0B7
:10606000B04208D00E4DA84205D00E4DA84202D035
:106070000D4DA84207D14D6923F4405343EA05135F
:106080008D6943EA05134360C4614968C1630262D4
:10609000F0BD00008FFFFEFF002C014000340140E6
:1060A000004001400044014000480140F0B5056A4D
:1060B000026A22F4805202624268C369194C1B4E84
:1060C00023400C6823F4407343EA042425F400536E
:1060D0008D6843EA0533144DA84201D0B04206D181
:1060E000CF6823F4004343EA073323F48043A842F4
:1060F0000AD0B04208D00E4DA84205D00D4DA8429E
:1061000002D00D4DA84207D14D6922F4404242EA27
:1061100085128D6942EA85124260C4614968016452
:106120000362F0BDFF8FFFFE002C014000340140F0
:1061300000400140004401400048014030B5056A7C
:10614000026A22F4803202624268036D114C2340DD
:106150000C681C4325F400330D8943EA05430E4DBA
:10616000A8420BD00D4DA84208D00D4DA84205D035
:106170000C4DA84202D00C4DA84204D14D6922F426
:10618000803242EA05224260046549688164036204
:1061900030BD00008FFFFEFF002C014000340140A5
:1061A00000400140004401400048014030B5046A0D
:1061B000026A22F4801202624268036D114D24F4D7
:1061C00000142B400D6843EA05230D8944EA055469
:1061D0000D4DA8420BD00D4DA84208D00C4DA84241
:1061E00005D00C4DA84202D00B4DA84204D14D69F8
:1061F00022F4802242EA8522426003654968C16434
:10620000046230BDFF8FFFFE002C014000340140CE
:1062100000400140004401400048014010B5036ABD
:10622000046A24F001040462846924F0F00444EA5E
:10623000021423F00A020A438461026210BD10B501
:10624000036A046A24F010040462846923F0A00342
:1062500024F4704444EA023243EA0111826101628B
:1062600010BD000030B5416EB9B102689168926806
:10627000C1F342610B4B520F9C5CE50003F1080433
:10628000A25CB5FBF2F2A0F86A205A5C615CD20015
:10629000B2FBF1F1A0F8681030BD0121A0F86A103E
:1062A000F8E7000028B3000890F82810090706D581
:1062B00001684A68836B22F400421A434A6090F8EE
:1062C0002810C90706D001684A68C36A22F4003260
:1062D0001A434A6090F82810890706D501684A6871
:1062E000036B22F480321A434A6090F82810490761
:1062F00006D501684A68436B22F480221A434A603B
:1063000090F82810C90606D501688A68C36B22F484
:1063100080521A438A6090F82810890606D50168D1
:106320008A68036C22F400521A438A6090F828109D
:10633000490611D501684A68436C22F480121A4359
:106340004A60416CB1F5801F06D101684A68836CD0
:1063500022F4C0021A434A6090F82810090606D5B4
:1063600001684A68C06C22F4002202434A60704708
:106370002DE9F84300260446C0F89060FDF746FB7F
:106380008046206800684FF0200500076FF07E47C8
:1063900013D54346002229042046009700F092FAC4
:1063A00058B1216851E8000F20F0800041E8000258
:1063B000002AF6D1C4F8885021E020680068400720
:1063C00022D5434600224FF480012046009700F07A
:1063D00079FAC8B1216851E8000F20F4907041E8C3
:1063E0000002002AF6D12068083050E8001F21F092
:1063F000010140E80012002AF5D1C4F88C5084F85D
:1064000084600320BDE8F883C4F88850C4F88C5039
:1064100044F86C6F666026760020F3E710B5806A5A
:106420000021A0F85E10FEF750FE10BD70B5846A22
:10643000D4F88800D4F88C50216889684FF00006A1
:10644000090606D5212804D1A4F85660204600F09C
:1064500093F820688068400606D5222D04D1A4F860
:106460005E60204600F05EF8D4F8900040F0100026
:10647000C4F890002046FEF728FE70BD10B5014616
:10648000806A096809684FF0000289062DD4A0F8D7
:106490005E20036853E8001F21F4807143E8001474
:1064A000002CF6D10168083151E8003F23F00103C8
:1064B00041E80034002CF5D10168083151E8003F73
:1064C00023F0400341E80034002CF5D12021C0F82E
:1064D0008C10C16E012908D1016851E8003F23F0FA
:1064E000100341E80034002CF6D10267C16E012987
:1064F00002D0FFF70DF810BDB0F85C10FEF76EFD8E
:1065000010BD10B5806A01210167C16E012902D05A
:10651000FEF7FFFF10BDB0F85C104908FEF75EFD06
:1065200010BD000010B5026852E8001F21F4907100
:1065300042E80013002BF6D10E4B0268083252E8F5
:10654000001F194042E80014002CF6D1C16E012949
:1065500008D1016851E8002F22F0100241E8002321
:10656000002BF6D12021C0F88C100021C1664167B4
:1065700010BD0000FEFFFFEF026852E8001F21F08F
:10658000C00142E80013002BF6D10168083151E840
:10659000002F22F4000241E80023002BF5D1202136
:1065A000C0F88810704700002DE9F04104460168EA
:1065B00080682269E3691043626900251A43104329
:1065C000DFF82CC20A688B4B1A4002430A6020682D
:1065D0004168E26821F44051114341602168A0699B
:1065E000614501D0226A10438A68834B1A400243F6
:1065F0008A602068C16A626A21F00F011143C1629A
:106600007E4923687E488B420DD1D0F8880010F077
:10661000030006D0012855D0022842D003283FD1DC
:1066200052E001203DE077498B420BD1D0F8880041
:1066300010F00C0035D0042833D0082840D00C28A6
:106640002ED141E070498B420BD1D0F8880010F078
:10665000300026D0102835D0202831D030281FD146
:1066600032E06A498B420BD1D0F8880010F0C000AC
:1066700017D0402826D0802822D0C02810D123E06F
:1066800063450DD1D0F8880010F4406009D0B0F512
:10669000806F17D0B0F5006F12D0B0F5406F13D0F7
:1066A00010205B495B4F00264FF4004263453BD10D
:1066B00060B1022813D004280BD0082872D10DE055
:1066C0000220EEE70420ECE70820EAE7FDF7D4FC1F
:1066D00001E0FDF7F5FC010001D17CE01146606AA4
:1066E00037F810206768B1FBF2F007EB47038342ED
:1066F00070D8B0EB073F6DD8002308461946F9F76C
:1067000031FE090241EA1061020278081018714155
:106710003A460023F9F726FE3F4AA0F54071914220
:1067200058D82168C86056E0E3694FF6EF78934285
:106730002CD109284ED2DFE800F00508114D0D4D8F
:106740004D4D1000FDF798FC01E0FDF7A7FC01009E
:1067500004D140E0FDF7B4FCF9E71146606A37F870
:106760001000B1FBF0F04100606801EB5001B1FB9B
:10677000F0F0A0F1100141452CD84FF6F071014026
:10678000C0F3420001432068C16024E0092821D2FF
:10679000DFE800F0050912200E2020201100FDF78F
:1067A0006BFC02E016E0FDF779FC010004D112E079
:1067B000FDF786FCF9E71146606A37F81000B1FB77
:1067C000F0F1606801EB5001B1FBF0F0A0F11001B5
:1067D00041450AD901250120A4F86A0024F8680F70
:1067E0002846E6602661BDE8F08180B299E70000A6
:1067F00000800040F369FFCFFFF4FF110038014033
:10680000001002400044004000480040004C00409E
:106810000024F40010B30008FFFC0F0070B5816580
:10682000A0F85C2000210446C0F890102220C4F893
:106830008C00D4F88000F0B11F4BC362D4F88030D4
:106840001E481863D4F880301D485863D4F880007F
:1068500013468163A56D21682A462431D4F880004F
:10686000FCF724FE38B11020C4F890002020C4F8B2
:106870008C00012070BD206940B1216851E8000FF3
:1068800040F4807041E80002002AF6D12068083008
:1068900050E8001F41F0010140E80012002AF5D144
:1068A0002068083050E8001F41F0400140E8001225
:1068B000002AF5D1002070BD7D6400080365000842
:1068C0002D6400082DE9F047994617460D46044609
:1068D0004FF00008089E33E0701C31D0FDF796F8A9
:1068E000A0EB0900B04218D8BEB120680168490782
:1068F00026D5802D24D0402D22D0C169C943090757
:106900000DD4082505622046FFF70CFEC4F8905010
:1069100084F884800120BDE8F0870320FBE7C0698C
:10692000C04300050CD421684FF400600862204683
:10693000FFF7F8FD2020C4F8900084F88480ECE78D
:106940002068C06935EA000004D00020B842C3D0F6
:106950000020E0E70120F9E70148FEF7B7BB00009F
:1069600048030020FEE703B401984100009850EA74
:10697000C12018BF04204A0D18BF40F0010040F2AA
:10698000FF72B2EB515F08BF40F00200012808BF60
:10699000052002B070474100080218BF04200A0E0B
:1069A00018BF40F001004FF07F4232EA010108BFFA
:1069B00040F00200012808BF052070470907090EB2
:1069C000002804DB00F1E02080F80014704700F09C
:1069D0000F0000F1E02080F8141D704710EE100A3F
:1069E00010B510EE901A4FF0684202EB40032DED07
:1069F000028BB3F1654F3CBF02EB4102B2F1654F30
:106A00007CD200BFC0F3C753C1F3C7529A1A1B2AE6
:106A100009DD10F0004F14BF9FED6E0A9FED6E0A66
:106A2000BDEC028B10BD12F11A0F1BDA11F0004FF2
:106A300009D010F0004F0CBF9FED680A9FED680A67
:106A4000BDEC028B10BD80EE208A18EE100AFFF715
:106A5000A2FF042808BF00F067FBB0EE480ABDECB7
:106A6000028B10BD4200B2EB410F37D910F0004F3E
:106A700019BFDFED5C1A9FED5C1ADFED5C1A9FED2C
:106A80005C1AB0EE602A0A46F1EE400A80F000413E
:106A9000B0EE420A10460A1A5200B2F1807F34D298
:106AA000484010F0004FDFED532A9FED533A1DBFD1
:106AB000BEEE002A71EEE21A31EE431AB6EE002A5B
:106AC00004BF71EEA21A31EE031AF0EE402A42EE34
:106AD000602A40EE020A82EEA02A18E011F0004F70
:106AE00004BF9FED461AF0EE411AD4D010F0004FCB
:106AF0001CBFDFED431A9FED431A00E026E004BF00
:106B0000DFED411A9FED411AC5E780EE202A22EE03
:106B1000020ADFED3F0ADFED3F2ABDEC028B40EEBB
:106B2000202ADFED3D0A40EE220ADFED3C2A40EE4E
:106B3000202ADFED3B0A40EE220A22EE000A00EE98
:106B4000201A31EE020A30EE210A10BD4FF07F42CA
:106B5000B2EB400F28BFB2EB410F05D2BDEC028B68
:106B6000BDE8104000F0D5BA40EA01035B0008BF61
:106B700041F0FF410BD0B2EB400F08BFB2EB410F29
:106B800008D120F0804000EE100A21F0804100EE94
:106B9000901A37E7B2EB400F12BF5FEA410240F0B4
:106BA000FF4001F000413FF42DAF4A0092EA40035C
:106BB0003FF528AF002AACBF9FED1A1A9FED1A1AB5
:106BC00020EE010A60EE810A10EE100A10EE901A13
:106BD00018E70000DB0FC9BFDB0FC93FDB0F4940DF
:106BE000DB0F49C00000C9BF22AAFDB90000C93FA0
:106BF00022AAFD390060ED3EC30ACE370000000036
:106C0000000049C022AA7DBA0000494022AA7D3A6C
:106C10002DAD65BD8FB8D53D0FB511BE61C84C3ED9
:106C2000A8AAAABE0000804F0000802F10EE101A04
:106C300008B5444A6846B2EB410F28D94FF0E64008
:106C4000B0EB410F94BF00204FF0FF300090009850
:106C5000002861DB60EE000A10F0010F45D010F053
:106C6000020FDFED391A9FED391A00EEE11ADFED60
:106C7000381A40EE811A21EEA01AF0EE400A40EEDA
:106C8000010A08BFF1EE600AB0EE600A08BD314BA0
:106C900021F0004293423CD911F0004FDFED2E0A63
:106CA00020EE201ADFED2D0A19BF31EE601A71EEC9
:106CB000200A31EE201A71EE600ABDEEE01A11EEE4
:106CC000100A9FED271A00F0030000EEC10A9FEDA5
:106CD000251A009000EEC10A9FED231A00EEC10AAA
:106CE0009FED221A00EEC10AB1E79FED211A9FED38
:106CF000210A10F0020F00EE810A9FED1F1A00EE2C
:106D0000801AB7EE000A00EE810A18BFB1EE400A01
:106D100008BD00F011FA9AE710EE100A4000B0F139
:106D20007F4F3CBFB7EE000A08BD07D14FF001000E
:106D3000F9F7DBFCBDE8084000F0EEB9BDE808401B
:106D400000F0E4B9B61F927E336D4C39DA82083C0C
:106D5000A0AA2ABE490E494683F9223F0000004BF3
:106D60000000C93F00A0FD390020A2331A61342C75
:106D7000B93AB2BACA9F2A3DDDFFFFBE10B52DED6C
:106D8000028BB0EE608AF0EE408A18EE101A18EE10
:106D9000900A04F045FA00F07040B0F1004F0CD0BA
:106DA00018EE100A20F00040C0F1FF40C00F02BFF3
:106DB000B0EE480ABDEC028B10BDB0EE680ABDEC27
:106DC000028B10BD00B510EE101A2DED028B81B0B4
:106DD000524A6846B2EB410F2ED94FF0E640B0EB75
:106DE000410F94BF00204FF0FF3000900098B0EEAC
:106DF000408A00286ADB10F0010F4BD068EE080AC9
:106E00009FED471A9FED470A00EE810A9FED461A53
:106E100010F0020F00EE801AB7EE000A00EE810AB1
:106E200002BF01B0BDEC028B00BD00BF01B0B1EEEE
:106E3000400ABDEC028B00BD3C4B21F00042934266
:106E400041D911F0004FDFED3A0A20EE201ADFEDB4
:106E5000390A19BF31EE601A71EE200A31EE201A9C
:106E600071EE600ABDEEE01A11EE100A9FED321AC3
:106E700000F0030000EEC10A9FED301A009000EE12
:106E8000C10A9FED2F1A00EEC10A9FED2E1A00EEE7
:106E9000C10AABE728EE080A9FED2B1ADFED2B0A9B
:106EA00010F0020F40EE410A9FED291A00EE201A61
:106EB00061EE000AB0EE480A08EE200AB6D101B031
:106EC000BDEC028B00BD00F037F98FE718EE100A19
:106ED0004000B0F17F4F0DD218EE100AFFF75BFDB6
:106EE000042808BF00F020F9B0EE480A01B0BDEC5C
:106EF000028B00BD09D10120F9F7F7FB01B0BDEC11
:106F0000028B5DF804EB00F007B901B0B0EE480A5F
:106F1000BDEC028B5DF804EB00F0F8B8B61F927E72
:106F2000B93AB2BACA9F2A3DDDFFFFBE490E4946B3
:106F300083F9223F0000004B0000C93F00A0FD394B
:106F40000020A2331A61342C336D4C39DA82083CAC
:106F5000A0AA2ABE10B52DED028BB1EEC08A18EEA4
:106F6000100A20F00040C0F1FF40C00F0AD010EE20
:106F7000100A20F00040C0F1FF40C00F04BF012004
:106F8000F9F7B3FBB0EE480ABDEC028B10BD000070
:106F900000B510EE101A2DED028B81B04D4A6846F7
:106FA000B2EB410F3CD94FF0E640B0EB410F94BF3C
:106FB00000204FF0FF3000900098B0EE408A00288B
:106FC0005FDB28EE080ADFED440A9FED441A00EE6D
:106FD000201ADFED430A40EE010A9FED421A00EE4F
:106FE000201ADFED410A10F0010F40EE010A9FED7B
:106FF0003F1A00EE201A61EE000AB0EE480A08EED1
:10700000200A02BF01B0BDEC028B00BDBFEE001A2A
:1070100001B0C1EE000ABDEC028BB0EE600A00BD0B
:10702000334B21F00042934228D911F0004FDFED9D
:10703000310A20EE201ADFED300A19BF31EE601A56
:1070400071EE200A31EE201A71EE600ABDEEE01AF0
:1070500011EE100A9FED291A00F0030000EEC10A9C
:107060009FED271A009000EEC10A9FED261A00EE50
:10707000C10A9FED251A00EEC10A9DE700F05CF8F9
:107080009AE718EE100A4000B0F17F4F0DD218EECB
:10709000100AFFF780FC042808BF00F045F8B0EEA6
:1070A000480A01B0BDEC028B00BD09D10120F9F7FF
:1070B0001CFB01B0BDEC028B5DF804EB00F02CB8BA
:1070C00001B0B0EE480ABDEC028B5DF804EB00F0B5
:1070D0001DB80000B61F927EBBE9223C0C6D063B3A
:1070E0008A76CE3CACB5593D35A1083E29AAAA3EC8
:1070F000490E494683F9223F0000004B0000C93F7A
:1071000000A0FD390020A2331A61342C30EE000AB1
:10711000704730EE200A7047DFED020A80EEA00AC9
:1071200070470000000000009FED020A20EE000AF8
:1071300070470000000000102DE9F0014FF07F4281
:10714000B2EB410F9FBF4FF0FF310160BDE8F0018E
:1071500070474FF0004242EA0123C1F3C752783A28
:10716000551112F01F0C434CCCF120067C44C1F3A6
:10717000C752A2F178024FEA621204EB820254F87D
:10718000254008BFD2E9015612D0556804FA0CF424
:1071900025FA06F73C43976805FA0CF527FA06F836
:1071A000D26807FA0CFCF24045EA08054CEA0206F0
:1071B000A4FB034CA5FB0352A6FB03631D449D42A5
:1071C00034BF012600261319334416B1934202D965
:1071D00003E0934201D2012200E00022624402F166
:1071E000200C9206DC0C42EA443200EE102A5B03CB
:1071F000DFED210AF8EEC01A00EE103A4FEA9C1CAF
:1072000011F0004FB8EE400AC0F800C020EE201A7E
:1072100000EE105ADFED190AB8EE400A20EE200AFF
:1072200071EE810A70EE800A10EE902A02F500627B
:107230006FF30B0200EE902A70EEE11A31EEC11AE4
:10724000DFED101A30EE411A9FED0D0A20EE800A94
:1072500001EE210A9FED0C1A00EE810A04BFBDE881
:10726000F0017047CCF180510160BDE8F001B1EE52
:10727000400A704704450000000000360000802CE2
:1072800022AAFD29DB0FC92F0000C92F10B5C16943
:10729000044651B1884784F82400012807DB2046C2
:1072A000BDE81040072100F02DB9F9F7E5F810BD51
:1072B00030380A2801D2012070470020704710B5ED
:1072C000C168044659B18847002284F82400002888
:1072D00007DA20462263BDE8104000F004B9F9F750
:1072E000CBF86179012913D0012816DB032901D0DD
:1072F000042915D1206B18B9206DE06401202063AA
:10730000D4E9131002F000FC616C814208D803211B
:107310002046BDE8104000F0F5B8002800D12263F7
:1073200010BD10B58168044649B1884784F824002F
:10733000002806DA2046BDE8104000F0D4B8F9F77E
:107340009BF8012819DB6079022803D0032801D0BB
:10735000042815D1206B18B9206DE064012020634A
:10736000D4E9131002F0D0FB216C814208D82046EA
:10737000BDE81040022100F0C5B8002800D120630C
:1073800010BD10B50169044649B1884784F824004E
:10739000002806DA2046BDE8104000F0A4B8F9F74E
:1073A0006BF86179012913D0022911D0012814DB6F
:1073B000042915D1206B18B9206DE06401202063E9
:1073C000D4E9131002F0A0FBA16C814208D804217B
:1073D0002046BDE8104000F095B8002800D1206399
:1073E00010BD70B504007AD002F0ABFA2065E16AF6
:1073F0002068012669B180B2024602F085FA607108
:10740000E06A30B1C2F3C01010B1616D01B9A6627B
:1074100060652079082864D2DFE800F004060A0ECF
:1074200012314146012126E02046FFF77AFF4FE066
:107430002046FFF744FF4BE02046FFF7A2FF47E05E
:10744000616981B320468847214684F824000028DA
:107450001EDB60790128E5D0022802D0032802D083
:1074600005E0022107E00321204600F04BF8607997
:1074700005282DD10521204600F044F828E0A16917
:1074800089B120468847214684F82400002803DA81
:10749000084600F028F81BE00128C3DA18E020466F
:1074A000FFF7F4FE14E01AE0216AC1B120468847D4
:1074B00084F8240000256571A06A48B1267125630F
:1074C00002F03FFA60632046A56300F038F8A56239
:1074D000204600F034F8A06B401CA06370BDF8F7A4
:1074E000CBFF2046D5E710B504460020A0622063FC
:1074F000062020712046FFF7C9FE2046BDE8104057
:1075000000F01DB870B5044600790025884205D00A
:10751000072813D0062803D0217105E006280DD1D5
:1075200006290BD007202071256302F00AFAC4E96E
:107530000D052046BDE8704000F001B870BD10B5E3
:1075400068B14188027921F06F0141F02001082AD9
:107550001ED2DFE802F006090C0F1215181BF8F70F
:107560008BFF21F0200113E041F0400110E041F0D9
:1075700001010DE041F003010AE041F0070107E0DD
:1075800021F02001F9E741F00801F6E741F0080198
:10759000418010BD10B5029CC0E90121C0E904433F
:1075A00010BD000010B504462DED068B86B0D0ED61
:1075B000050A3E4810EE901A814201DCF8F75CFFA4
:1075C00094ED001AB0EE088ADFED399A81EE080AD0
:1075D000F2EE048A84ED070A84ED080A94ED060AA7
:1075E00010EE101A814208DA81EE280A84ED090AA9
:1075F0009FED300A84ED0C0A29E020EE800AFFF7A7
:10760000A9FC20EE290AB7EE00AA94ED001A8AEE32
:10761000009AC1EE280A89EE080AFFF7AFFBF6EEE2
:10762000000ADFED25AA20EE200A84ED090AD4ED38
:10763000050A94ED061A80EE810AFFF78BFC20EE16
:107640002A0A84ED0C0A84ED0D9A84ED0EAA94EDBD
:10765000090A6846C0EE280A20EE290AC4ED0A0A83
:10766000F7EE080A60EE200A94ED000AC0EE808A68
:10767000D4ED070A01F05AF9D4ED090A94ED000A95
:10768000684600F0D9FD38EE800A84ED0B0A94EDCF
:10769000030AC0EE080A9FED090AC4ED100A84ED42
:1076A0000F0A06B0BDEC068B10BD00005F7089307C
:1076B000DB0FC94000000000CDCC4C3EF4FDB43FD0
:1076C00010B5E8B3E1B391ED000AB0EE041A80ED15
:1076D000000AD1ED030AC0ED010AD1ED030AC0EEA4
:1076E000811AF1EE040AC0ED021ADFED261AC0ED90
:1076F000030A80EE211A9FED240AD1ED051A21EE2E
:10770000002A62EE211A91ED022A62EE211A91ED11
:10771000012AC1EE822AB2EE042AC1EE021AC0ED9D
:10772000042A61EE801AC0ED051ADFED181AC0EDCB
:10773000061AC1EE201A91ED061A11EE102A00E089
:107740001DE0134B9A4201DC9FED121A21EE802AB4
:1077500022EE011A91ED012A22EE011A91ED022A80
:10776000C1EE022A81EEA01AC0ED072A21EE000A1E
:1077700080ED080AB6EE000A80ED090A10BDF8F7A0
:107780007BFE000000004843DB0FC940CDCC4C3FDE
:107790005F708930ACC5273710B570B169B191ED14
:1077A000000AB5EEC00AF1EE10FA06DDD1ED060AC8
:1077B000F5EEC00AF1EE10FA01DCF8F75DFE80ED9F
:1077C000000A91ED030A80ED010A91ED010A80EDB6
:1077D000020A91ED020A80ED030A91ED060A80ED9E
:1077E000040A91ED091AB1EE040A0121C1EE000A62
:1077F000C0ED050A80EE801AB7EE000A80ED061A89
:1078000080ED070A80ED080A41620021816210BD07
:1078100010B5A8B1A1B191ED000AB5EEC00AF1EE24
:1078200010FA0DDDD1ED050AF5EEC00AF1EE10FA01
:1078300006DDD1ED010AF5EEC00AF1EE10FA01DC29
:10784000F8F71AFED1ED090A80ED000A9FED170A3C
:1078500091ED011A20EE800AD1ED050A20EE200AF2
:10786000D1ED020A60EE200A80EE810AF1EE040AF0
:1078700080ED010A20EE200AF2EE040A80ED020AF1
:1078800091ED030A80ED030A91ED030A012180EED8
:10789000201AB6EE000A80ED041A017580ED060A82
:1078A000BEEE000A80ED070A10BD0000DB0FC940E4
:1078B000B5EEC00A10B5F1EE10FA01D1F8F7DCFD13
:1078C00080EE801AB0EE410A10BD000010B5B8B3CA
:1078D00021EEA12AF0EE002A21EE013A20EEA24A82
:1078E000B0EE421A184A04EE211A31EE031A11EED4
:1078F000101A914201DA9FED151AF7EE004A20EEB8
:10790000220AC4EE813A20EE200A20EE210A20EE5F
:10791000230A80ED000AB1EE400A80ED010A22EE52
:10792000220A14EE212A03EE620A20EE230A80EDD9
:10793000020A32EE430A20EE230A80ED030A10BD4C
:10794000FFE7F8F799FD0000BD378635BD3786356E
:1079500001207047012070470A4991ED9E0AB5EE5B
:10796000C00AF1EE10FA01D2B1EE400A10EE100A90
:10797000D1F8C81209B10120704703498842FADBE7
:1079800000207047580A00200AD7A33B00219FED32
:10799000040AC16280ED000A816341637047000000
:1079A000000000009FED060A80ED090A80ED000A44
:1079B00080ED010A80ED020A80ED030A70470000A5
:1079C000000000009FED060A80ED090A80ED000A24
:1079D00080ED010A80ED020A80ED030A7047000085
:1079E000000000009FED060A80ED090A80ED000A04
:1079F00080ED010A80ED020A80ED030A7047000065
:107A0000000000009FED060A80ED090A80ED000AE3
:107A100080ED010A80ED020A80ED030A7047000044
:107A2000000000009FED040A80ED050A80ED000AC9
:107A300080ED010A70470000000000009FED040A7D
:107A400080ED050A80ED000A80ED010A7047000014
:107A5000000000009FED040A80ED050A80ED000A99
:107A600080ED010A704700000000000070B5044678
:107A70005FF0000505EB450004EBC00606F1E400ED
:107A8000FFF7DCFF06F59670FFF7D8FF6D1C032D9E
:107A9000F0DB04F1CC00FFF7D1FF04F1B400FFF7F5
:107AA000CDFF04F5BA7000F081F804F5D27000F053
:107AB0007DF804F5EC70FFF785FF04F50070FFF723
:107AC00081FF9FED0D0A84ED8B0A84ED8C0A84ED15
:107AD000900A84ED910A84ED950A84ED960A84ED6E
:107AE000AE0A84ED0D0A84ED0E0A84ED0F0A84EDD2
:107AF000100A84ED110A70BD0000000070B5044644
:107B00005FF0000505EB450004EBC00606F1E4005C
:107B1000FFF7A0FF06F59670FFF79CFF6D1C032D85
:107B2000F0DB04F1CC00FFF795FF04F1B400FFF7A0
:107B300091FF04F5BA7000F069F804F5D27000F016
:107B400065F804F5EC70FFF75DFF04F50070FFF7D2
:107B500059FF9FED0D0A84ED8B0A84ED8C0A84EDAC
:107B6000900A84ED910A84ED950A84ED960A84EDDD
:107B7000AE0A84ED0D0A84ED0E0A84ED0F0A84ED41
:107B8000100A84ED110A70BD000000009FED060A86
:107B900080ED0B0A80ED070A80ED080A80ED090AE6
:107BA00080ED0A0A70470000000000009FED060A01
:107BB00080ED0B0A80ED070A80ED080A80ED090AC6
:107BC00080ED0A0A70470000000000009FED060AE1
:107BD00080ED0B0A80ED070A80ED080A80ED090AA6
:107BE00080ED0A0A70470000000000009FED060AC1
:107BF00080ED0B0A80ED070A80ED080A80ED090A86
:107C000080ED0A0A70470000000000009FED060AA0
:107C100080ED0B0A80ED070A80ED080A80ED090A65
:107C200080ED0A0A704700000000000010B5B7EEB2
:107C3000000A2DED028B04469FED138A80ED008A29
:107C400080ED018A80ED078A80ED028A80ED068A48
:107C500080ED050AB0EE480AFFF7B4F884ED030A98
:107C6000B0EE480AFEF7E2FF84ED040A84ED148AC0
:107C700084ED108A84ED118A84ED128A84ED138AD2
:107C8000BDEC028B10BD00000000000070B5154671
:107C9000044600291AD021836068B0FBF1F0E0614E
:107CA000114604F1080000F09FFD0020206294EDD1
:107CB000040AB5EEC00AF1EE10FA07DD00EE905AA4
:107CC000F8EE600A80EE801A84ED051A70BD7047E8
:107CD0007047704710B52DED028B00F081FA6848AF
:107CE000FFF70CFF674C9FED688A04F1540084EDA8
:107CF000038A84ED048A84ED138A84ED148A84ED6A
:107D0000098A84ED0A8A84ED0B8A84ED0C8A84ED5D
:107D10000D8A84ED0E8A84ED0F8A84ED108A84ED3D
:107D2000118A84ED128AFFF76DFE04F17C00FFF7E3
:107D300069FE04F1A400FFF765FE04F1CC00FFF733
:107D400061FE04F1F400FFF761FF04F59270FFF7A4
:107D50005DFF04F5AA70FFF759FF04F5C270FFF745
:107D600055FF04F5F47404F13C00FFF74FFF04F1F4
:107D70006C00FFF74BFF84ED058A84ED068A84EDE5
:107D8000078A84ED088A84ED098A84ED0A8A84EDE5
:107D90000B8A84ED0C8A84ED0D8A84ED0E8A04F141
:107DA000D80000F5707480ED068A80ED098A80EDB8
:107DB0000A8A80ED078A80ED088A80ED038A80EDCB
:107DC000048A80ED058A84ED028A84ED038A84EDBD
:107DD000048A84ED058A04F12800FFF73BFE04F1D4
:107DE0004000FFF737FE94ED160A84ED180A94ED73
:107DF000170A84ED080A84ED098AA43404F12800E6
:107E000084ED028A84ED038A84ED048A84ED058A78
:107E1000FFF720FE04F14000FFF71CFE94ED160A68
:107E200004F1900084ED170A94ED180A04F1C002E1
:107E300084ED080A84ED098A90ED030A80ED010AB9
:107E400090ED040A80ED020A11489FED100A00F13E
:107E5000100180ED030AB6EE000A81ED000A81ED03
:107E6000018A002182F82C1082ED098A00F11802A3
:107E700082ED008A82ED018A0160BDEC028B10BDAB
:107E8000580A0020DC0600200000000000004842E4
:107E90002800002010B5002804D072B600F004F8C5
:107EA00062B6012010BD00009FED150A002180ED93
:107EB000100A8164C16490F89C2080F8382090ED0D
:107EC0002A0A80ED0F0AB0F8A420D0F88430521CA2
:107ED000B3FBF2F2D0F8A03053434FF47A72B3FB05
:107EE000F2F202B9012240F8442FC16001638161BE
:107EF0008164C164A0F8621080F8681070470000C7
:107F00000000000050B149B10A68042A06DC4B6841
:107F1000042B03D20B89B3F57A7F01D90020704777
:107F200072B680F89C204A68C0F898200A8920F828
:107F3000942F91ED030A80ED050A0A69C260898ACF
:107F400001820021418262B601207047002801D0E1
:107F500002F001BB7047002805D011B1D0F888208D
:107F60000A6090F8AC0070479FED080A002180ED90
:107F70000A0A80ED010A80ED020A80ED030A80ED15
:107F8000040AC1628163012141637047000000005F
:107F9000704770477047000010B51A4CB6EE000AE3
:107FA000DFED170A84ED0B0AC4ED0C0A0021164818
:107FB000FCF750FF04211448FCF74CFF082112483D
:107FC000FCF748FF00211048FCF78CFB04210E4809
:107FD000FCF788FB08210C48FCF784FB0A48006882
:107FE000016A40F25552114301620120C4F8C002F7
:107FF00002464102BDE810400448FBF701BD000005
:1080000000000000580A0020180200200004004868
:108010002DE9F041674C2DED028B606800287DD082
:1080200065480025D0E90B12914278D9806B002871
:1080300075D0A06860490D2891ED0A0A1DD0A0688E
:108040000C2819D0A0680B284FDCA06809284CDB4D
:108050005A48A16800EB810191ED001AA168C0EEB9
:10806000010A00EB810111ED030AA16830EE800ADC
:1080700000EB810000ED030A87E0514890ED051AFE
:10808000C0EE010A90ED040A30EE800A80ED040A89
:10809000A068401CA06065604A4F3846FFF72EFD7F
:1080A00007F517769FED488AB7EE000A87ED978AA5
:1080B00087ED988A87ED9E8A87ED998A87ED9D8A5C
:1080C00087ED9C0AB0EE480AFEF77CFE86ED030AB7
:1080D000B0EE480AFEF7AAFD86ED040A06F1240078
:1080E000FFF794FDC7F8C05258E0A06808281ADCD2
:1080F000A068062817DB3548A16800EB810191EDE7
:10810000031AA168C0EE010A00EB810191ED000A9B
:10811000A16830EE800A00EB810001E047E041E019
:1081200080ED000A31E0A068052817DCA06803286C
:1081300014DB2748A16800EB810191ED061AA168C4
:10814000C0EE010A00EB810191ED030AA16830EE57
:10815000800A00EB810080ED030A16E0A068022887
:108160001CDC1C48A16800EB8101D1ED090AA16863
:1081700080EE201A00EB810191ED060AA16831EE34
:10818000000A00EB810080ED060AA068401CA06098
:108190000948FFF7FBFB0848FFF7E6FEA0680D283B
:1081A00000DD65600020BDEC028BBDE8F0810120A0
:1081B000F9E7000028000020340F00201C050020F3
:1081C00024060020580A002000000000940500202A
:1081D000D00500205805002001207047012070477D
:1081E00008480068016A40F255529143016206490D
:1081F00000200246C1F8C0024FF400710348FBF7AB
:10820000FFBB000018020020580A002000040048AC
:1082100001207047F5EEC00A10B5F1EE10FA04D057
:10822000B5EEC01AF1EE10FA01D1F8F725F9C0EE5B
:10823000201A81EE810A10BD9FED1C1A10B560EE68
:10824000810A2DED048B044680EE808AB0EE480A48
:10825000FEF7ECFCF0EE408AB0EE480AFEF7B2FD05
:10826000D4ED030AD4ED041AB0EE401A94ED022ABC
:1082700041EEA80A61EEC11AB7EE008A02EE288A22
:1082800062EE418AB0EE610AFEF7A8FBB0EE409ABA
:10829000F0EE480AB0EE680AFEF7A0FBF0EE400AE6
:1082A00030EEC90ABDEC048B10BD0000DB0FC940E5
:1082B0002DE9F0412DED0A8BFFF792FFDFEDA59A36
:1082C000A548C0ED009A9FEDA50A80ED010A9FED3B
:1082D000A40AF2EE04AA80ED040AC0ED02AA9FED02
:1082E000A19A80ED039A9FEDA00A80ED050A9FED0B
:1082F0009F0A80ED060AFFF755F9974901F14400FE
:1083000000F04AFB9449A1F55870FFF7D9F9984954
:1083100001F1280000F08CFD9548283000F55F74CD
:1083200004F1600104F180054C348460C0E900155B
:10833000894900F5DE70FFF72FFA9FED8E0AA4F54C
:10834000037080ED050AB3EE040A80ED060A9FED86
:108350008A0A012780ED070A80ED080A0026C0E995
:10836000097601462C3000F0E5FEDFED848A844872
:108370008349B6EE008AC0ED008AC0ED018AA4F5FB
:10838000F0700560C0E9014100F27440C0ED009A50
:1083900080ED019A80ED028AC0ED03AA80ED048A87
:1083A000DFED78BAB0EE00BAC0ED05BA80ED06BADE
:1083B0009FED75CA80ED07CA9FED74AA014680ED56
:1083C00008AA243000F01CFB04F52E70A0F51E75E1
:1083D0002034C0E90054C0ED068AC0ED078A7C3025
:1083E000B7EE000AC0ED009A80ED019A80ED028A96
:1083F000C0ED03AA80ED040A80ED05BAC0ED06BA0F
:1084000080ED07BA80ED08CA80ED09AA0146283040
:1084100000F0F6FB04F54F70C0E90054C0ED068A89
:10842000C0ED078A9FED5A0A8430014680ED000AAC
:1084300080ED010A80ED02AA0C3000F0B1FB04F5DA
:1084400073704F4D046080ED018AC0ED028A183DC3
:1084500005F1100085ED039A80ED008AC0ED018AD8
:1084600004F57C709FED4BAA80ED029A0146C0ECAA
:10847000029A0C3000F048FB04F57F71A1F50172FF
:10848000101DC1E9002005F120003349C0ED008A2C
:10849000C0ED018AA1F198002E60FFF7B9F9A4F5AB
:1084A000A470B1EE040A80ED01AA80ED029A80ED7D
:1084B000040A9FED390A014680ED060A9FED370A4E
:1084C00080ED070A203000F069FEA4F59472211FA8
:1084D000A1F58870C2E900106C3CDFED310A9FED18
:1084E000310A642242F2331100F5A860636900F09A
:1084F00095FDC4F8C062C4E9B167C4F8CC62C4F8A1
:10850000D062C4F8D462C4F8D86284ED0B8AC4ED9A
:108510000C8AA4F57F7002F08FF8A4F57F716420B7
:108520008864B0EE691ADFED200AB3EE040A01F6A2
:10853000D80000F03BF86868002807D0BDEC0A8B33
:1085400004F2DC40BDE8F041FFF70EBDBDEC0A8B44
:10855000BDE8F08100401C46140A002089C0384262
:10856000C3F5A83E00004842A69BC43AACC5A73656
:10857000B40600200000C842CDCC4C3F00000000F3
:1085800040000020CDCC4C3DCDCCCC3E9A99193F3B
:108590008FC2F53CCDCCCC3DCDCC4C3ECDCC4CBEF1
:1085A0000AD7A33B0AD7A33CF4FD343FF0EE411AAF
:1085B000B0EE601AF2EE040A70B560EE200A0446CE
:1085C000001DFCEEE00A10EE905AF0EE400AB0EE0C
:1085D000610A00F067F84FF47A70854201D925638B
:1085E00000E0206300209FED040AE06284ED000AB1
:1085F000A063606370BD00000000000010B5B5EE20
:10860000C00A2DED048BB0EE418AF1EE10FA04465B
:1086100004DDB5EEC08AF1EE10FA01DCF7F72CFFAD
:108620009FED1E1A60EE810A80EE809AB0EE490A34
:10863000FEF7FCFAF0EE408AB0EE490AFEF7C2FB04
:10864000F0EE000AF7EE001A68EE200A204680EEEF
:10865000201A31EE210AC1EE800A21EE200A84EDB3
:10866000060A9FED0F0A84ED070A21EE600A84EDE9
:10867000080AB8EE000A28EE800A20EE200A84EDEF
:10868000040A31EEC10A20EE200A84ED050ABDEC91
:10869000048BBDE81040FFF785B90000DB0FC9402F
:1086A0000000000010B5B5EEC00A2DED048BF0EE11
:1086B000418AF1EE10FA044604DDF5EEC08AF1EECF
:1086C00010FA01DCF7F7D8FE9FED201A60EE810A60
:1086D00080EE809AB0EE490AFEF7A8FAB0EE408A22
:1086E000B0EE490AFEF76EFBF0EE000AB7EE001A94
:1086F00068EEA00A31EE482A2046C0EE201A31EE7C
:10870000810AC1EE000AB6EE000A22EE000A20EE4F
:10871000200A22EE202A84ED060A84ED072A84ED41
:10872000080AB8EE000A28EE000A20EE200A84EDBE
:10873000040A31EE610A20EE200A84ED050ABDEC40
:10874000048BBDE81040FFF72DB90000DB0FC940D6
:1087500010B5B5EEC00A2DED048BB0EE418AF1EEF6
:1087600010FA044604DDB5EEC08AF1EE10FA01DC21
:10877000F7F782FE9FED1B1A60EE810A80EE809A69
:10878000B0EE490AFEF752FAF0EE408AB0EE490A1E
:10879000FEF718FBF0EE000AB7EE001A68EE200AAA
:1087A0002046C0EE201A31EE810AC1EE000AB8EE72
:1087B000000A28EE800AC4ED060A20EE200A84EDA5
:1087C000070AC4ED080A84ED040A31EE610A20EEBE
:1087D000200A84ED050ABDEC048BBDE81040FFF7CC
:1087E000E1B80000DB0FC9400022C0E9002170475A
:1087F0002DE9F04104002DED028B82B0DDE90B067E
:108800000A9F0D9D72D0002970D0002F6ED00028D5
:108810006CD0002E6AD0002D68D0A767C4F88450B1
:10882000C4E91F064FF00008C4F888804FF4FA7CB2
:10883000A4F894C0C4F898804FF0030C84F89CC04E
:108840004FF47A7CC4F8A0C0A4F8A480A4F8A68051
:108850009FED298A84ED2A8A03B928A32361300178
:10886000C4E9057007202077012060770423E383A3
:10887000264B2662C4E90953254BE362254BC4E924
:108880000C34009004F11003204601F058FE00EE75
:10889000105AF7EE000A04F13800B8EE400A03213E
:1088A000017084ED0F8A20EE800A1C30B200394638
:1088B000BCEEC00A84ED110A00EE105A84ED108A55
:1088C000C4F84880B8EE400A0546C4F84C8000F071
:1088D00023F8012204212846FFF7D8F902B02046E8
:1088E000BDEC028BBDE8F041FFF7DEBA02B0BDEC93
:1088F000028BBDE8F081000000000000436F6E7441
:10890000726F6C2053636F7065000000057F000874
:10891000957E0008577F0008C0E9001280ED040A28
:1089200000210183C161016270470000B5EEC00AF9
:1089300010B5F1EE10FA044608DDB6EE001A20EE8E
:10894000011AB4EEE01AF1EE10FA01DCF7F794FD2B
:108950009FED101A20EE811AC1EE000AB0EE600AF7
:10896000FEF716FBB7EE001A204670EE011AC1EEB4
:10897000210A60EE201A30EE410AC4ED031AC4ED5C
:10898000041A20EE200A84ED020ABDE81040FFF729
:1089900049B80000DB0F494070B504462DED028B4D
:1089A00000F0AEFC25462046FFF760F89FED138AE5
:1089B000B7EE000A85ED978A85ED988A85ED9E8A47
:1089C00085ED998A85ED9D8A85ED9C0A05F51774DC
:1089D000B0EE480AFEF7F6F984ED030AB0EE480A55
:1089E000FEF724F984ED040A04F12400FFF7DEF811
:1089F0000020C5F8C002BDEC028B70BD0000000075
:108A000070B50D46040025D025B395ED000AB5EEEE
:108A1000C00AF1EE10FA1DDD95ED010AB5EEC00AAF
:108A2000F1EE10FA16DD95ED030AB5EEC00AF1EE8F
:108A300010FA0FDD95ED060AB5EEC00AF1EE10FA58
:108A400008DBD5ED080A95ED070AF4EEC00AF1EE51
:108A500010FA01DAF7F710FD00262660666095ED42
:108A6000010A04F1280084ED160A95ED020A84ED4E
:108A7000170A95ED040A84ED190A95ED050A84EDAF
:108A80001A0A95ED060A84ED1B0A95ED070A84ED96
:108A90001C0A95ED080A84ED1D0AD5ED030A95ED33
:108AA000000AFFF743FFD5ED030A95ED000A04F134
:108AB0004000FFF73BFF9FED130A84ED060A84EDAB
:108AC000070AA66784ED020A84ED030A84ED040A0E
:108AD00084ED050A84ED0F0A84ED0A0A84ED0B0A81
:108AE00084ED150A84ED100A84ED110AD4ED160AFE
:108AF000C4ED180AD4ED170AC4ED080A84ED090A7A
:108B000070BD00000000000010B504002DED028BC8
:108B10000ED069B191ED000AB5EEC00AF1EE10FA7F
:108B200006DD91ED010AB5EEC00AF1EE10FA01DCA6
:108B3000F7F7A2FC002020609FED188A606084EDAA
:108B4000068A91ED020A84ED070AD1ED000AB7EE1C
:108B5000000A80EE201A84ED081A84ED098AD1EC0F
:108B6000020A60EE810A80EE201AB0EE480A84ED17
:108B70000A1A84F82C00FEF725F984ED020AB0EEFB
:108B8000480AFEF753F884ED030AD4ED020AC4ED57
:108B9000040A84ED050ABDEC028B10BD0000000044
:108BA00010B570B169B191ED000AB5EEC00AF1EEF1
:108BB00010FA06DB91ED020AB5EEC00AF1EE10FAEA
:108BC00001DAF7F759FC0022026091ED000A80ED0E
:108BD000050A91ED010A80ED060A91ED020A80ED89
:108BE000070A9FED060A80ED010A80ED020A80ED7A
:108BF000030A80ED040A026210BD000000000000BC
:108C000070B50D46040033D095B395ED000AB5EE6E
:108C1000C00AF1EE10FA2BDD95ED010AB5EEC00A9F
:108C2000F1EE10FA24DD95ED030AB5EEC00AF1EE7F
:108C300010FA1DDD95ED040AB5EEC00AF1EE10FA4A
:108C400016DD95ED050AB5EEC00AF1EE10FA0FDB60
:108C500095ED070AB5EEC00AF1EE10FA08DBD5ED86
:108C6000090A95ED080AF4EEC00AF1EE10FA01DAED
:108C7000F7F702FC00262660666095ED010AF7EE24
:108C8000000A84ED160A84ED170A95ED020A04F134
:108C9000280084ED180A95ED040A84ED190A95ED73
:108CA000050A84ED1A0A95ED060A84ED1B0A95ED76
:108CB000000A80EE801A84ED1C1A95ED070A84EDF7
:108CC0001D0A95ED080A84ED1E0A95ED090A84ED4A
:108CD0001F0AD5ED030A95ED000AFFF727FED5ED33
:108CE000030A95ED000A04F14000FFF71FFE9FED17
:108CF000130A84ED060A84ED070AC4F8806084ED47
:108D0000020A84ED030A84ED040A84ED050A84ED69
:108D10000F0A84ED0A0A84ED0B0A84ED150A84ED2E
:108D2000100A84ED110AD4ED160AC4ED170AD4ED29
:108D3000180AC4ED080A84ED090A70BD000000009D
:108D4000B5EEC01A10B5F1EE10FA01DCF7F794FB9E
:108D5000F7EE003AB0EE003AC3EE811A174ADFEDA3
:108D6000182AB0EE612A00EE832AB0EEC21A11EE84
:108D7000101A914202DAB0EE621A01E083EE821A12
:108D8000B0EE612A20EE030A10EE832A22EE012AB9
:108D900080ED022AB0EE612A40EE601A00EE202A31
:108DA00021EE810A22EE012A80ED002A80ED010ADF
:108DB000C0ED032AC0ED042A10BD00005F708930A9
:108DC0000000000010B504462DED048BF0EE419A32
:108DD000B0EE609AFDF7F6FF10EE101A114A9142BC
:108DE00001DD9FED110AB7EE008A70EE080A38EE39
:108DF000400AC0EE808A9FED0D0A29EE009AB0EE7F
:108E0000680AFEF7A7F820EE090AB0EE691A2046B4
:108E1000C8EE000AB0EE680ABDEC048BBDE8104055
:108E2000FFF78EBFEFFF7F3FEFFF7F3FDB0FC940B4
:108E300010B504462DED028B00F02AFB9FED268A2B
:108E400004F1540084ED038A84ED048A84ED138ACE
:108E500084ED148A84ED098A84ED0A8A84ED0B8AF4
:108E600084ED0C8A84ED0D8A84ED0E8A84ED0F8AE0
:108E700084ED108A84ED118A84ED128AFEF7B2FD2A
:108E800004F17C00FEF7AEFD04F1A400FEF7AAFD9C
:108E900004F1CC00FEF7A6FD04F1F400FEF796FE07
:108EA00004F59270FEF792FE04F5AA70FEF78EFEAE
:108EB00004F5C270FEF78AFE0020C4F8B401C4F8BD
:108EC000B80184ED058A84ED068A84ED078A84ED75
:108ED000088ABDEC028B10BD00000000F5EEC01A40
:108EE00010B5F1EE10FA01DCF7F7C6FA80EEA12A10
:108EF00061EE810A80ED000ABFEE000A80ED012AD2
:108F0000C0ED020A80ED040AB7EE000A80ED030A04
:108F10009FED050A80ED060A9FED040A80ED050A23
:108F2000BDE81040FEF732BECDCC4CBFCDCC4C3F9F
:108F30004160C0ED040A012180ED050A914000EE78
:108F4000101AF7EE000A8260B8EEC00A80EE801AAE
:108F50009FED030A80ED031A80ED000A70470000C0
:108F600000000000B5EEC00A10B5F1EE10FA09DD00
:108F7000F5EEC00AF1EE10FA04DDF4EEC11AF1EEDE
:108F800010FA01D3F7F778FA9FED112AB5EEC00A6F
:108F900080ED022AF1EE10FA80ED011AC0ED001A00
:108FA00009D9F5EEC00AF1EE10FA04D9F4EEC11AAF
:108FB000F1EE10FA02DB80ED032A10BD31EE611AEA
:108FC00061EE200A80EE801A80ED031A10BD0000C9
:108FD0000000000010B504462DED068BB0EE428A6D
:108FE000B0EE619AF0EE419AB0EE60AAF0EE408ADF
:108FF000FEF71CFE88EE880AF0EE481AB0EE491A19
:10900000F0EE690A04F1240084ED080AB0EE4A0A81
:10901000BDEC068BBDE81040FFF760BFC360C0E940
:10902000071280ED090AC0ED0A0A002101614161C1
:109030009FED060A816180ED0B0A80ED0C0A80ED40
:109040000D0A018741878187016470470000000095
:109050009FED123AF0EE422A114A21EE031A21EE58
:10906000832A61EE001A11EE901A914201DADFEDC7
:109070000D1AB0EE001A22EE811A21EE021A22EE2B
:10908000022AC1EE212A82EE211AB0EE602ADFED1B
:10909000061AF0EE620AFFF79DBF0000DB0FC94021
:1090A00017B7D13817B7D138000000009FED0E1A5E
:1090B0000023C16000EB83015B1CC1ED060A81ED5A
:1090C000090A81ED001A032BF4DB0121914000EE27
:1090D000101AF7EE000A0261B8EEC00A80EE801A9C
:1090E00080ED051A704700000000000070B50D46C5
:1090F00004001AD0CDB11146284600F082F805F1DF
:10910000100004F114060FC886E80F009FED080A4E
:10911000002084ED000A84ED030A84ED040A84ED46
:10912000010A84ED020A286270BDF7F7A5F9000074
:109130000000000070B504002BD00025256065609C
:10914000A56000F02BFA04F13C00FEF74FFD04F19E
:109150006C00FEF74BFD9FED100A012084ED050A1F
:1091600084ED060A84ED070A84ED080A84ED090AF5
:1091700084ED0A0A84ED0B0A84ED0C0A84ED0D0AD5
:1091800084ED0E0A84ED030A84ED040AC4E92A5032
:1091900070BDF7F771F900000000000070B5040021
:1091A0002DED028B1CD0002525609FED0E8A656099
:1091B00084ED028A00F088FA84ED068A84ED098A3B
:1091C00084ED0A8A84ED078A84ED088A84ED038A97
:1091D00084ED048A84ED058A2567BDEC028B70BDA1
:1091E000F7F74AF9000000000148FEF7FAB800005E
:1091F0005C0600207047704780ED030AC0ED040A4A
:10920000704710B540B180EC030AB0EE610A0173FB
:10921000BDE8104000F002B8F7F72EF910B5B0EE37
:10922000402A2DED028B040004D0B5EEC02AF1EEE9
:1092300010FA01DCF7F720F994ED010AB5EEC00A47
:10924000F1EE10FA4DD9F6EE000A22EE201AB4EE35
:10925000C10AF1EE10FA44DAD4ED020AF5EEC00AC2
:10926000F1EE10FA3DD9F4EEC10AF1EE10FA38DA57
:1092700094ED001AB5EEC01AF1EE10FA31D3207B4E
:109280009FED191A012860EE818AF0EE000A20EEA7
:10929000018A62EE201A18D1154ADFED140A154929
:1092A00060EE200A80EE820A10EE100A904202DA86
:1092B0009FED110A05E010EE100A884201DD9FEDD6
:1092C0000F0AFDF765FEC8EE001A94ED000AB0EE35
:1092D000481AF0EE680A04F11000FEF7F7FA0120D0
:1092E0002062BDEC028B10BDDB0FC940DB0F494093
:1092F000BD378635D30FC93FBD378635D30FC93F3C
:109300002DE9F0410C462DED048B05465FF000067B
:1093100006EB460005EBC007D4ED070A94ED000A02
:1093200007F1E400FFF702FBD4ED080A94ED000A10
:1093300007F59670FFF7FAFA761C032EE8DB94ED3A
:10934000050A9FED4F9AD4ED090AD4ED001A20EEDC
:10935000090A20EE200AD4ED020A20EE200AD4EDFC
:10936000010AC0EE208AD4ED0A0A28EE890A60EECE
:10937000209A9FED448AB0EE680A05F5BA70B0EE07
:10938000481AF0EE690AFFF7A9FDD4ED001AB0EE15
:10939000481AF0EE690AB0EE680A05F5D270FFF7D8
:1093A0009DFD94ED001AD4ED090A94ED0B0A05F524
:1093B0000D70FFF707FD94ED001AD4ED090A94ED46
:1093C0000B0A05F51270FFF7FDFCD4ED101A94EDB1
:1093D000041AD4ED000A94ED030A9FED2B2A05F53B
:1093E0001770FFF735FED4ED030A94ED000AF0EE96
:1093F000481AB7EE001A05F52C70FFF7B3FD94ED8F
:10940000060A224910EE100A884205DA0020C5F843
:10941000D40285ED8A8A1DE0D4ED0C0A05F5EC70C6
:1094200020EE800AD4ED000A20EE200A85ED8A0A9B
:1094300094ED0E1AD4ED0D0A94ED000AFFF7DEF854
:1094400094ED0E1AD4ED0D0A94ED000A05F50070A6
:10945000FFF7D4F894ED050AD4ED030A20EE090ACB
:1094600020EE200AD4ED020A20EE200AD4ED010AF3
:1094700080EE201A85ED751ABDEC048BBDE8F081F5
:10948000DB0FC94000000000F4FD343F5F708930FD
:109490002DE9F0410C462DED028B050079D0002C12
:1094A00077D00027B0EE008A94ED010A07EB870021
:1094B00005EBC00660EE080A94ED031A94ED000A6D
:1094C00006F15400FFF744F994ED010A94ED031AF4
:1094D00006F1A40060EE080A94ED000AFFF738F9DF
:1094E0007F1C022FE0DB05F1F4009FED2B8AD4ED09
:1094F000001AD4ED050A94ED040AB0EE481A0646A7
:10950000FFF7ECFC05F59270D4ED001AD4ED050AD6
:1095100094ED040AB0EE481A0746FFF7DFFC94ED1D
:10952000060A3046F1EE400AFFF766FE94ED060AA1
:109530003846F1EE400AFFF75FFE05F5AA70D4ED5C
:10954000001AD4ED080A94ED070AB0EE481A064650
:10955000FFF7C4FC05F5C270D4ED001AD4ED080A7B
:1095600094ED070AB0EE481A0546FFF7B7FC94EDF4
:10957000090A3046F1EE400AFFF73EFE94ED090A73
:109580002846BDEC028BF1EE400ABDE8F041FFF742
:1095900033BEF6F771FF00000000000070B50C4606
:1095A0002DED068B05002AD04CB3D4ED001AF5EE54
:1095B000C01AF1EE10FA22DDD4ED020AF5EEC00A6F
:1095C000F1EE10FA1BDD94ED030AB5EEC00AF1EEE0
:1095D00010FA14DD94ED042AB5EEC02AF1EE10FA6B
:1095E0000DDD94ED071AB5EEC01AF1EE10FA06DDA6
:1095F00094ED088AB5EEC08AF1EE10FA01DCF6F7B8
:109600003BFFD4ED052ADFED2E8AB4EEC81A62EED8
:10961000A82A22EE822A62EE200A80EE809AD4EDF9
:10962000060A29EE280A60EE209AF1EE10FA01DD12
:10963000B0EE418A9FED23AAF0EE690AB0EE490A26
:10964000B0EE4A1A05F13C00FFF748FCD4ED001AD1
:10965000B0EE4A1AF0EE690AB0EE490A05F16C0064
:10966000FFF73CFCB1EE480A85ED148A85ED150A3A
:1096700085ED208A85ED210A94ED010AD4ED040AD6
:1096800020EE280A20EE200AD4ED020A20EE200A5D
:10969000D4ED030A80EE201A85ED271A94ED070A0F
:1096A00085ED280A94ED080A85ED290A606AC5F857
:1096B000B000A06AC5F8B400BDEC068B70BD000018
:1096C000DB0FC9400000000070B50C4605002CD02F
:1096D0005CB3D4ED001AF5EEC01AF1EE10FA24DDF9
:1096E000D4ED030AF5EEC00AF1EE10FA1DDDB6EE78
:1096F000000A21EE800AF4EEC00AF1EE10FA14D24C
:1097000094ED041AB5EEC01AF1EE10FA0DDDB4EEC8
:10971000C01AF1EE10FA08D294ED060A94ED072A69
:10972000B4EEC20AF1EE10FA01DAF6F7A5FE227DD8
:1097300094ED020A05F1400105F11800FFF7D6FC8F
:1097400094ED010A002085ED0F0A85ED190A94EDCC
:10975000060A85ED1A0A94ED070A85ED1B0A68676B
:1097600070BD10B50446806B012807D8FEF7B2FA29
:10977000FEF7AEFAFEF7ABFAFEF7ABFA6079062811
:1097800004D1FEF745FD08B10120A062002010BD04
:1097900010B5806B012805D8FEF79CFAFFF72BFD6A
:1097A000FEF795FA012010BD10B5806B012803D893
:1097B000FEF7F2FBFFF71EFDFEF7CAF808B1002026
:1097C00010BD4FF0FF3010BD10B5806B012803D8DD
:1097D000FEF780FAFFF70FFD012010BD10B504461B
:1097E000806B012805D8FEF773FAFEF7D3FB002043
:1097F0002063FEF76FFAFEF7EFFC012807D1FEF7B2
:10980000C8FBFEF766FAFEF7A7F8012800D0002093
:1098100010BD10B50446806B012809D8FEF75AFA2E
:10982000FEF756FAFEF753FAFEF753FAFFF7E3FC9A
:10983000FEF7EEFB28B1FEF78DF8002800D00120DE
:1098400010BD616B206D401A40F6B831884202D9D4
:109850004FF0FF3010BD002010BD10B50446806BE6
:10986000012803D8FEF795FBFEF792FBFEF7B6FC46
:1098700008B1012010BD616B206D401A41F28831A2
:10988000884202D94FF0FF3010BD002010BD00000B
:1098900030B503464FF6FF700022074C08E09D5C90
:1098A000521C85EA102534F8155085EA002080B254
:1098B0008A42F4D330BD000050B30008002180F884
:1098C0000811A0F81011A0F8281170477047000087
:1098D00070B50B4C0B4D04F50F710A23D4F83822E8
:1098E000286800F0A7FBD4F84C22002A07D004F522
:1098F00014712868BDE870400A2300F09BBB70BD5E
:10990000700F002014000020010601D506207047CA
:10991000810701D401207047410701D40520704719
:10992000C10708D0C143090707D000F00F0007287E
:1099300005D00020704702207047042070470320A4
:109940007047FAF763B800000FB470B50D4D286882
:10995000002813D080210C48F6F72FFE05AA0A48EC
:109960000499F6F777FD0848F6F791FD044602469C
:109970000A230549286800F05DFB204670BC5DF8AD
:1099800014FB0000140000209C04002010B5344893
:10999000FFF7DAFF3348FFF7D7FF3348FFF7D4FF6D
:1099A0003248FFF7D1FF3248FFF7CEFF3148FFF7CB
:1099B000CBFF3148FFF7C8FF3048FFF7C5FF3048FD
:1099C000FFF7C2FF2F48FFF7BFFF2F48FFF7BCFF8D
:1099D0002E48FFF7B9FF2E48FFF7B6FF2D48FFF7D7
:1099E000B3FF2D48FFF7B0FF2C48FFF7ADFF2C4821
:1099F000FFF7AAFF2B48FFF7A7FF2B48FFF7A4FFAD
:109A00002A48FFF7A1FF2A48FFF79EFF2948FFF7E2
:109A10009BFF2948FFF798FF2848FFF795FF284844
:109A2000FFF792FF2748FFF78FFF2748FFF78CFFCC
:109A30002648FFF789FF2648FFF786FF2548FFF7EE
:109A400083FF2548FFF780FF2448FFF77DFF1C4870
:109A5000FFF77AFFBDE8104021A0FFF775BF0000B7
:109A6000E0B7000828B8000898B70008B8B80008A0
:109A700070B8000848B9000868BA000820BA0008A1
:109A800090B90008E8BE000830BF000878BF0008A1
:109A9000C0BF000808C00008A0BE000858BE0008EB
:109AA00010BE0008C8BD000880BD000838BD000811
:109AB00040BB0008B0BA0008D8B9000800B90008D7
:109AC00050B70008F8BA0008D0BB000860BC000816
:109AD000A8BC000818BC000888BB0008F0BC00083F
:109AE0005B6F6B61795D2047656E6572616C206D9F
:109AF0006F746F7220706C6174666F726D20726526
:109B00006164792E0D0A0000814202D9C9430844DC
:109B10007047401A704770477047704738B5040067
:109B20001FD0D4F82C0200281BD1B4F82401012541
:109B300048B1012813D0FF2811D02046BDE8384095
:109B4000012100F052B9B4F826315BB104F59570EB
:109B50000090B4F822110022204600F0DAF9C4F88F
:109B60002C5238BD2046BDE8384000F02EB918B15F
:109B700090F83012012901D000207047D0F84C0233
:109B8000C0F58070704710B5040008D04FF45971CB
:109B9000F6F735FD002084F8080184F8300210BD86
:109BA0002DE9F047040070D0D4F80401002640B13C
:109BB000C4F80461B4F80001A4F802012046FFF7DC
:109BC0007DFE94F830020327022830D094F830024A
:109BD00003285AD094F83002042856D094F8300262
:109BE000052852D04FF0010804F5897A04F59579DB
:109BF000B4F80201B4F8001188426ED0B4F8020142
:109C0000255CB4F80201401CA4F80201B4F802017A
:109C1000FF2801D9A4F80261FFF793FEC4F80C01F4
:109C200094F8080101280AD0022808D009E020464B
:109C300000F098F984F830720220BDE8F0877B2D9F
:109C400007D050B101280DD0022847D0032818D1E1
:109C500050E02046FFF732FE01E07B2DC8D184F8AA
:109C60000881C5E7252D06D0B4F810017D2D06D05A
:109C700006282CD305E0022084F80801B8E706285E
:109C800004D02046FFF71AFEB2E76FE0B4F8165191
:109C900004215046FFF7FCFDA84205D0D4F8580334
:109CA000401CC4F85803ECE794F81201A4F8220110
:109CB00094F81301A4F82401B4F81401A4F82601BF
:109CC000B0F5807FDDD860B384F8087190E7411C5F
:109CD000A4F8101100F80A508AE72FE0B4F8100138
:109CE0000628CED2411C85F02003A4F8101100F8FC
:109CF0000A30B4E7B4F82801411CA4F8281100F890
:109D00000950B4F82611B4F82821881C80B2824288
:109D1000A7D101EB090005884846FFF7B9FDA84225
:109D200006D12046C4F82C62FFF7C8FD012084E765
:109D3000D4F85C03401CC4F85C03A2E794F8080163
:109D4000A0B13226D4F80C51FFF7FBFD854202D9B1
:109D5000E943084400E0401BB04207D32046FFF728
:109D6000ADFDD4F86003401CC4F86003002064E734
:109D7000002802D00121C0F82C12704770B50028CD
:109D800018D0002916D000231CE000BFB0F8004115
:109D9000641CA4B2FF2C00D90024B0F80251A542E3
:109DA00009D1D0F85413D21A1144C0F85413012128
:109DB000C0F8041170BDCD5CB0F800618555A0F805
:109DC00000415B1C9342E1D370BD10B504000BD081
:109DD000B4F82421B4F8221100F0ABF8204600F0CA
:109DE0008EF80120C4F82C0210BD1CB5040011D05F
:109DF00094F824018DF8040001A800908DF8051056
:109E0000B4F8221102230122204600F082F801203A
:109E1000C4F82C021CBD70B51546040018D094F887
:109E20003002012814D1002912D0002D10D0D4F80E
:109E30004C024219B2F5807F0AD804F5147210441E
:109E40002A46F6F743FBD4F84C022844C4F84C02E7
:109E500070BD10B5002816D090F83022012A12D11A
:109E6000D0F84C22931CB3F5807F0CD8541C00F51D
:109E70001473C0F84C42D1540C0AD0F84C124A1C4E
:109E8000C0F84C22CC5410BD30B5002824D090F836
:109E90003022012A20D1D0F84C321A1DB2F5807F31
:109EA0001AD800F514725C1CC0F84C429954D0F8D2
:109EB0004C320D0A5C1CC0F84C429D54D0F84C3218
:109EC0000D0C5C1CC0F84C429D540C0ED0F84C128A
:109ED0004B1CC0F84C328C5430BD10B500280DD04E
:109EE00090F83022012A09D1D0F84C22FF2A05D857
:109EF00000F51473541CC0F84C42D15410BD002816
:109F000006D090F83012012902D1022180F83012D7
:109F1000704770B51E460546049C00F00AF83246AC
:109F200021462846FFF777FF2846BDE87040FFF737
:109F3000E6BF00280FD090F83032002B0BD1C9B209
:109F4000A0F83212D1B2A0F834120021C0F84C129D
:109F5000012180F830127047002802D0002180F8DB
:109F6000301270477CB5040050D0B4F84C020504A0
:109F70002D0C12D004F5147029460646FFF788FC14
:109F8000D4F84C124A1CC4F84C228855020AD4F862
:109F90004C02411CC4F84C12825594F832028DF8E0
:109FA000000094F834028DF801008DF80250280A60
:109FB0008DF8030004216846FFF76AFC8DF8040061
:109FC000000A8DF805007B2084F83C020120002166
:109FD00025256B465A5C7B2A03D07D2A01D0252A91
:109FE00006D12218401C82F83C525A5C82F02002B2
:109FF0002618401C491C86F83C220629EAD37D21FC
:10A000002218401C82F83C12C4F838027CBD0000C3
:10A0100010B540B1012908D0002281880068F9F705
:10A02000EFFC002010BD024810BD0122F5E7000042
:10A030000100004010B5074C40B139B132B192B2C5
:10A04000FBF768FA002802D0032801D0204610BD93
:10A05000014810BD010000400B00002010B5002891
:10A06000029C06D0016082808360FF2C00DDFF240B
:10A07000C46010BD2DE9F04F060093B04FF0000012
:10A08000ADF81800054609D034683CB1B4F8241185
:10A09000B088814206D0421C914203D0002013B008
:10A0A000BDE8F08F401C814203D1B4F8260101289D
:10A0B00022D004F595700090B4F826110FAB06AAD3
:10A0C00000F086FBE0B1B4F8261104AB06AA0098B4
:10A0D00000F062FBA0B1B4F8261108AB06AA009804
:10A0E00000F067FB60B19DF8101001290DD0022926
:10A0F0000BD0042912D108E0304600F07CFB71E05F
:10A1000002212046FFF771FE69E0BDF8200028B16A
:10A110004FF0FF32B2FBF1F2824202D20125002061
:10A1200000E048430F9F65BBB188B4F82421491C67
:10A130008A4201D1012100E000218B46B168B1F1D2
:10A14000000A22D0F168B1F100091EDDE8B1C24376
:10A1500097421AD807EB000E002114E00AEB011217
:10A16000D2E900386FEA080C9C450BD398449F4213
:10A1700008D3C64506D8BBF1000F07D09168012966
:10A1800003D103E0491C8945E8DC0125B4F824210A
:10A19000B1888A4232D115B9FF2800D90225B4F816
:10A1A00022112046FFF7C5FE29462046FFF795FEFF
:10A1B00075B111E09DF81010204605FB01720129D0
:10A1C00012D0022914D01168FFF75EFE6D1CADB2EB
:10A1D000BDF820008542EDD32046FFF790FE2046D3
:10A1E000FFF7C6FD01205AE71178FFF776FEEDE78D
:10A1F0001188ADF81410FFF72CFEE7E715BBBDF88A
:10A2000018100844B4F82611884201D9012519E034
:10A21000002613E09DF8100006FB007801281DD0F1
:10A220000228B4F82611009809AB06AA22D000F043
:10A23000CFFA0999C8F80010761CB6B2BDF8200014
:10A240008642E7D3B4F82421B4F822112046FFF760
:10A2500070FE29462046FFF740FEBDE7B4F8261100
:10A2600009AB06AA009800F097FA9DF8241088F828
:10A270000010E1E700F09DFABDF82410A8F80010E6
:10A28000DAE710B50028029C06D001608280836066
:10A29000FF2C00DDFF24C46010BD2DE9FF5F050029
:10A2A0004FF00000ADF8000009D02C683CB1B4F8C4
:10A2B0002411A888814206D0421C914203D000207C
:10A2C00004B0BDE8F09F401C814203D1B4F82601E0
:10A2D00001281CD0B4F8269104F5957802AB6A46A3
:10A2E0004946404600F0D7FEA8B1B4F82421A8881A
:10A2F0004FF00006824252D1B4F822112046FFF7F7
:10A3000018FE00212046FFF7E8FD002737E0284629
:10A3100000F0CEFE97E002212046FFF766FD8FE0B9
:10A3200001AB6A464946404600F0B5FE58B39DF879
:10A330000400E968814221DDA96801EB001A9AF85E
:10A34000040018B3012821D0042083462046FFF7DB
:10A350000EFC01460BF10100814214D39DF804105C
:10A360002046FFF7BAFDDAF80000BBF1020F0FD06C
:10A3700001682046FFF788FD761CF6B27F1C9DF829
:10A3800008008742CCD384F8506256E00220DCE714
:10A390000188ADF80C102046FFF75BFDECE70027C5
:10A3A0003CE003AB6A464946404600F074FE90B17B
:10A3B0009DF80C00E96881420DDDA96801EB0010F1
:10A3C000017951B1012908D0BDF80030414603F1AF
:10A3D000040CCC4514D9012624E0BDF800108C46AD
:10A3E000891C4945F7D80CEB08021288ADF8042007
:10A3F000ADF80010816801290ED1006802800CE0E0
:10A40000CA1C03EB08019A5C0968ADF800C062F34E
:10A410001F618268012A18D001267F1C9DF8080060
:10A420008742BED3B4F82421B4F822112046FFF7A6
:10A4300080FD31462046FFF750FD2046FFF75FFDC7
:10A440002046FFF795FC01203AE700680160E4E749
:10A4500010B548B141B1B0F84020102A06D309A088
:10A46000FFF772FA012010BDF6F706F800228A61A4
:10A47000B0F840209300521CA0F84020C1500020AA
:10A4800010BD00007461736B20717565756520697E
:10A49000732066756C6C2E0D0A0000002DE9F041EA
:10A4A000040011D0E06C401CE064FFF74AFA656CD0
:10A4B000064600276DB1A564206D401C20656968C3
:10A4C0002846884710B11FE0F5F7D6FFEE606764B5
:10A4D0001AE00020B4F840201CE000BF54F82050DF
:10A4E000BDB12969A9B1E968B14202D9CB43991933
:10A4F00000E0711AAB688B420BD8A56469682846E6
:10A500008847012803D0EE60A764BDE8F081656448
:10A51000FAE7401C8242E1DCF7E710B568B10021A0
:10A52000A0F8401041648164C1640A46016540F8A6
:10A530002210521C102AFADB10BDF5F79DFF10B552
:10A540000028029C06D0016082808360FF2C00DD21
:10A55000FF24C46010BD70B5050006D02C6824B17E
:10A56000B4F82401A988884201D0002070BDB4F855
:10A57000260140B194F82A11052920D2DFE801F024
:10A580000B0F13171B0002212046FFF72EFC20465D
:10A59000FFF7EEFB1AE0284600F0C6FA16E0284660
:10A5A00000F035FA12E0284600F0FEF90EE02846E9
:10A5B00000F0A7FB0AE0284600F021FB06E0FF229E
:10A5C000284600F07AF9284600F08CF9012070BD89
:10A5D00038B51548FFF7A1FF144D0024C4EBC400A3
:10A5E00005EB80011048FFF733FF641C042CF5D302
:10A5F0000F48FFF7C8FA0D2000900B480D4B302292
:10A600000B492038FFF73DFE01200090094B06481A
:10A61000D033502206491038FFF720FDBDE83840FE
:10A62000034800F0A9BD00002420002058000020AD
:10A63000700F002050B5000810B500B30021017163
:10A640000122427181630165018041808162C162A2
:10A6500080F8241041656421C16301644164816410
:10A66000084981600849C1600849016108494161A0
:10A67000084981610849C1610849016210BDF5F7C7
:10A68000FBFE000013980008DD9700085B980008A7
:10A69000A9970008C99700089197000863970008D8
:10A6A0008CB0F9F7C1F9FBF75BFBFBF71BF93448FA
:10A6B000816C41F004018164816C01F0040100911E
:10A6C000816C41F001018164806C002200F0010086
:10A6D000009011460B20F9F7FFF90B20F9F7EEF97E
:10A6E000002211460C20F9F7F7F90C20F9F7E6F9EA
:10A6F000FAF7B4FFFBF746F830216846F5F77FFF1D
:10A700002149204808600846F8F720FD08B172B6D4
:10A71000FEE70220009000208DF804008DF805006F
:10A720000290039004210490CDE9050102460790B0
:10A7300069461548F8F724FC08B172B6FEE7FBF746
:10A74000ADF8FBF733F9FBF7B5F9FBF7FBF9FBF7CE
:10A7500041FAFBF7CDFAFFF7E0F900F013FBFFF742
:10A7600015F9FDF7A5FDFFF733FFFFF7D5F900BF9A
:10A77000FFF7D1F900F00AF8FEF736FDF8E7000020
:10A780000010024000080050A00100200148FFF71F
:10A7900085BE00002420002010B514888C4201D30F
:10A7A000002010BD005D18701088401C1080012032
:10A7B00010BD30B51488A51C8D4201D9002030BDD4
:10A7C0002044008818801088801C1080012030BD33
:10A7D00030B51488251D8D4201D9002030BDC11C23
:10A7E0002044615C006861F31F6018601088001DE0
:10A7F0001080012030BD2DE9F0410668002790F857
:10A800000C80B6F826113D463C4609B196F82A71EF
:10A81000474502D2806800EB0715B6F82421B6F848
:10A8200022113046FFF785FB02213046FFF755FB2A
:10A830008DB300213046FFF750FB41463046FFF70D
:10A840004CFB39463046FFF748FB75B33046296864
:10A85000FFF71AFB30466968FFF716FB297A304686
:10A86000FFF73BFB3046EF68FFF781F9054667B11C
:10A87000012D0AD93846F5F70AFE691E04468842BA
:10A8800000D90C463F2C00D93F24E1B23046FFF7F7
:10A8900024FB002507E0FFE70121CBE7795D304687
:10A8A000FFF71BFB6D1CA542F8D33046FFF727FBD3
:10A8B0003046BDE8F041FFF75BBA70B50468154655
:10A8C0000E46B4F82421B4F822112046FFF731FBDC
:10A8D000F1B22046FFF701FBE9B22046BDE8704027
:10A8E000FFF7FBBA10B504460068FFF708FB2068C5
:10A8F000BDE81040FFF73CBA2DE9FC411C46154667
:10A900000E4607466B4600F042F870B101AB2A468E
:10A910003146384600F03BF838B1DDE9000140EA45
:10A92000012020800120BDE8FC810020FBE72DE90B
:10A93000FF411C4615460E4607466B4600F027F8B9
:10A9400018B301AB2A463146384600F020F8E0B192
:10A9500002AB2A463146384600F019F8A8B103ABDD
:10A960002A463146384600F012F870B1DDE90001A0
:10A9700040EA0120029940EA0140039940EA01605F
:10A980002060012004B0BDE8F0810020FAE710B596
:10A9900014888C4201D3002010BD005D186010881F
:10A9A000401C1080012010BD2DE9F04106680746CB
:10A9B000B6F82601022802D396F82B4101E04FF0A9
:10A9C000FF044FF0000511D1F868A0420EDD04EB42
:10A9D00084001C21BA6801EBC001515831B1242315
:10A9E00003EBC0001058884710B102E0012500E0D9
:10A9F00002252A4602213846FFF75FFF21463046EE
:10AA0000FFF76BFA3846BDE8F041FFF76BBFF0B5D2
:10AA1000046891B006460120ADF83800002003908C
:10AA20000F9010900D90ADF830000B90ADF828000D
:10AA3000B4F8261104F5957507460E2901D01029A2
:10AA400060D103AB0EAA2846FFF7A1FF002859D01A
:10AA5000B4F826110FAB0EAA2846FFF798FFE8B30B
:10AA6000B4F826110DAB0EAA2846FFF790FFA8B345
:10AA7000B4F826110CAB0EAA2846FFF73DFF68B3C9
:10AA8000B4F8261110AB0EAA2846FFF750FF28B3E2
:10AA9000B4F826110BAB0EAA2846FFF748FFE8B121
:10AAA000B4F82611102905D10AAB0EAA2846FFF7E3
:10AAB00023FF98B1F1680398814223DDB16800EB70
:10AAC000800011EBC0001DD0816939B1109900EEF2
:10AAD000101A0F9904910D99059100E012E0BDF84C
:10AAE0003010ADF818108DED070A0B990891BDF8DC
:10AAF0002810ADF82410426A836904A910469847CB
:10AB000010B102E0022700E003273A460121304657
:10AB1000FFF7D3FE0398C1B22046FFF7DEF93046B7
:10AB2000FFF7E0FE11B0F0BD2DE9F0470768804661
:10AB30000026D0F80C90B7F8260135463446022896
:10AB400001D397F82B614E454BDAD8F8080006EB95
:10AB5000860110EBC10544D0002200214046FFF7DA
:10AB6000ACFE02213846FFF7B8F909F0FF0138467C
:10AB7000FFF7B3F931463846FFF7AFF985B3297BC4
:10AB80003846FFF7AAF9697B3846FFF7A6F9E98945
:10AB90003846FFF75EF938462969FFF775F93846F8
:10ABA0006969FFF771F93846A968FFF76DF938460A
:10ABB0002E68FEF7DCFF054666B1012D0AD9304646
:10ABC000F5F765FC691E0446884200D90C463F2C07
:10ABD00000D93F24E1B23846FFF77FF9002507E0AE
:10ABE00008E00122B9E7715D3846FFF776F96D1C80
:10ABF000A542F8D34046BDE8F047FFF773BE2DE904
:10AC0000FF470568074601204FF00008ADF808002F
:10AC1000FF20CDF804800390ADF80080B5F8261130
:10AC200005F595794446464608292BD103AB02AA7F
:10AC30004846FFF7ACFE28B3B5F8261101AB02AACF
:10AC40004846FFF774FEE8B1B5F826116B4602AA34
:10AC50004846FFF751FEA8B1F9680398814211DD1B
:10AC6000B96800EB800011EBC0060BD0706848B1EA
:10AC7000BDF8002032B1B1680198814202D3081AB0
:10AC8000904201D2022408E03CB9326A22B100218C
:10AC9000706A9047022800D00424224604213846D6
:10ACA000FFF70BFE0398C1B22846FFF716F92846B6
:10ACB0000199FFF7E9F844B92846FEF758FFBDF8B7
:10ACC0000010891C884204D2032485F85142ADF853
:10ACD0000080BDF800102846FFF7BBF8002407E00D
:10ACE000019871682044095C2846FFF7F6F8641C57
:10ACF000BDF800008442F3D33846FFF7F3FDBDE80A
:10AD0000FF872DE9F84305680746B5F826010228B4
:10AD100002D395F82B4100E0FF244FF00008CDF856
:10AD20000080B5F826014646022827D1F868A042DF
:10AD300024DD04EB84002022B96802EBC0028A58AB
:10AD4000E2B1242303EBC000085869469047064649
:10AD5000424603213846FFF7B0FD21462846FFF75B
:10AD6000BCF831462846FFF7B8F828460099FFF7A7
:10AD70008BF83846FFF7B6FDBDE8F8834FF00108C1
:10AD8000E6E7704700B57C497A482DED068B81B027
:10AD900008607AA0FEF7D8FD9FED7CAAF0EE4A0A83
:10ADA000DFED7B8AB0EE680AFCF782FDB0EE408AE8
:10ADB0009FED789AB0EE491ADFED779AB0EE680A07
:10ADC000F0EE690AFDF726FA744918230C22F0EE1A
:10ADD000480AA1F13000FEF769F9DFED71AAB0EE83
:10ADE000680AF0EE6A0AFCF763FDB0EE408AB2EE44
:10ADF000041ADFED6C0AB0EE680AFDF70BFA67493A
:10AE000018233C310C22F0EE480AA1F13000FEF785
:10AE10004DF9F0EE6A0AB0EE680AFCF749FDB0EEB3
:10AE2000408AB0EE491ADFED600AB0EE680AFDF71D
:10AE3000F1F95A49182378310C22F0EE480AA1F1B1
:10AE40003000FEF733F9F0EE6A0AB0EE680AFCF75C
:10AE50002FFDB0EE408AB2EE041ADFED540AB0EED8
:10AE6000680AFDF7D7F94D491823B4310C22F0EEEA
:10AE7000480AA1F13000FEF719F9F0EE4A0AB0EEE7
:10AE8000680AFCF715FDB0EE408AB0EE491AF0EE04
:10AE9000690AB0EE680AFDF7BDF9404818230C2294
:10AEA000F0EE480A4249C030FEF742F8F0EE6A0A76
:10AEB000B0EE680AFCF7FCFCB0EE408AB2EE041A71
:10AEC000DFED3C0AB0EE680AFDF7A4F938493348D3
:10AED00018230C22F0EE480A091DD830FEF728F896
:10AEE0002E48483000F13C0300F1780200F1900157
:10AEF00000903148FCF74EFB3C213048F9F7CEFD7D
:10AF00003C212F48F9F7CAFD2E48F7F769FB2E4878
:10AF1000F7F766FB00212D48F9F79CFF04212B4829
:10AF2000F9F798FF08212948F9F794FF0C212748E1
:10AF3000F9F790FF00212548F9F7D4FB04212348B5
:10AF4000F9F7D0FB08212148F9F7CCFB0021204874
:10AF5000F8F73EF910211E48F8F73AF901B00F4909
:10AF60002022BDEC068BF03102485DF804EBFAF7C5
:10AF700010B80000480300201400002048656C6CE5
:10AF80006F20576F726C64210D0A000000000000F2
:10AF90003333534089C038426058E03C4C050020B0
:10AFA0003333D33FCDCC4C3DC3F5283DA69B443D28
:10AFB0001C00002083C0CA3C580A00206402002004
:10AFC000B0020020C8000020340100201802002038
:10AFD000A001002010B509A0FEF7B6FC0B480168DF
:10AFE00039B10021016001214068FFF711F800200C
:10AFF00010BD012101600021F6E7000048656C6C7E
:10B000006F20576F726C64210D0A00005000002001
:10B0100008B5FEF75BFC1848FEF7C2FD012807D013
:10B02000022818D1FEF754FC1348FEF795FF12E0F2
:10B030001248FFF732F970B910481030FFF71AF8CC
:10B0400048B900F093F830B90B48B0F824119929A9
:10B0500003D0FEF763FD002008BD09490091B0F858
:10B060002631B0F8221100220348FEF752FF0248B1
:10B07000FEF77EFEEFE70000700F002004200020A6
:10B080009A10002010B5FFF77CFE002010BD0021B3
:10B0900001610846704710B514888C4201D3002026
:10B0A00010BD005D18701088401C1080012010BD7C
:10B0B0002DE9F0410668002790F80C80B6F82611BB
:10B0C0003D463C4609B196F82A71474502D2806850
:10B0D00000EB0715B6F82421B6F822113046FEF72A
:10B0E00028FF02213046FEF7F8FE6DB300213046FE
:10B0F000FEF7F3FE41463046FEF7EFFE3946304696
:10B10000FEF7EBFE4DB329793046FEF7E6FE297ACD
:10B110003046FEF7E2FE3046EF68FEF728FD0546B2
:10B1200067B1012D0AD93846F5F7B1F904463F2831
:10B1300000D93F24681E844200D90446E1B230465B
:10B14000FEF7CBFE002506E00121D0E7795D304611
:10B15000FEF7C3FE6D1CA542F8D33046FEF7CFFEC6
:10B160003046BDE8F041FEF703BE00000148FCF7A1
:10B17000EDBE0000541F00201FB5074A42F21074B4
:10B180006423A2F5C8618DE81E00014603A3602276
:10B190000648FDF72DFB1FBD14190020436F6E7488
:10B1A000726F6C2053636F7065000000541F0020A5
:10B1B00010B500290AD00878002807D0054878443F
:10B1C000F5F744FA002801D0002010BD0248784469
:10B1D00010BD0000E20E0000DA0E000010B50029DC
:10B1E0000AD00878002807D005487844F5F72EFAE9
:10B1F000002801D0002010BD0248784410BD000096
:10B20000D20E0000CA0E000000EE100A00EE901AE6
:10B21000B4EE600AF1EE10FA78BF704700F00DB896
:10B2200010B5FFF7F1FFEFF3008020F0104038BFBA
:10B2300040F0004080F3008810BDBDE8104010B51C
:10B2400000F017F80000000900F007B84FF0404088
:10B2500010F1004FEFF300807047401058BFC0F16D
:10B260004040491058BFC1F140418142EFF3008096
:10B2700070470EF1020E2EF0030E5EF8044B2442CE
:10B2800004D44FEA4102B2F17F4F11D84FEA400394
:10B29000B3F17F4F0CD80ED14FEAD07CB2F17F4F83
:10B2A0000CEB4C0C0CF1020C08BF4CEBD17C04E015
:10B2B0004FF0080C01E04FEAD17C0CEB4C0324FA70
:10B2C00003F404F00704B4F1040C06D20EEB840C72
:10B2D000BDE810404CF0010C6047DFE80CF00708B7
:10B2E00002024FF00040A0F5800010BD0846420069
:10B2F00018BFD2F1807288BF00F0004010BD4FF03F
:10B300004070E1EE100A7047F5F731BEF5F766BF01
:10B31000010002000400060008000A000C001000F2
:10B32000200040008000000101010103070100002E
:10B3300008040204080101010000000000000000F0
:10B3400001020304060708090000000001020304CB
:10B3500000002110422063308440A550C660E77091
:10B36000088129914AA16BB18CC1ADD1CEE1EFF139
:10B370003112100273325222B5529442F772D662E1
:10B38000399318837BB35AA3BDD39CC3FFF3DEE389
:10B390006224433420040114E664C774A444855431
:10B3A0006AA54BB528850995EEE5CFF5ACC58DD5D9
:10B3B0005336722611163006D776F6669556B44681
:10B3C0005BB77AA719973887DFF7FEE79DD7BCC729
:10B3D000C448E5588668A7784008611802282338D1
:10B3E000CCC9EDD98EE9AFF9488969990AA92BB979
:10B3F000F55AD44AB77A966A711A500A333A122A21
:10B40000FDDBDCCBBFFB9EEB799B588B3BBB1AABC8
:10B41000A66C877CE44CC55C222C033C600C411C70
:10B42000AEED8FFDECCDCDDD2AAD0BBD688D499D18
:10B43000977EB66ED55EF44E133E322E511E700EC0
:10B440009FFFBEEFDDDFFCCF1BBF3AAF599F788F68
:10B450008891A981CAB1EBA10CD12DC14EF16FE148
:10B460008010A100C230E320045025404670676080
:10B47000B9839893FBA3DAB33DC31CD37FE35EF398
:10B48000B1029012F322D2323542145277625672D0
:10B49000EAB5CBA5A89589856EF54FE52CD50DC5E8
:10B4A000E234C324A0148104667447642454054420
:10B4B000DBA7FAB79987B8975FE77EF71DC73CD738
:10B4C000D326F2369106B016576676761546345670
:10B4D0004CD96DC90EF92FE9C899E9898AB9ABA988
:10B4E0004458654806782768C018E1088238A328C0
:10B4F0007DCB5CDB3FEB1EFBF98BD89BBBAB9ABBD8
:10B50000754A545A376A167AF10AD01AB32A923A0F
:10B510002EFD0FED6CDD4DCDAABD8BADE89DC98D27
:10B52000267C076C645C454CA23C832CE01CC10C5F
:10B530001FEF3EFF5DCF7CDF9BAFBABFD98FF89F77
:10B54000176E367E554E745E932EB23ED10EF01EAF
:10B550006106002000000000010000000000000063
:10B560006006002000000000000000000000000055
:10B57000200B00200400000000000000000000007C
:10B580007C0A002004000000010000000000000010
:10B59000800A0020040000000100000000000000FC
:10B5A000C40A0020040000000000000000000000A9
:10B5B000C80A002004000000000000000000000095
:10B5C000740D0020040000000100000000000000D5
:10B5D000780D0020040000000100000000000000C1
:10B5E0006C0D0020040000000000000000000000BE
:10B5F000700D0020040000000000000000000000AA
:10B6000034000020040000000000000000000000E2
:10B61000E40E002004000000000000000000000014
:10B62000580A0020E00200000100000000000000B5
:10B63000000000000000000030313233343536376E
:10B640003839414243444546403058003031323366
:10B650003435363738396162636465664030780066
:10B6600004000008000000000000000200010000CB
:10B6700010000000000000006E83F9A22915444E5E
:10B68000D15727FCC0DD34F5999562DB4190433CEE
:10B69000AB6351FE3031323334353637383961627D
:10B6A000636465667870003031323334353637384C
:10B6B00039414243444546585000000002400000D2
:10B6C000000000A00000000005400000000000C8CD
:10B6D000000000000C4000000000409C0000000042
:10B6E000194000000020BCBE0000000034400000F3
:10B6F000BFC91B8E00000004B5400000504BCFD0E6
:10B700006607E2CF010000006C4100003E8251AAB2
:10B71000DFEEA73401000000D9420000DCB5A0E252
:10B720003A301F97FFFFFFFFB4450000FD25A0C87A
:10B73000E9A3C14FFFFFFFFFFF3F000000000080B3
:10B7400000000000FF3F000000000080000000003B
:10B7500020202020202020202020202020202020E9
:10B7600020202020202020202020202020202020D9
:10B7700020202020202020202020202020202020C9
:10B7800020202020202020202020202020202020B9
:10B7900020200D0A00000000202020202020202052
:10B7A00020202020202C6C4B4D4D573A634D4E6B82
:10B7B0002C3A64646C20202020202020202020208F
:10B7C0002020202020202020202020202020202079
:10B7D000202020202020202020200D0A0000000012
:10B7E0002020202020202020202020202020202059
:10B7F0002020202020202E2E2C3B3B3B3B2C2020A9
:10B800002020202020202020202020202020202038
:10B810002020202020202020202020202020202028
:10B8200020200D0A000000002020202020202020C1
:10B8300020202020202020202E2C6F6F4B574D5889
:10B84000784B4D4D4E2E20202020202020202020DF
:10B8500020202020202020202020202020202020E8
:10B86000202020202020202020200D0A0000000081
:10B870002020202020202020206C574D4D4D573B6C
:10B8800020202E3A64304E4E27583A206F642020F4
:10B8900020202020202020202020202020202020A8
:10B8A0002020202020202020202020202020202098
:10B8B00020200D0A00000000202020202020202031
:10B8C00020202063584D6C636B576B3B2020202E4B
:10B8D0002E2C2E206F6F20202020202020202020A2
:10B8E0002020202020202020202020202020202058
:10B8F000202020202020202020200D0A00000000F1
:10B900002020202020202020202020202020202037
:10B91000202020273A6F784F4F58585858584B7866
:10B92000786F3A272020202020202020202020204F
:10B930002020202020202020202020202020202007
:10B9400020200D0A00000000202020202020202E92
:10B950004B4F63784E642E20634F4E4E4E4E4E4EEC
:10B960002E303A206F642020202020203B6F2C2096
:10B9700020202020202020202020202020202020C7
:10B98000202020202020202020200D0A0000000060
:10B99000202020202C4D4D4B4F27203A4E4E4E4E0E
:10B9A0004E4E4E4E4E58306C2C2E202020202E2CE9
:10B9B0006F6B6B6B6B6C2E202020202020202020B2
:10B9C0002020202020202020202020202020202077
:10B9D00020200D0A00000000202020202020202010
:10B9E0002020202020202E3A784B584D4D4D4D4F91
:10B9F000644B4D4D4D4D786F4D4D4D4D584B783BF3
:10BA00002020202020202020202020202020202036
:10BA1000202020202020202020200D0A00000000CF
:10BA200020202020206C5778584B64202C584E4EF4
:10BA3000632E2E304E4E4E584B583A206F6B646F2B
:10BA4000636B6B6B6B6B6B6F27202020202020209B
:10BA500020202020202020202020202020202020E6
:10BA600020200D0A00000000202020202020635705
:10BA70004D4D303A20206C4E6B2E2E584E4E4E4E71
:10BA80002E4F3A206F64202020203B786B6B6B7820
:10BA90003B2020202020202020202020202020208B
:10BAA000202020202020202020200D0A000000003F
:10BAB0002020202020202020202020203B4F4D4DE2
:10BAC0004D4D6F636B4D4E782E3A787878782E63B3
:10BAD0004E4D4B6F6F4D4D4D57783A202020202012
:10BAE0002020202020202020202020202020202056
:10BAF00020200D0A000000002020202020202020EF
:10BB000020202020205F5F5F5F5F5F5F5F5F5F5F80
:10BB10005F5F5F5F5F5F5F5F5F5F5F5F5F5F5F5F35
:10BB20005F5F5F5F5F2020202020202020202020DA
:10BB3000202020202020202020200D0A00000000AE
:10BB40002020202020202020202E6F574D4B644F96
:10BB500057576B2E2E3B3A6C646B3A206F786F6CA4
:10BB60003A3B2720644E4D783B584D4E6F202020A5
:10BB700020202020202020202020202020202020C5
:10BB800020200D0A0000000020202020202020205E
:10BB9000202020207C2020205C5F5F5F5F7C2020B5
:10BBA000207C5F7C20207C5F7C2020207C5F7C20B0
:10BBB00020202020207C2020202020202020202029
:10BBC000202020202020202020200D0A000000001E
:10BBD0002020202020202020202020207C20202009
:10BBE000205F5F5F5F20202020205F5F20205F5F5D
:10BBF00020202020205F5F5F5F202020207C2020ED
:10BC00002020202020202020202020202020202034
:10BC100020200D0A000000002020202020202020CD
:10BC2000202020207C20207C207C5F7C207C202009
:10BC3000207C207C20207C207C2020207C20205FF9
:10BC40005F2F2020207C202020202020202020204A
:10BC5000202020202020202020200D0A000000008D
:10BC60002020202020202020202020207C20202078
:10BC70002F205F5F5F7C2020207C20205C2F2020F5
:10BC80007C2020207C20205F205C2020207C202025
:10BC900020202020202020202020202020202020A4
:10BCA00020200D0A0000000020202020202020203D
:10BCB000202020207C20207C207C20205F20202031
:10BCC000207C207C5C2F7C207C2020207C207C5FC2
:10BCD00029207C20207C20202020202020202020A3
:10BCE000202020202020202020200D0A00000000FD
:10BCF0002020202020202020202020207C5F5F5F2B
:10BD00005F5F5F5F5F5F5F5F5F5F5F5F5F5F5F5F43
:10BD10005F5F5F5F5F5F5F5F5F5F5F5F5F7C202094
:10BD20002020202020202020202020202020202013
:10BD300020200D0A000000002020202020202020AC
:10BD40006C574D4D4D4D302E27276F30574D3A2EA5
:10BD50003B4D3A206F4F2058274B6F6B6C272E2E90
:10BD60006B4D4D4D4D4E3A2020202020202020208C
:10BD7000202020202020202020200D0A000000006C
:10BD80002020202020202E4F4E6B4B58576F2E6CBA
:10BD90005830272E6F4D6F20204D3A206F5820309D
:10BDA0002E642E643B6C4B632E6C4E4B7864574F65
:10BDB0002020202020202020202020202020202083
:10BDC00020200D0A0000000020202020202E4E4DB3
:10BDD0004D304F2E2E3B4E574D4E632020304D6F31
:10BDE0003A4D3A206F4E642E782E782E642E3B30DA
:10BDF00058632E27784B4D4D582E20202020202090
:10BE0000202020202020202020200D0A00000000DB
:10BE100020202020204B574F4B4D64206B4B2E2071
:10BE20003A584D4B6F4B4D4D4D4D3A206F4E4E6F26
:10BE300027642E633A3B633B3B636B206C4D583069
:10BE400058302020202020202020202020202020AA
:10BE500020200D0A0000000020202020784D586F7F
:10BE60003B2C206B4D4E783A2E2E584D4D4D58643C
:10BE70003B2E2020202E3B6F78274F6B3B2C273BFF
:10BE8000633A6F6B202E6F30584D582E20202020A3
:10BE9000202020202020202020200D0A000000004B
:10BEA0002020202E4D4D4D4D58206C576C6C784BFA
:10BEB000574D4D4D4E3A20202E272727272C2E2038
:10BEC000206C6B2E273B2C2C3B3B3B306F202C57A0
:10BED0004D4D5858642E2020202020202020202046
:10BEE00020200D0A0000000020202020585758571D
:10BEF00058202E5858584E4E4E4E4E584B2C2020FF
:10BF00002E2C2E2E2E2C2E20202E646B782E2020D0
:10BF100020202020202020202020202020202C63D2
:10BF20004E646F6F646C202020200D0A000000001A
:10BF30002020202C57784F632C20306F636363637D
:10BF4000634F4E4B20202E632E20202E2E202E635A
:10BF50002E20206F6B6F2E2E2E2E2E2E2E20202088
:10BF6000202020202E2E78646C6C3A6C6C6C2C2077
:10BF700020200D0A000000002020206F4D4D4D4D67
:10BF800027206060606060606060606020206F20DB
:10BF90002020202020202020782020206060606049
:10BFA00060606060602020202020202E272E2C3012
:10BFB000574B2C6C4D4D6B2020200D0A00000000CB
:10BFC000202020784D4D4D4D27206464636C6F64B4
:10BFD0006464642C20206F2020202020202020203A
:10BFE0007820202C64646464646F6F6F642E20205A
:10BFF00020206C584D783B4F4D576F4B4D4D582777
:10C0000020200D0A000000002020206357643A2CF5
:10C010002C205758272727276C4D4D4E2E20206364
:10C020002E20202020202E632E202E58306F3B2ED5
:10C0300027272C644E20202E786378784D4D30646D
:10C040006F6C3A6C6C6C6C2E20200D0A00000000A6
:10C050006D6F6E69746F725F6461746100000000DF
:10C06000626C696E6B5F6C6564000000646C5F6F8E
:10C070006E6C696E65000000737461727475700097
:10C08000CCC1000800000020C80000001402000815
:10C0900094C20008C80000201026000030020008EA
:10C0A0001C00000043000000F8FFFFFF0C00000030
:10C0B0000E0000000F0000002E0000001001000024
:10C0C00043000000F8FFFFFF004040404040404078
:10C0D000404041414141414040404040404040405B
:10C0E00040404040404040404005020202020202FF
:10C0F000020202020202020202202020202020204E
:10C100002020200202020202020290909090909061
:10C11000101010101010101010101010101010101F
:10C120001010101002020202020288888888888893
:10C13000080808080808080808080808080808087F
:10C140000808080802020202400000000000000087
:10C1500000000000000000000000000000000000DF
:10C1600000000000000000000000000000000000CF
:10C1700000000000000000000000000000000000BF
:10C1800000000000000000000000000000000000AF
:10C19000000000000000000000000000000000009F
:10C1A000000000000000000000000000000000008F
:10C1B000000000000000000000000000000000007F
:10C1C000000000000000000000000000000000006F
:10C1D0001000000001000000000000000024F40036
:10C1E000000000000000000000000000000000004F
:10C1F000000000000000000000000000000000003F
:10C20000000000000000000000000000000000002E
:10C21000000000000000000000000000000000001E
:10C220000000000060C00008D5AF0008E80300006F
:10C2300000000000010000000000000000000000FD
:10C240006CC0000811B000080200000000000000EF
:10C2500001000000000000000000000050C00008C5
:10C2600085B000080200000000000000010000008E
:10C27000000000000000000078C000088FB0000837
:10C28000F4010000000000000100000000000000B8
:04C2900000000000AA
:04000005080001D915
:00000001FF
