:020000040800F2
:10000000A022002025030008DF5E00083D570008FD
:10001000DD5E000891200008ED6A00080000000085
:10002000000000000000000000000000E35E000887
:100030004F21000800000000E15E0008E55E0008B6
:100040003F0300083F0300083F0300083F03000888
:100050003F0300083F0300083F0300083F03000878
:100060003F0300083F0300083F03000895200008F5
:10007000A12000083F0300083F0300083F030008D9
:100080003F030008000000003F0300083F03000892
:100090003F0300083F0300083F0300083F03000838
:1000A0003F0300083F0300083F0300083F03000828
:1000B0003F0300083F0300083F0300083F03000818
:1000C0003F0300083F0300083F0300083F03000808
:1000D0003F0300083F030008E16A00083F030008EF
:1000E0003F0300083F0300083F0300083F030008E8
:1000F0003F0300083F0300083F0300080000000022
:10010000000000003F030008000000003F0300085B
:100110003F030008000000003F0300083F03000801
:100120003F0300083F0300083F0300083F030008A7
:100130003F03000800000000000000003F0300082B
:100140003F0300083F03000800000000000000001B
:10015000000000000000000000000000000000009F
:100160000000000000000000000000003F03000845
:100170003F03000800000000000000000000000035
:10018000000000003F030008000000000000000025
:10019000000000000000000000000000000000005F
:1001A00000000000000000003F0300083F030008BB
:1001B0003F0300083F0300083F0300080000000061
:1001C000000000003F0300080000000000000000E5
:1001D0003F0300083F03000800F002F800F092F827
:1001E0000AA090E8000C82448344AAF10107DA4592
:1001F00001D100F087F8AFF2090EBAE80F0013F052
:10020000010F18BFFB1A43F00103184740B7000065
:1002100060B70000103A24BF78C878C1FAD85207F6
:1002200024BF30C830C144BF04680C607047000070
:100230000023002400250026103A28BF78C1FBD8EF
:10024000520728BF30C148BF0B6070476E2900F0CD
:10025000F182702900F0338466290AF0A2846529AE
:100260000AF09F8467290AF09C8461290AF09B8424
:1002700003681B0A28BF41F08001692900F09E82B3
:10028000642900F09B82752900F098826F2900F0A4
:10029000C083782900F0FF83E92900F05B83E4291B
:1002A00000F05883F52900F05583EF2900F0BD8355
:1002B000F82900F0FE830368DB0928BF41F08001C4
:1002C000632901F01381732901F01881E32901F0FA
:1002D0002381F32901F02881002070471FB50AF01F
:1002E0005BFC01F091F90400002000210AF03EFCC3
:1002F000401C6060002000210AF022FCE0601FBD6D
:1003000010B510BD01F052F91146FFF7E7FF09F0F3
:10031000FBFE01F02FFA03B4FFF7F2FF03BC00F07D
:10032000D9F900000948804709480047FEE7FEE781
:10033000FEE7FEE7FEE7FEE7FEE7FEE7FEE7FEE795
:1003400004480549054A064B70470000515F000804
:10035000D9010008A01C0020A0220020A01E00201F
:10036000A01E002053EA020C00F069802DE9F04B3A
:100370004FF00006002B1FBFB3FA83F503FA05F414
:1003800024FA05F65E4012BF1643B2FA82F502FA6D
:1003900005F4C5F120051EBF22FA05FC44EA0C0451
:1003A000203556EA044C4FEA144418BF641C4FF041
:1003B00000084FF00009904271EB030C39D300297B
:1003C00019BFB1FA81F701FA07F6B0FA80F700FA1F
:1003D00007F6C7F120071EBF20FA07FC46EA0C0605
:1003E0002037B6FBF4FCA7EB0507103F07F01F0B07
:1003F000CBF120060CFA0BFB2CFA06F644BFB346F1
:100400000026202FA4BF5E464FF0000B5BEA060CCF
:1004100008BF4FF0010B19EB0B09ABFB027C48EB5B
:100420000608C01B06FB02CC0BFB03CC71EB0C01D6
:10043000C1E70B46024641464846BDE8F08B13B57E
:100440004FF000004FF00001AFF30080BDE81C400A
:10045000704700001CB50C46064B7B446946009073
:10046000204600F000FA04460020694600F00EFA2B
:1004700020461CBD2F04000010B5002000F0EEFB4C
:10048000FFF73EFFBDE81040012000F023B910B592
:10049000431C02E010F8011B71B18107FAD14FF043
:1004A000013202C88C1A8C4314EAC211F9D0C01A66
:1004B0000A0603D0C01E10BDC01A10BD0A0401D028
:1004C000801E10BD0902FCD0401E10BD032A40F260
:1004D000308010F0030C00F0158011F8013BBCF1E6
:1004E000020F624498BF11F801CB00F8013B38BFFE
:1004F00011F8013BA2F1040298BF00F801CB38BF0C
:1005000000F8013B11F0030300F02580083AC0F029
:10051000088051F8043B083A51F804CBA0E80810D1
:10052000F5E7121D5CBF51F8043B40F8043BAFF304
:100530000080D20724BF11F8013B11F801CB48BF5E
:1005400011F8012B24BF00F8013B00F801CB48BF94
:1005500000F8012B704710B5203AC0F00B80B1E8CD
:100560001850203AA0E81850B1E81850A0E81850E8
:10057000BFF4F5AF5FEA027C24BFB1E81850A0E8F1
:10058000185044BF18C918C0BDE810405FEA827C0B
:1005900024BF51F8043B40F8043B08BF7047D20722
:1005A00028BF31F8023B48BF11F8012B28BF20F8C3
:1005B000023B48BF00F8012B70474FF000020429AE
:1005C000C0F0128010F0030C00F01B80CCF1040C82
:1005D000BCF1020F18BF00F8012BA8BF20F8022BB6
:1005E000A1EB0C0100F00DB85FEAC17C24BF00F85C
:1005F000012B00F8012B48BF00F8012B70474FF08A
:10060000000200B5134694469646203922BFA0E862
:100610000C50A0E80C50B1F12001BFF4F7AF09076E
:1006200028BFA0E80C5048BF0CC05DF804EB89005F
:1006300028BF40F8042B08BF704748BF20F8022BA2
:1006400011F0804F18BF00F8012B70474FF0013CAC
:1006500050F8042B51F8043B9A4221D1A2EB0C0331
:10066000934313EACC1317D150F8042B51F8043BF1
:100670009A4215D1A2EB0C03934313EACC130BD18E
:1006800050F8042B51F8043B9A4209D1A2EB0C0319
:10069000934313EACC13DBD04FF00000704700BF48
:1006A000D01A01BAB1FA81F101F0180122FA01F071
:1006B000CB40C1F12001DBB2C0B2C01A2CFA01F369
:1006C000D11A914311EAC311E6D1704770477047C0
:1006D0007047000001491820ABBEFEE7260002006B
:1006E00010B500F0C9FA006810BD10B5044600F05E
:1006F000C3FA046010BD70B5044685690068C10680
:1007000001D5302600E02026C00707D070BDD4E90F
:10071000012130469047206A401C20626D1EF6D5AC
:1007200070BD70B5044685690078C00707D170BDFB
:10073000D4E9012120209047206A401C20626D1ED0
:10074000F6D570BD09684A0501D540B27047C905A4
:10075000FCD500B2704709684A0501D5C0B27047A0
:10076000C905FCD580B2704770B50C460546012A14
:1007700005D02878800600D5EA69002302E001232D
:1007800005E05B1C934202D2E05C0028F9D1A86925
:10079000E618C01AA861286A184428622846FFF79C
:1007A000AAFF04E0D5E9012114F8010B9047B442F7
:1007B000F8D32846FFF7B5FF70BD00002DE9F041E2
:1007C0000646002410687529314616A510D0FFF79B
:1007D000B9FF002802DA404213A507E031688A0712
:1007E00001D512A502E0490704D511A5012401E0B5
:1007F000FFF7B1FF00210A2206F1240709E0B0FB50
:10080000F2FCB0FBF2F302FB1C00303078541846C7
:10081000491C0028F3D123462A463046BDE8F04162
:1008200000F073BA000000002D0000002B00000053
:100830002000000011680268006A530501D50870A5
:100840000AE0D30501D5088006E0130603D5C217D8
:10085000C1E9000200E008600120704701694A1CFC
:1008600002610878704700B58FB0CDE901310021F1
:10087000059105497944CDE903101146684600F019
:1008800029F90FB000BD0000E5FFFFFF0A6802F87C
:10089000010B0A60704700002DE9FF5F15468A468C
:1008A0000446DFF8AC80F8440027D8E900103E4643
:1008B000CDE9001010E03AF816106A4602A800F0E0
:1008C00037FE411C07D02178890603D5E269391823
:1008D00091420DD80744761C2078800602D5E06945
:1008E000B84205DDAE42E6DB3AF816000028E2D158
:1008F000A069C01BA0612046FFF7FDFED8E90010EB
:10090000CDE90010002017E03AF818106A4602A856
:1009100000F00EFEB0F1FF3F81460BD000250DF137
:10092000080B05E0D4E901211BF8050090476D1C78
:100930004D45F7D308F10100B0428046E4DB206A60
:10094000384420622046FFF7ECFEBDE8FF9F000020
:1009500052A600002DE9F0418046D21D22F0070288
:100960000025D2E90002F52915A614D0011E72F166
:10097000000106DA0023D0EB030063EB020211A6AC
:1009800008E0D8F800108B0701D50FA602E0490750
:1009900001D50EA601251146002408F1240704E024
:1009A00000F06EF930323A55641C50EA0102F7D17A
:1009B0002B46324621464046BDE8F04100F0A5B93D
:1009C000000000002D0000002B00000020000000AF
:1009D00030B4002100F1240408E002F00705D20839
:1009E000303542EA4372DB086554491C52EA03057C
:1009F000F3D10468002310A2250707D5A40600D46C
:100A000021B1C46901230DA2641EC46130BC00F091
:100A10007CB910B5044621461068FFF79CFE0246DB
:100A20002046BDE810400023D2E7D21D22F0070186
:100A3000D1E90023CCE700000000000030000000F6
:100A4000F0B40D460188090502D5214C7C4402E032
:100A50001F4C7C440E34002100F1240608E002F013
:100A60000F071209E75D42EA03721B097754491C1C
:100A700052EA0307F3D102780023120704D5702D40
:100A800006D009B1022311342246F0BC00F03DB972
:100A900001231034F8E770B504460D46214610686E
:100AA000FFF759FE024629462046BDE87040002364
:100AB000C6E7D21D22F00703D3E90023C0E703688D
:100AC000126843F0200303600823C3610023B7E7E3
:100AD000B4A400002DE9F05F894604464FF0000AF7
:100AE000DFF874B1FB44C0F820A02046E1688847D5
:100AF000002874D0252806D0D4E901219047206A27
:100B0000401C2062F1E700265F462046E1688847E6
:100B10002028054607DB312D05D2781910F8200C66
:100B200008B10643F1E7B00701D526F00406C4F882
:100B30001CA00027C4F818A02A2D09D0284606F0CA
:100B400057FC38B304EB8708303DC8F8185019E05B
:100B500059F8041B204604EB87029161E16888473D
:100B6000012F054618D1E069002820DA26F020067A
:100B70001DE0D8F8180000EB800005EB400030388D
:100B8000C8F818002046E1688847054606F030FCA2
:100B90000028EED1012F0AD02E2D08D12046E16881
:100BA00088477F1C0546022F46F02006C4DBA0695B
:100BB000002803DA404246F00106A061F00701D0A8
:100BC00026F010066C2D0BD0682D09D04C2D39D095
:100BD0006A2D35D0742D35D07A2D33D016E038E01B
:100BE000E1682F4620468847B842054609D16C2F58
:100BF00026D04FF48060E1680643204688470546CA
:100C000004E06C2F1AD04FF4807006430DB3A5F1A9
:100C10004100192802D8203546F400664A46294684
:100C2000204626604E46FFF711FB80B101280BD00D
:100C3000F61D26F0070000F1080956E74020E4E71A
:100C40008020D8E70020D6E706F104094DE72846C2
:100C500052E7206ABDE8F09F44A4000010B500F000
:100C60008DFCBDE8104000F083BC000000487047D8
:100C70003C1C002070470000004870473C1C0020CE
:100C800030B5B0F10A024FEA900E71F100034EEA5E
:100C9000817EB0EB0E0061EB91014FEA101E4EEA2F
:100CA000017E10EB0E0041EB11114FEA102E4EEABF
:100CB000016E10EB0E0041EB11214FEA104E4EEA8F
:100CC000014E10EB0E0041EB1141401841F10001C3
:100CD0004FEAD00040EA41704FEAD10110EB8005A5
:100CE0004FEA810444EA907444EB01046D1944EB2B
:100CF0000404521BA3414FF0000348BF0A3200D541
:100D000030BD401C41F1000130BD2DE9F0470D46DA
:100D100099469246044600F124080168880604D5E5
:100D2000E06921F01001216000E00120A84201DD0E
:100D3000471B00E00027A1697A1902EB0900081A95
:100D4000A0612078C00602D42046FFF7D4FC00261C
:100D500008E0D4E901211AF806009047206A401CF7
:100D6000761C20624E45F4DB2078C0060AD520466A
:100D7000FFF7C1FC06E0D4E9012130209047206A4A
:100D8000401C2062381EA7F10107F4DC07E0D4E91B
:100D9000012118F805009047206A401C2062281E97
:100DA000A5F10105F3DC2046FFF7BBFC2078000627
:100DB00002D50220BDE8F0870120FBE770472DE94E
:100DC000FF4F0C461E464FF0FF378BB0D2E90001B3
:100DD000DDF860800A908A46C1F30A5505B93D46A0
:100DE000002108464FF00000BAF1000F00F4400067
:100DF00005DA00EB80004FF4400101EA50004FEAB1
:100E00009059B9F1010F00DDB9460A9850EA4A003D
:100E10000ED044F61050A5F2FF3545432F14B8F11B
:100E2000000F1ED07542291E1EDDC9F100021CE014
:100E3000B8F1010F4FF0000001D0302103E0F24380
:100E400005E02154401CB042FBDB3046002200216B
:100E500021540B99C1F80880C1E900200FB0BDE80A
:100E6000F08FBD1B6D1CDEE74A4600DA694206A81A
:100E700000F00EFC06AB93E8070003AB83E8070025
:100E800050460A9900F09FFC8DE80700A0F500503D
:100E90001F3800900398002D0ADD42F21F014A46D8
:100EA0000844002303A90390684600F008FF09E006
:100EB000A0F500504A461F38002303A90390684656
:100EC00000F012FF8DE807000004000C03D04FF083
:100ED000FF30410800E01046B8F1000F03D00022B7
:100EE000009215461EE0751E05D4FFF7C9FE30328C
:100EF00062556D1EF9D5B3460122084302D0002287
:100F00007F1C04E02078302801D100227F1E002AB7
:100F1000099784D01DE0112D07DAFFF7B1FE3032BA
:100F200062556D1C50EA0102F5D1084302D00098C9
:100F3000C8B10EE00021681E05E0235C625C6354CA
:100F40002254401E491C8142F7DBAB46A81B401EC1
:100F50000990002004F80B000B98099AC0F808804B
:100F6000C0E9002B7AE711264FF0000857E72DE97A
:100F7000F04F88460446D21D22F0070191B0D1E916
:100F80000001CDE90A0105F0B2FD02460B98C00F41
:100F900001D02D2007E02068810701D52B2002E039
:100FA000202101EAC000032A099001D0072A05DBAD
:100FB00003464146204600F02BFB0BE120788006DB
:100FC00001D5E06900E00620B8F1650F814606D042
:100FD000B8F1660F18D0B8F1670F70D131E000207A
:100FE000B9F1110F009001DB112301E009F10103B8
:100FF0000AAA01A90CA8FFF7E2FEDDE90C700026A1
:1010000009F10105834647E001204B4600904FF06F
:1010100000470AAA01A90CA8FFF7D1FEDDE90DB02F
:101020000C995D46002610B909F101000D18B9EBC5
:10103000050003D4C0F1FF3609F10105A5EB090055
:101040002BE0B9F1010F01DA4FF001090020B9F1ED
:10105000110F0090484601DD112300E003460AAA63
:1010600001A90CA8FFF7ABFEDDE90C704D46002688
:101070008346207800070AD4AB4500DA5D4601A814
:10108000012D04DD411911F8011C302907D04F450D
:1010900002DA17F1040F04DA012082460FE06D1E18
:1010A000EEE7002F02DCED1B3E4403E0781CA84273
:1010B00000DD7D1CB81B00F1010A4FF000472078CD
:1010C000000703D4AA4501DB4FF0FF3A0021B7F136
:1010D000004F0DF143088DF8431024D002202B233C
:1010E000002F01DA7F422D230A21021EA0F1010008
:1010F00000DC5FB197FBF1FC97FBF1F201FB1C7C7C
:1011000017460CF1300C08F801CDEEE7A8F101000C
:1011100003702188090501D5452100E06521A0F172
:10112000010800F8011C09980FA9A1EB0807FF1D91
:1011300000B10120411901EBEA70A1693844081A95
:10114000401EA0612078C00602D42046FFF7D3FAE3
:10115000099828B1D4E901219047206A401C2062F7
:101160002078C00622D52046FFF7C5FA1EE0002EE3
:1011700004DBB34502DD01A8805D00E03020D4E946
:1011800001219047206A401C2062761CAAF10100D0
:101190005FEA000A0AD100F037FAC0680168405CD3
:1011A000D4E901219047206A401C2062281EA5F145
:1011B0000105DCDC07E0D4E9012118F8010B9047B8
:1011C000206A401C2062381EA7F10107F3DC20468C
:1011D000FFF7A7FA032011B041E600002DE9F04F18
:1011E00004460D46D21D22F0070089B0D0E90097D1
:1011F0004846394605F07BFC0246F80F01D02D2306
:1012000007E02068810701D52B2302E0202101EAB5
:10121000C0038DF820300BB1012000E00020032A2C
:10122000824601D0072A04DB2946204600F0F0F967
:101230003FE12078800601D40D2500E0E569C7F381
:101240000A560D2D49DA00214FEA175B08464FF088
:101250000000002F00F4400007DA00EB80004FF49C
:10126000400100EBD07001EA60008115012901DD29
:101270004FF0FF3100224FEA850CBCF1180F06D366
:101280001346ACF118004FF08052C24003E04FF417
:10129000801323FA0CF30CF10C0CBCF1200F04D3D7
:1012A000ACF1200C09FA0CF001E007FA0CF000296F
:1012B0004FF0004801DD18B90FE00ED140450CD3C6
:1012C00019EB02095F4121B9404502D19F4329EA48
:1012D0000209BBEB175F00D0761C2088000502D501
:1012E0007B48784402E07A487844193808AA3023C9
:1012F00002F80A30037C0AF10101002E0AF1020A09
:1013000053546A4602DC4FF0300101E04FF03101E6
:101310004FF001088DF8001002D0A6F2FF3603E06E
:1013200059EA470100D06B4E002D02DC21780907F5
:1013300004D54FF002082E218DF80110C44600217B
:101340000BE0C7F303433F01C35C491C6D1E02F869
:101350000830052908F1010801DA002DF1DC00212F
:101360000CE000EB1973491C1B786D1E082902F86C
:1013700008304FEA091908F1010801DA002DF0DC04
:1013800021688B0602D516E0A8F10108E04505DDCD
:1013900002EB080313F8013C302BF5D0B8F1000F35
:1013A00009DD02EB080313F8013C2E2B03D10907DA
:1013B00001D4A8F10108002D05DD3E2102F8081036
:1013C0006D1E08F10108407C002E02F8080008F1AB
:1013D000010804DA2D20764202F8080002E02B20F2
:1013E00002F808000A214FF47A70864208F10108D9
:1013F0000BDB96FBF0F3303302F8083096FBF0F38A
:1014000008F1010800FB136601E0642E0CDB642088
:1014100096FBF0F3303302F8083096FBF0F308F156
:10142000010800FB136601E00A2E06DB96FBF1F0D3
:10143000303002F8080008F1010896FBF1F001FBDA
:101440001060303002F80800A16908F1010808EBCB
:10145000050202EB0A00081AA0612078C00602D437
:101460002046FFF748F9216A08AE01EB0A00206226
:1014700004E0D4E9012116F8010B9047BAF1010A02
:10148000F7D22078C00602D52046FFF734F96E4621
:1014900009E016F8010B3E280FD0D4E9012190474E
:1014A000206A401C2062B8F10108F2D22046FFF702
:1014B00038F909B00320BDE8F08F206A2844206283
:1014C00003E0D4E90121302090476D1EEBD3F8E70B
:1014D0008D9C000002FCFFFF10B5436913B1AFF310
:1014E000008001E0FFF740F9012010BD127800F103
:1014F00024010A7000224A700122EDE711684FF0C2
:10150000FF32E9E710B5436913B1AFF3008001E0A2
:10151000FFF7C2F9012010BD128800F12401828476
:101520000022C2840122EDE711684FF0FF32E9E7A3
:1015300070B516460C46054600F05EF8036893F851
:101540000101012806D0FF2C0FD8185D68B10120D9
:101550002C7070BDD3F807013246214603F2071301
:1015600003442846BDE8704018474FF0FF3070BD77
:10157000002801D0FFF7AEB87047000010B5002179
:1015800002A000F000F9012010BD000053494741BE
:101590004252543A2041626E6F726D616C207465E4
:1015A000726D696E6174696F6E0000007546FFF7B9
:1015B0005DFBAE4605006946534620F007008546B0
:1015C00018B020B5FEF7BCFEBDE820404FF0000685
:1015D0004FF000074FF000084FF0000B21F007011B
:1015E000AC46ACE8C009ACE8C009ACE8C009ACE85E
:1015F000C0098D467047000010B500F005F8001DC9
:1016000010BD00BF69950000004870475C1C0020B9
:101610002DE9F0411F46044603260168072A01F41C
:10162000006004DB08B116A505E016A503E008B1CB
:1016300015A500E015A521F010002060A069C01ECE
:10164000A0610FB1401EA0612046FFF754F84FB1D2
:10165000D4E9012138469047206A401C2062C01C12
:10166000206206E0206AFAE7D4E9012115F8010BAF
:101670009047761EF8D22046FFF753F8BDE8F08178
:101680004E414E006E616E00494E4600696E660026
:101690002DE9F047814616468AB0354878440DC892
:1016A0008DE80D0032487844801C03AC0DC884E8F6
:1016B0000D0041F69B300844372190FBF1F290FB7E
:1016C000F1F5A5F1800501FB12041B3C02D5644233
:1016D000012000E00020DFF898A080460027FA44AF
:1016E000AAF1BE0A0EE0E0070AD03246684607EBD0
:1016F000470101230AEB810100F0F6FA8DE80700AB
:1017000064107F1C002CEED1194F7F44AE3F19E0CE
:10171000E80715D007EB04100DF1180A90E80E0049
:101720008AE80E00C068F04201D19819089032464C
:10173000012306A903A800F0D7FA03AB83E807004A
:101740006D10641C002DE3D14FF001033246694651
:10175000B8F1000F03A802D000F0B1FA01E000F0E8
:10176000C3FAC9E90001C9F808200AB0BDE8F0874A
:101770006499000010B50446AFF300802046BDE830
:101780001040FEF7C8BD70B505460C460A2000E0C3
:101790006D1C00F011F835B128780028F8D102E06E
:1017A000641C00F009F814B120780028F8D1BDE8D5
:1017B00070400A20AFF3008008B569468DF800003C
:1017C0000320ABBE08BD5FEA400C08BF91F0000FDC
:1017D0004FEA8C234FEAC12243EA51514FEA1C5091
:1017E00018BF00F5F0404FEA300018BF41F000414B
:1017F0005FEA6C5C00F02980BCF1FF3F08BF40F05D
:1018000080407047130C06BF12044FF0100C4FF0CD
:10181000000C130E04BF12020CF1080C130F04BFCE
:1018200012010CF1040C930F04BF92000CF1020C96
:10183000D30F04BF52000CF1010C11464FF000020F
:10184000A0F11F00A0EB0C00704711F0004F08BF83
:10185000704731F000413FF4D5AF0B0C06BF0904CF
:101860004FF0100C4FF0000C0B0E04BF09020CF1EE
:10187000080C0B0F04BF09010CF1040C8B0F04BF03
:1018800089000CF1020CCB0F04BF49000CF1010CD4
:10189000CCF12003A0EB0C0022FA03F302FA0CF2C5
:1018A00041EA030100F10100704720F07F4C80EA1B
:1018B000030023F07F47ACEB070303F57C5300F0F4
:1018C000004003F1FF032DE980494FEA154B09B4AD
:1018D0004FEA144325EA0B4E24EA03480FF204268C
:1018E00006EB132749083E785FEA320203FB0667DE
:1018F000C7F5000707FB06F64FEA54374FEAD6460E
:1019000006F1020607FB066CCCF1005C4FEA1C47AF
:101910002CEA074C07FB06F40CFB06F504EB154616
:101920004FEA961634BF00204FF000404FEAD137FF
:1019300006FB07FC4FEA1C4C0CFB0BF7D21B03FB0E
:101940000CF761EB07010CFB0EF7B0EB074072EBF5
:1019500017420CFB08F734BFA2EB0742B2EB074279
:1019600061EB17414FEA0C444FEA910706FB07FC75
:101970004FEA1C4C0CFB0BF7B0EBC74072EB573235
:1019800003FB0CF734BFA2EBC742B2EBC74261EBDB
:1019900057310CFB0EF7B0EBC70072EB57720CFB24
:1019A00008F734BFA2EBC702B2EBC70261EB577175
:1019B000039F4FEA816141EA921104EBCC044FEAA4
:1019C000D1374FEA826206FB07FC42EA90124FEAE7
:1019D00080604FEA1C4C0CFB0BF7D21B03FB0CF78F
:1019E00061EB07010CFB0EF7B0EB074072EB1742FF
:1019F0000CFB08F734BFA2EB0742B2EB074261EBE6
:101A000017414FEA8C554FEA910704EB9C2406FBE3
:101A100007FC4FEA1C4C0CFB0BF7B0EBC74072EB1A
:101A2000573203FB0CF734BFA2EBC742B2EBC742FD
:101A300061EB57310CFB0EF7B0EBC70072EB57723E
:101A40000CFB08F734BFA2EBC702B2EBC70261EB95
:101A5000577115EB4C254FEA816141EA92114FEA2B
:101A600082624FEAD13742EA901206FB07FC44F14A
:101A700000044FEA80604FEA1C4C0CFB0BF7D21BB2
:101A800003FB0CF761EB07010CFB0EF7B0EB074013
:101A900072EB17420CFB08F734BFA2EB0742B2EB24
:101AA000074261EB174115EB1C154FEA813141EA02
:101AB00092414FEA823242EA90424FEA80304FEA46
:101AC0000C7644F1000448EA03434EEA0B484FF019
:101AD000000EB2EB080C71EB030724BF62463946D7
:101AE0004EEB0E0E4FF0000B0018524149414BEBEC
:101AF0000B0BB2EB080C71EB03077BF1000B24BF5F
:101B0000624639464EEB0E0E4FF0000B0018524164
:101B100049414BEB0B0BB2EB080C71EB03077BF16C
:101B2000000B24BF624639464EEB0E0E51EA020707
:101B300018BF46F0010616EB0E7655F1000254F17F
:101B4000000103D5BDE88901BDE80088BDE8890131
:101B5000BDE80048B619524141EB0101A3F1010370
:101B6000704780807F7E7D7C7B7A7978777676750A
:101B70007473727171706F6E6E6D6C6C6B6A6A6982
:101B80006868676666656464636362616160605F1C
:101B90005F5E5E5D5D5C5C5B5B5A5A595958585795
:101BA00057565655555554545353525252515150FD
:101BB00050504F4F4F4E4E4D4D4D4C4C4C4B4B4B50
:101BC0004A4A4A4949494848484747474746464696
:101BD00045454544444444434343434242424241D1
:101BE0004141002B9C4630D477002BD01CB54FEAE6
:101BF000370703B44FF010004FF01001BAF1000F97
:101C000006D0BCF1000FDCBF40F0080040F0080136
:101C10004FF000000FBCBDE810400BF1010BBBF111
:101C2000010F08BF5FEA170722BF12F1010211F18D
:101C300001014FF0004143F1000300F0004043EA8E
:101C400000007047F9D35708D0E746EA064613F17B
:101C5000400F4FEA16461FDD13F1200FDFBF16437A
:101C60000A46002120335B42BED0C3F1200746EA7A
:101C7000064602FA07F74FEA164646EA0706C3F198
:101C8000200722FA03F201FA07F721FA03F14FF0D5
:101C9000000342EA0702A7E746EA020646EA0646CA
:101CA0004FEA164646EA0106BCBF46EA0646360C2F
:101CB0004FF000034FF000024FF0000194E72DE9D0
:101CC000804C9A46934670B491E8380007C831EAD0
:101CD000400C48BF34EA430C03D5FFF7E6FDFFF79D
:101CE00080FFF0BCBDE8008C2DE9804C9A469346FD
:101CF00070B491E8380007C810F0804F08BF13F0A7
:101D0000804F03D100F005F8FFF76BFFF0BCBDE892
:101D1000008C20F07F4780EA030023F07F4C07EB24
:101D20000C03A3F57C5300F00040A3F1FE0392F0F6
:101D3000000F00F0B38095F0000F00F077802DE9E0
:101D400001494FEA11404FEA144621EA004800FBDE
:101D500006FC24EA064708FB06F607FB08F800FB2A
:101D600007F718EB06484CEB164C4FEA124B18EBF2
:101D700007484FEA15464CEB174022EA0B4E0BFB87
:101D800006FC25EA06470EFB06F607FB0EFE0BFBDC
:101D900007F71EEB064E4CEB164C4FF000061EEB01
:101DA000074E4CEB174B18EB0B0840F1000018EBFB
:101DB0000E0B58EB000840F100008F1A4FF00001A5
:101DC0003CBFC943661B14BFB5EB040C00213CBFEC
:101DD000C943F61B4FEA17444EEA8E0E27EA044524
:101DE0004FEA1C4704FB07622CEA074C05FB07F788
:101DF0000CFB05F604FB0CFC16EB074642EB174206
:101E000016EB0C4642EB1C421BEB060658EB02029B
:101E1000414146EA9E0601D5BDE80189B619524105
:101E200041EB0101A3F10103BDE801894FEA14452B
:101E30004FEA114724EA054621EA074C05FB07F45F
:101E400006FB07F70CFB06F105FB0CFC11EB074149
:101E500044EB17444FEA124711EB0C4144EB1C448E
:101E600022EA074C05FB07F206FB07F70CFB06F618
:101E700005FB0CFC16EB074642EB174216EB0C4633
:101E800042EB1C456A1854F1000148BF7047B6196F
:101E9000524141EB0101A3F10103704795F0000F9E
:101EA00037D04FEA11424FEA144721EA024624EAAA
:101EB000074C02FB07F106FB07F70CFB06F402FBDD
:101EC0000CFC14EB074441EB17414FEA154714EBA8
:101ED0000C4441EB1C4125EA074C02FB07F506FBCD
:101EE00007F70CFB06F602FB0CFC16EB074645EB6E
:101EF000174516EB0C4645EB1C42121951F1000137
:101F000048BF7047B619524141EB0101A3F10103EB
:101F100070474FEA14454FEA114724EA054621EA83
:101F2000074C05FB07F106FB07F70CFB06F24FF029
:101F3000000605FB0CFC12EB074241EB174112EBCC
:101F40000C4251EB1C4148BF7047921841EB010114
:101F5000A3F10103704710B5846AE16D11F0500FD1
:101F600006D0E16DC90625D5204600F093FE10BDD0
:101F7000E06D40F40070E06520680168090716D53F
:101F800003F0F9FB78B12068C068800400280ADB00
:101F9000E06D20F48070E065E06DC00403D4E06D76
:101FA00040F00100E065204600F072FE10BDC06800
:101FB0008007EBE7616D496BBDE81040084710B53D
:101FC000806AC16D41F04001C165016E41F00401BC
:101FD000016600F05FFE10BD10B5806A00F059FE8A
:101FE00010BD0000F8B5044600200090206881680C
:101FF00011F0010F41D18168214A11422ED181682F
:10200000D5432940491C81601E48806800F0E0707B
:1020100000020DD51C481D490068B0FBF1F0401CC2
:1020200000EB4000800000E0401E00900028FBD143
:1020300001F0C0FD06461BE0816811F0010F03D1DD
:1020400081682940491C816001F0B4FD801B022891
:102050000ED920680068C043C00709D0E06D40F089
:102060001000E065206E40F0010020660120F8BD00
:1020700020680168C943C907DED10020F8BD00000F
:102080003F0000800003005010000020400D0300BE
:10209000FEE70000014801F00EBA0000C003002076
:1020A000014801F008BA0000200400200D49026830
:1020B0008A4201D20C4901E00B492031D2B21423EB
:1020C000083AB2FBF3F2436C02F01F0223F0030361
:1020D0001944816404498031C16401219140016542
:1020E0007047000008040240000802400179074AD6
:1020F00002EB81024265054A4432491E826501F0C5
:102100001F0201219140C16570470000FC08024098
:1021100030B5D0E913456560446D14B1D0E916457A
:10212000656090F8444004F01F050124AC40056C44
:102130006C60046863608368102B036803D0996047
:102140000068C26030BD9A600068C16030BD7047F1
:1021500072B6FEE72DE9F84F4FF000080446CDF8BF
:1021600000800D4694F85820DFF8EC9361694746EB
:102170004046012A0AD00126F84A84F8586041B145
:10218000296A012905D0A36EEBB129E00220BDE840
:10219000F88F6868092838D1A96A4FF4785041B19E
:1021A0002B6801F07C0100EA53400843E96A0843C8
:1021B00002E0296800EA51402168CB6C13400343D8
:1021C000CB64606621E0C4E91971A96A286A31B15B
:1021D00001F07C01401E0843E96A084300E0401E0C
:1021E00029682B79C1F3846103F01F0399400143EF
:1021F000A06E401EA066636E43EA0103636604D1CD
:102200002068C16C11401943C164206803F0A7FA2B
:1022100058B995F8250098B12068C16895F826202E
:1022200021F4401141EA4251C160206803F09FFA55
:102230008246206803F093FA5AEA00000DD0FBE0D2
:1022400095F8260095F82410400540EA01512068D1
:10225000C26822F440121143E6E7A86A30B1E86A86
:1022600020B195F8250001285ED003E095F82500FF
:10227000012804D02068C16821F0007103E02068C3
:10228000C16841F00071C16095F83000012852D05A
:102290002068016921F002010161AA6829682068AB
:1022A000B2F1004F38D003F07DFA2068416921F087
:1022B0000041416120686969C268C2F3C1025200ED
:1022C00091402A69042A44D000EB82002B68026EF8
:1022D000DFF88CC203F0F84302EA0C020B431A4306
:1022E00042F00041016620682A69A96900EB82007A
:1022F000026E22F080720A430266297F22682869F2
:10230000012923D05FF0000102EB8000026E22F071
:1023100000720A4302668FE0002203F043FA20684D
:10232000416941F00041C4E7E06D40F02000E06504
:102330004FF00108A8E7D5E90D10014320680269B4
:1023400022F4FF7242F002021143A5E74FF0007140
:10235000DAE7002103F0F9F9400320684FF00001AB
:1023600072D003F0F2F990FAA0F0B0FA80F1286888
:1023700042036ED090FAA0F0B0FA80F0814204D10E
:1023800000221146206803F024FA0121206803F09E
:10239000DCF9400320684FF001015DD003F0D5F96E
:1023A00090FAA0F0B0FA80F12868420359D090FA70
:1023B000A0F0B0FA80F0814204D10022012120680F
:1023C00003F007FA0221206803F0BFF940032068F8
:1023D0004FF0020148D003F0B8F990FAA0F0B0FA3B
:1023E00080F12868420344D090FAA0F0B0FA80F05F
:1023F000814204D100220221206803F0EAF903217E
:10240000206803F0A2F9400320684FF0030133D0A5
:1024100003F09BF990FAA0F0B0FA80F1286842032B
:102420002FD090FAA0F0B0FA80F0814204D10022BF
:102430000321206803F0CDF92068816811F0010FB5
:1024400022D0B6E000E004E003F07FF9C0F384613D
:102450008DE7C0F3846091E703F077F9C0F38461FE
:10246000A2E7C0F38460A6E703F06FF9C0F38461CC
:10247000B7E7C0F38460BBE703F067F9C0F384619A
:10248000CCE7C0F38460D0E72A7B296850F8B03FDE
:10249000C1F3120C23EA0C0302F0180C314A22FAA1
:1024A0000CF20A4013430360E96849457ED128686D
:1024B00041031CD090FAA0F1B1FA81F1491C01F05E
:1024C0001F0109294FEA403132D8002912D000BF3C
:1024D00090FAA0F1B1FA81F101F1010101F01F01BF
:1024E00006FA01F609D100BFC0F3846109E0C0F328
:1024F0008461E3E7C0F38461EEE790FAA0F1B1FAFA
:1025000081F101F1010101F01F0146EA816102D16F
:10251000C0F3846003E090FAA0F0B0FA80F000F11C
:10252000010000F01F0000EB400041EA00513AE0DA
:1025300000290ED090FAA0F1B1FA81F101F1010168
:1025400001F01F0106FA01F60ED100BFC0F384614D
:102550000EE0C0F38461F1E700007F40004010040A
:1025600000F0FF03FFFF070090FAA0F1B1FA81F13C
:1025700001F1010101F01F0146EA816102D1C0F3BE
:10258000846003E090FAA0F0B0FA80F000F101005E
:1025900000F01F002B4A00EB400002EB005041EA24
:1025A000000141F00071AA68206800E001E003F03A
:1025B000F9F825482A68024240D024488168244B13
:1025C00001F0E0719A4202D0224B9A421BD10B02D9
:1025D00019D42268B2F1A04F30D1826841F40001D1
:1025E00022F0E0720A4382601B481C490068B0FB7D
:1025F000F1F0801C00EB4000800000E0401E0090E5
:102600000028FBD11AE0164D164BAA4207D1CD0186
:1026100005D422689A4211D041F0807109E0124D30
:10262000AA420BD14A0209D422689A4206D041F448
:102630008001826822F0E0720A43826084F8587058
:102640004046A4E5000020FE000008800003005082
:10265000000021C31000C09010000020400D0300B6
:10266000000052C700010050000084CB2DE9F0416A
:1026700004464548806800F01F05206803F06FF8A5
:1026800008BB2168C868C96C00F0004011F4C07F25
:1026900000D190B194F85800012814D0012084F89A
:1026A00058002046FFF79EFC01004FF000020CD0BE
:1026B00084F858200846BDE8F081E06D40F0200025
:1026C000E0650120F7E70220F5E7E06DC00504D5DD
:1026D000206E20F00800206600E02266E06D42F2E5
:1026E0000103984340F48050E065284B20684FF088
:1026F000A046984201D1374600E00746874200D005
:102700001DB9E76D27F48017E7656027076084F837
:1027100058202068C268920203D5426842F4806261
:102720004260A06908282068426807D022F0400271
:1027300042602068426842F0200206E022F0200257
:1027400042602068426842F040024260206898423D
:1027500001D1324600E00246824209D045B1062D41
:1027600006D0072D04D0E06D40F48010E065A1E7AD
:10277000C26812F0007F9DD18268054B1A4042F07A
:102780000802826096E7000000030050000100503C
:10279000C0FFFF7F2DE9F047044690F858009CB039
:1027A0000E464FF00009012815D0012084F858008A
:1027B00000251795189520684FF0A04840450ED188
:1027C000284F0097384602F0D2FF8246206802F078
:1027D000CEFF60B10EE002201CB0BDE8F087E06DD6
:1027E00040F02000E06584F858500120F4E7BAF189
:1027F000000F09D0E06D40F02000E0654FF00109C6
:1028000084F858504846E7E71748326840F61F7189
:10281000002A826822F4604216D094F8383042EAE6
:10282000433273681A438260D8F80820BB6802F00C
:10283000010203F001031A43E2D1B36832681A437C
:1028400083688B431A430BE08260D8F80820BB688A
:1028500002F0010203F001031A43D1D182688A43D6
:102860008260CDE700010050000300502DE9F84FD1
:1028700000270446009790F85800DFF8E0930D46D3
:10288000B846012811D0012684F85860206802F06B
:102890006AFF60B1E06D40F02000E0655FF0010785
:1028A00084F858803846BDE8F88F0220FBE7D5E968
:1028B00000210C23206803EA91131844036B01F0F4
:1028C0001F014FF01F0C0CFA01FCC2F3846223EAD3
:1028D0000C038A4013430363206802F044FF8246DE
:1028E000206802F038FF5AEA00003CD1AA68296843
:1028F0002068B2F1004F37D002F045FF20684169EF
:1029000021F00041416120686969C268C2F3C102D7
:10291000520091402A69042A31D000EB82002B68D2
:10292000026EDFF83CC303F0F84302EA0C020B43EB
:102930001A4342F00041016620682A69A96900EB48
:102940008200026E22F080720A430266297F2268AA
:102950002869012910D0002102EB8000026E22F0CC
:1029600000720A4302667DE0002202F00CFF20683C
:10297000416941F00041C5E74FF00071ECE70021EB
:1029800002F0DDFE400320684FF0000172D002F03B
:10299000D6FE90FAA0F0B0FA80F1286842036ED01B
:1029A00090FAA0F0B0FA80F0814204D100221146E2
:1029B000206802F006FF0121206802F0C0FE4003FB
:1029C00020684FF001015DD002F0B9FE90FAA0F04E
:1029D000B0FA80F12868420359D090FAA0F0B0FA1A
:1029E00080F0814204D100220121206802F0E9FE3A
:1029F0000221206802F0A3FE400320684FF002018C
:102A000048D002F09CFE90FAA0F0B0FA80F128685D
:102A1000420344D090FAA0F0B0FA80F0814204D191
:102A200000220221206802F0CCFE0321206802F07F
:102A300086FE400320684FF0030133D002F07FFE92
:102A400090FAA0F0B0FA80F1286842032FD090FAF3
:102A5000A0F0B0FA80F0814204D100220321206866
:102A600002F0AFFE2068816811F0010F22D0ACE0C7
:102A700000E004E002F063FEC0F384618DE7C0F380
:102A8000846091E702F05BFEC0F38461A2E7C0F3CB
:102A90008460A6E702F053FEC0F38461B7E7C0F399
:102AA0008460BBE702F04BFEC0F38461CCE7C0F367
:102AB0008460D0E72A7B296850F8B03FC1F3120C3C
:102AC00023EA0C0302F0180C664A22FA0CF20A40C0
:102AD00013430360E968494577D1286841031CD056
:102AE00090FAA0F1B1FA81F1491C01F01F01092906
:102AF0004FEA403132D8002912D000BF90FAA0F13D
:102B0000B1FA81F101F1010101F01F0106FA01F6AC
:102B100009D100BFC0F3846109E0C0F38461E3E739
:102B2000C0F38461EEE790FAA0F1B1FA81F101F10E
:102B3000010101F01F0146EA816102D1C0F3846006
:102B400003E090FAA0F0B0FA80F000F1010000F08C
:102B50001F0000EB400041EA005132E000290ED096
:102B600090FAA0F1B1FA81F101F1010101F01F0128
:102B700006FA01F606D100BFC0F3846106E0C0F397
:102B80008461F1E790FAA0F1B1FA81F101F101015C
:102B900001F01F0146EA816102D1C0F3846003E0C5
:102BA00090FAA0F0B0FA80F000F1010000F01F00F0
:102BB0002D4A00EB400002EB005041EA000141F0D9
:102BC0000071AA68206802F0DEFD28482A680242E7
:102BD0003FF466AE26488168264B01F0E0719A42C8
:102BE00002D0254B9A421CD10B021AD42268B2F1B2
:102BF000A04F7FF455AE826841F4000122F0E072EC
:102C00000A4382601D481E490068B0FBF1F0401C79
:102C100000EB4000800000E0401E00900028FBD147
:102C20003EE6184D184BAA4207D1CD0105D42268C3
:102C30009A42F5D041F0807109E0144DAA42EFD1DB
:102C40004A02EDD422689A42EAD041F480018268B7
:102C500022F0E0720A43826022E6000000007F401A
:102C600000F0FF03FFFF0700000020FE00000880C7
:102C700000030050000021C31000C090100000208D
:102C8000400D0300000052C700010050000084CB3B
:102C90007047704770470000F8B54FF0000504001A
:102CA0002E46009502D0E06D10B107E00120F8BD7E
:102CB000204600F0EBF8266684F8586020688168AA
:102CC000C1F3407119B18168684A11408160206880
:102CD0008168C1F3007189B98168654A114041F08A
:102CE00080518160634864490068B0FBF1F04000A6
:102CF000801C00E0401E00900028FBD12068816805
:102D0000C1F3007141B9E16D41F01001E165216E3F
:102D100041F001012166012502F025FDE16DC906A2
:102D200000D430B1E06D40F01000E0650125284688
:102D3000F8BDE06D20F4807040F00200E06520688E
:102D4000806810F0010F11D14FF0A04080684B490E
:102D500000F00100896801F00101084306D14848EC
:102D60006168826822F47C120A438260E168E06B49
:102D7000627F0843A16841EA4231084394F8241075
:102D800040EA0140012904D1218D3E4A02EB414134
:102D90000843E16A29B101F47871226B014342EAE8
:102DA00001002268D168384B19400143D160206886
:102DB0000169626B21F0406111430161206802F0FA
:102DC000CAFC70BB207F94F83810800340EA4102AF
:102DD0002168C86844F2020398431043C860206920
:102DE0000028206801690AD041F48031016120681F
:102DF00050F8C01F22696FF30D01114307E021F461
:102E000080310161206850F8C01F6FF30D0101602F
:102E100094F8400001280CD02068016921F00101DC
:102E20000161606901282068016B21F00F0111D058
:102E300013E0D4E911010843D4E913121143084304
:102E400021680A6940F2FC739A43104340F0010084
:102E50000861E6E7226A521E11430163E06D20F02B
:102E6000020040F00100E06561E70000C0FFFF5F85
:102E7000C0FFFF7F10000020400D03000001005044
:102E8000000300500000FEFF0740F0FF2DE9F0476F
:102E900098B0064614216846FDF7B1FB442105A809
:102EA000FDF7ADFB4FF40042316800259003524F0F
:102EB000DFF84891DFF848A1524C4FF00308B1F118
:102EC000A04F10D0504B994259D10592149005A8AB
:102ED00000F06EFF08B1FFF73BF93868401C38601E
:102EE00001284FD056E00592149005A800F060FF2D
:102EF00008B1FFF72DF93868401C3860012807D168
:102F0000E06C40F40050E064E06C00F40050169077
:102F1000E06C40F00400E064E06C00F00400169007
:102F2000E06C40F00200E064E06C444600F0020017
:102F300016900F208DE831006946484600F010FDDC
:102F400041F201008DE831006946504600F008FD6D
:102F50002F4C2E4820600520C4E901058020C4E9DB
:102F60000350400060618000C4E9060520462562E8
:102F700000F0FEFA08B1FFF7EBF87465A66218B02E
:102F8000BDE8F087E06C40F40050E064E06C00F4D1
:102F900000501690E06C40F00100E064E06C00F03E
:102FA00001001690E06C40F00400E064E06C00F07A
:102FB00004001690E06C40F00200E064E06C4446CF
:102FC00000F002001690C3208DE8310069464FF0F2
:102FD000904000F0C5FC20208DE83100694648464D
:102FE00000F0BEFC40F604008DE831006946504612
:102FF00000F0B6FCC3E70000000000200008004815
:103000000004004800100240000100500800024087
:10301000C00300202DE9F041044634481746884695
:10302000806800F01F05206802F09DFB00285AD13F
:1030300094F85800012856D0012084F85800002642
:1030400025B1052D02D0092D00D003E02046FEF762
:10305000C9FF18B184F85860BDE8F081E06D40F612
:103060000161884340F48070E0652149206888420E
:1030700002D14FF0A04100E00146814200D01DB9CD
:10308000E06D20F48010E065E06DC00404D5206E92
:1030900020F00600206600E02666616D1548C862D3
:1030A000616D15480863616D1448486321681C20F0
:1030B000086084F858602068416841F01001416060
:1030C0002068C16841F00101C16021683B46424669
:1030D0004031606D00F0ACFA21688A68084B1A40F4
:1030E000121D8A60B8E70220B6E700000003005016
:1030F00000010050571F0008D91F0008BF1F00081B
:10310000C0FFFF7F2DE9F04790460D4604004FF0C9
:10311000000A0FD075B1607901280ED04FF0010977
:1031200084F8059002202071A96808F0100604298F
:1031300005D04AE00120BDE8F0870220FBE700F05F
:1031400039FD07465FEA08004FF0030809D022E086
:1031500000F030FDC01B012803D92068406B00043B
:1031600011D42068406B0004F2D42168686A0864B6
:1031700018E000BF00F01EFDC01B01280BD920681D
:10318000406B002807DA206940F00800206184F8CD
:1031900004800320CFE72068406B0028EADB216829
:1031A000686A48642068816C40F2FF32B240914303
:1031B000AA6AB240114381642068C16CFF22B24008
:1031C0009143EA6AB2401143C164E869012808D119
:1031D0002268916B1F20B0408143286AB0400843A9
:1031E00090632068C06B0721B1408843A969012919
:1031F00003D0022957D06969F1B300216B69AA682D
:103200001A430A434FF4807101FA06F398432B796D
:10321000012B00D0002111434FF4007202FA06F393
:1032200098436B79012B00D0002220F44047286896
:1032300042EA0108022838D057EA0007216808FA54
:1032400006F03843C863206801684FF48042B240FA
:10325000914301602268116840F6FE70B0408143DE
:10326000E868B0400843106020680168C022B2409E
:1032700091430160287B00E015E0297CC0F38300C6
:1032800001F03C0140EA811021680A6E40F60F739C
:10329000B3409A43B04002430A6684F80490002089
:1032A0006071504647E70121A8E700F0B3FF0649E7
:1032B000884202D947F40047C0E704498842BDD993
:1032C00047F48047BAE700000068890900B4C404E5
:1032D00070B5040003D02079002510B105E001206D
:1032E00070BD6571204600F007F80220207125614D
:1032F00001202071002070BD10B586B00446142155
:103300006846FDF77CF91149206888421BD11048B6
:10331000C16C41F48031C164C16C01F4803105910C
:10332000C16C41F00101C164C06C694600F001004C
:1033300005901020009003200190002002904FF093
:10334000904000F00DFB06B010BD000000080050DA
:1033500000100240F8B5A8B14279012A14D0012228
:1033600042710223037105682F6801F0100402FA0C
:1033700004F637432F60154D154E2D68B5FBF6F555
:103380006D1C04E00120F8BD0220F8BD6D1E009503
:10339000002DFBD1002901680ED00D68A34005F473
:1033A00078159D4203D14B6843F002034B600271D4
:1033B000002141710846F8BD0B68C3F34403012B9B
:1033C000F5D14B6843F00103F0E700001000002046
:1033D000400D030010B590F8253000210122022B8A
:1033E00003D00421C163012122E003681C6824F09A
:1033F0000E041C60836C1C6824F480741C600368D9
:103400001C6824F001041C6090F84430046C03F044
:103410001F0302FA03F36360D0E913345C60436D69
:1034200033B11C6824F480741C60D0E916345C60ED
:1034300080F82520002280F82420084610BD70B5B1
:1034400090F82520002401212346022A07D00422D7
:10345000C26380F8251080F82430012429E0026836
:10346000156825F00E0515600268156825F0010540
:103470001560826C156825F48075156090F84420FD
:10348000056C02F01F0201FA02F26A60D0E913250E
:103490005560426D32B1156825F480751560D0E92C
:1034A0001625556080F8251080F82430816B01B115
:1034B0008847204670BDF0B4016C0C6801680D6847
:1034C00090F8442002F01F06042202FA06F3234279
:1034D00011D06B070FD50B689B0603D40B6823F044
:1034E00004030B6090F8441001F01F018A40016C46
:1034F0004A60016B1DE0022303FA06F727424FF0F2
:10350000000C4FF0010218D0AF0716D50C68A406C6
:1035100005D40C6824F00A040C6080F8252090F88B
:10352000441001F01F018B40016C4B6080F824C0F7
:10353000C16A00291AD0F0BC08470823B3402342CF
:1035400014D02B0712D50B6823F00E030B6090F8F4
:103550004410036C01F01F0102FA01F15960C263CB
:1035600080F8252080F824C0416BE2E7F0BC70476A
:1035700070B504000CD02B4A21681420914209D266
:10358000294A0A44B2FBF0F08000606427480AE050
:10359000012070BD234A52420A44B2FBF0F0800081
:1035A0006064204808382064022084F825000A68F6
:1035B00047F6F0708243D4E902031843D4E9043596
:1035C0002B431843A3691843E3691843236A18433C
:1035D000104308602046FEF769FDA0680025B0F59D
:1035E000804F00D16560A16C20790860D4E9130197
:1035F00041606068401E032808D82046FEF776FD2B
:10360000606D0560D4E91601416002E06565A5655D
:10361000E565E563012084F8250084F82450002046
:1036200070BD000008040240F8FFFDBF000002402A
:1036300070B5044690F82400002501280CD0012024
:1036400084F8240094F825600020012E06D084F828
:1036500024000225284670BD022070BD022684F891
:103660002560E0632068066826F0010606602046B3
:10367000FEF74EFD206B00282068016802D041F063
:103680000E0106E021F0040101602068016841F0AC
:103690000A010160A06C0168C90303D5016841F407
:1036A00080710160606D18B1016841F48071016042
:1036B0002068016841F001010160CBE770B5044664
:1036C00000F078FA0546601C02D0044840680444C3
:1036D00000F070FA401BA042FAD370BD0400002035
:1036E0002DE9F041040006D0DFF8E88194F85C0091
:1036F000002518B107E00120BDE8F08184F85D5095
:10370000204600F0EFF82068816921F01001816106
:1037100000F050FA0646032705E000BF00F04AFA21
:10372000801B0A2811D8206880690007F6D4206819
:10373000816941F00101816100F03CFA06460BE02D
:1037400000F038FA801B0A2806D9206E40F00100EC
:10375000206684F85C70CEE720688069C007EFD0EF
:103760002068816941F0020181612168414502D1EF
:10377000594960680860207C01282068816937D039
:1037800041F040018161607C01282068816932D06C
:1037900021F480418161A07C0128206881692DD0BD
:1037A00041F48051816120688169A26821F44071EF
:1037B000114381612068816921F0A4018161206841
:1037C000016921F010010161E068012819D010B3EE
:1037D00002281BD02068816941F080018161206846
:1037E000016941F010010161E06803280ED012E088
:1037F00021F04001C6E741F48041CBE721F480513C
:10380000D0E72068816941F0040103E02068816904
:1038100041F020018161207EE26940066FF0FF01E6
:1038200001EB0222A0F100701043226AA38A521E0B
:1038300010430A0202EB034318432368D861A068CF
:10384000B0F5407F10D1D4E90A0301EB0321401EFB
:103850000843216B131303EB01110843A18C02EB06
:10386000014108432168C860206850F8C01FE26B1E
:103870001143016019482064216851F8802FA38EFC
:1038800022F4F81242EA03420A601449703161647A
:10389000216851F8802F94F8383022F0706242EAA3
:1038A00003620A600D49B031A1640D49E1640C491D
:1038B000D83121650A49F031616500F5547120C0A5
:1038C0008842FCD3A5652566012084F85C000020B1
:1038D00012E70000006400400065004000A40040C2
:1038E00088A5004010B598B00446142111A8FCF733
:1038F00086FE44216846FCF782FE1749206888420C
:1039000028D18014009040030C90684600F050FAD3
:1039100008B1FEF71DFC1148816D41F00071816511
:10392000816D01F000711691C16C41F00101C1641B
:10393000C06C11A900F0010016904FF4C050119016
:103940000220129000201390149009201590C006B8
:1039500000F006F818B010BD0064004000100240EE
:103960002DE9F04FDFF82092002301260324A9F16E
:10397000040B85B00F2709F1040AABF1040EFAE03D
:1039800006FA03F52A407CD091F804C00CF0030C31
:10399000BCF1010F02D0BCF1020F26D1D0F808C053
:1039A000CDF800C04FEA430C04FA0CF8CDF810C073
:1039B000DDF800C02CEA080CCDF800C0D1F80C806E
:1039C000DDF810C008FA0CF8DDF800C048EA0C0871
:1039D000C0F80880D0F804C02CEA050C0D79C5F3B6
:1039E00000159D4045EA0C0545600D79ED43AD0796
:1039F0000ED0C5684FEA430804FA08FC25EA0C0516
:103A0000D1F808C00CFA08FC4CEA050CC0F80CC050
:103A10000D7905F00305022D16D1DD0800EB850CAC
:103A2000CDF808C0DCF820805D074FEAD56C07FAB6
:103A30000CF528EA05080D6905FA0CF5DDF808C053
:103A400045EA0805CCF8205005684FEA430CCDF84C
:103A500008C004FA0CFC25EA0C0591F804C00CF02F
:103A60000308DDF808C008FA0CF848EA0508C0F8B1
:103A700000804D6815F4403F7CD0444DD5F860C0BF
:103A800000E077E04CF0010CC5F860C02D6E23F02B
:103A9000030C05F0010500953D4D65440295AD68A8
:103AA0004FEA837C4FEA1C7807FA08FC25EA0C05EC
:103AB000B0F1904F06D0DFF8DCC0604505D14FF083
:103AC000010C20E04FF0000C1DE0DFF8CCC0604599
:103AD00002D14FF0020C16E0DFF8C0C0604502D101
:103AE0004FF0030C0FE0DFF8B8C0604502D14FF093
:103AF000040C08E0DFF8ACC0604502D14FF0050CC3
:103B000001E04FF0060C0CFA08FC4CEA050C029D93
:103B1000C5F808C0D9F80050CC46D1F804809543C8
:103B20005FEAC82800D51543CCF80050DAF80050F9
:103B3000D446D1F8048095435FEA882800D5154320
:103B4000CCF80050DBF80050DC46D1F804809543F7
:103B50005FEA883800D51543CCF80050DEF80050F5
:103B6000F446D1F8048095435FEAC83800D5154380
:103B7000CCF800505B1C0A6832FA03F57FF400AF02
:103B800005B0BDE8F08F00000804014000100240BD
:103B9000000001400004004800080048000C0048F4
:103BA00000100048001400480AB18161704781622A
:103BB0007047000001488068704700000400002042
:103BC0000248816842681144816070470400002007
:103BD00010B50024032000F073F80F2000F008F85F
:103BE00008B1012401E000F025F8204610BD0000D6
:103BF00070B50E4E05460024706898B14FF47A7186
:103C0000B1FBF0F00A490968B1FBF0F000F066FD85
:103C100040B9102D06D200222946501E00F030F87F
:103C2000356000E00124204670BD00000400002043
:103C3000100000200A4882B0016E41F001010166C7
:103C4000016E01F001010091816D41F080518165AB
:103C5000806D00F08050009002B000F0A1B800002C
:103C600000100240002809DB00F01F0201219140F2
:103C70004009800000F1E020C0F80011704700000A
:103C8000F0B40E4B1B680C46C3F30223C3F10705C7
:103C9000042D00D90425191D072901D2002300E0B5
:103CA000DB1E012606FA05F1491E214099409E407F
:103CB000761E16403143F0BC02F044BF0CED00E02C
:103CC000064900F0070208684FF6FF03184040EA73
:103CD0000220034A10430860704700000CED00E02A
:103CE0000000FA052B492C4B0A6832214A432B4924
:103CF00040B1B0F5007F086829D020F4C06040F4DE
:103D000080602CE00868C0F34120022804D051F8FC
:103D1000800F20F4807022E0D1F8800020F48070C1
:103D2000C1F88000086820F4C06040F400700860AA
:103D3000B2FBF3F0401C00E0401E4A69520501D579
:103D40000028F9D1486940050AD503207047C0F31F
:103D50004120022806D051F8800F40F4807008609E
:103D600000207047D1F8800040F48070C1F88000D6
:103D7000086820F4C06040F400700860B2FBF3F003
:103D8000401C00E0401E4A695205DBD50028F9D1ED
:103D9000D8E700001000002040420F0000700040F3
:103DA0000248816841F480418160704700700040A2
:103DB0002DE9F8430446006800269D4D00035ED5BA
:103DC000A86D0027C00008D4A86D40F08050A865F9
:103DD000A86D012700F080500090DFF85892D9F8C4
:103DE000001041F48071C9F80010FFF7E3FE80462F
:103DF00006E000BFFFF7DEFEA0EB080002282BD88C
:103E0000D9F80000C005F5D5D5F8900010F4407041
:103E100014D0216C814211D0D5F89000D5F89010C3
:103E200020F4407041F48031C5F89010D5F890101E
:103E300021F48031C5F89010C5F89000C00711D06A
:103E4000FFF7B8FE804641F2883907E0FFF7B2FE7F
:103E5000A0EB0801494501D903260BE0D5F89000F5
:103E60008007F3D5D5F89000216C20F4407008430A
:103E7000C5F890001FB1A86D20F08050A86520788B
:103E8000C00707D0D5F88800616820F00300084318
:103E9000C5F888002078800707D5D5F88800A16884
:103EA00020F00C000843C5F888002078400707D5AB
:103EB000D5F88800E16820F030000843C5F8880094
:103EC0002078000707D5D5F88800216920F0C000C8
:103ED0000843C5F888002078800607D5D5F8880003
:103EE000616920F440600843C5F8880020784006E6
:103EF00007D5D5F88800A16920F440500843C5F8DB
:103F000088002078000607D5D5F88800E16920F4FC
:103F100040400843C5F888002088C00507D5D5F87B
:103F20008800216A20F440300843C5F888002088C2
:103F3000800507D5D5F88800616A20F44020084341
:103F4000C5F88800208840050FD5D5F88800A16AFB
:103F500020F440100843C5F88800A06AB0F5801F1F
:103F600003D1E86840F48010E860208800050FD590
:103F7000D5F88800E16A20F440000843C5F88800BD
:103F8000E06AB0F5800F03D1E86840F48010E86083
:103F90002088C0040FD5D5F88800216B20F0407030
:103FA0000843C5F88800206BB0F1807F03D1E86832
:103FB00040F48010E86020884FF0006180040ED546
:103FC000D5F88800626B20F040601043C5F8880087
:103FD000606B884203D1E86840F48010E860208874
:103FE00040040ED5D5F88800A26B20F04060104345
:103FF000C5F88800A06B884203D1E86840F48010BF
:10400000E860208800040FD5D5F88800E16B20F027
:1040100040500843C5F88800E06BB0F1805F03D1E1
:10402000E86840F48030E8603046BDE8F88300007E
:1040300000100240007000402DE9F0470E460500D8
:104040004FF0000725D0DFF8AC81D8F8000000F071
:104050000F00B0420CD2D8F8001021F00F0131430C
:10406000C8F80010D8F8000000F00F00B04210D1DE
:104070002968614CC80741F2883A5AD06868DFF86D
:104080007C91032808D0022820682DD04005002804
:104090002CDB0120BDE8F08720688001F9D5E068BD
:1040A00000F00302E068C0F30310401C032A19D09B
:1040B000534A00BFB2FBF0F0E268C2F3062250435D
:1040C000E268C2F34162521C5200B0FBF2F0484574
:1040D00017D9A06810F0F00F0CD0880711D5A86888
:1040E00040B10EE0474AE5E78003D0E700F0BCF8B6
:1040F000484506D9A06820F0F00040F08000A0609C
:104100008027A068696820F003000843A060FFF7DB
:1041100051FD814606E000BFFFF74CFDA0EB090111
:1041200051453AD8A068696800F00C00B0EB810FE7
:10413000F2D12868810714D5400703D5A06840F460
:10414000E060A0602878000705D5A06820F46050E2
:1041500040F4E060A060A068A96820F0F000084387
:1041600004E0802F03D1A06820F0F000A060D8F810
:104170000010404601F00F01B14216D9016821F04C
:104180000F0131430160FFF715FD074607E000BF4F
:10419000FFF710FDC11B514501D903207AE7D8F87C
:1041A000000000F00F00B042F2D12878400705D59A
:1041B000A068E96820F4E0600843A0602878000760
:1041C00006D5A068296920F4605040EAC100A060CB
:1041D00000F04AF8A1680C4AC1F30311515C01F0E8
:1041E0001F01C8400949086009480068BDE8F04758
:1041F000FFF7FEBC002002400010024000B4C404DF
:104200000024F40000366E01D2AB0008100000203C
:1042100004000020014800687047000010000020E2
:104220000548064900688968054AC1F30221515CC6
:1042300001F01F01C840704710000020001002402C
:10424000E2AB00080548064900688968054AC1F3E1
:10425000C221515C01F01F01C840704710000020CE
:1042600000100240E2AB0008184910B58868C0F39E
:1042700081021748012A0BD08A68164BC2F38102CB
:10428000022A06D08A68C2F38102032A03D00020E2
:1042900010BD184610BDCA6802F00304CA68C2F314
:1042A0000312521C032C02D0B0FBF2F001E0B3FB6E
:1042B000F2F0CA68C968C2F306225043C1F34161F3
:1042C000491C4900B0FBF1F010BD00000010024095
:1042D0000024F40000366E012DE9F84304007AD082
:1042E0002078F84DC00747D0A868E96800F00C00B6
:1042F00001F003010C2802D0082817D001E003299F
:1043000014D06068B0F5803F17D0B0F5A02F2868B2
:1043100017D020F480302860286820F4802028609E
:104320006068E0B1FFF746FC064614E028688003A9
:1043300022D560680028D2D01EE0286840F4803082
:10434000EDE740F480202860F7E700BFFFF732FC7C
:10435000801B642870D828688003F7D50CE0FFF72D
:1043600029FC064605E000BFFFF724FC801B6428FB
:10437000F0D828688003F7D4207880074CD5A86847
:10438000E96800F00C0001F003010C2802D00428B9
:104390000DD001E002290AD0E068002828682BD05F
:1043A00040F480702860FFF705FC064619E0286895
:1043B000400502D5E068002891D06868217C20F093
:1043C000FE4040EA01606860BF480068FFF710FCEB
:1043D000002800D120E072E1FFF7ECFB801B0228EF
:1043E000B8D828684005F7D56868217C20F0FE40E1
:1043F00040EA016068600FE020F480702860FFF7F9
:10440000D9FB064605E000BFFFF7D4FB801B02285E
:10441000A0D828684005F7D42078000729D560691E
:104420000028D5F8940013D040F00100C5F894009E
:10443000FFF7C0FB064606E090E000BFFFF7BAFBBF
:10444000801B022886D8D5F894008007F6D510E0A6
:1044500020F00100C5F89400FFF7ACFB064604E02D
:10446000FFF7A8FB801B022878D8D5F894008007B6
:10447000F6D42078400761D5A86D0026C00008D486
:10448000A86D40F08050A865A86D012600F080500E
:1044900000908E480168C90511D40168804641F436
:1044A00080710160FFF786FB074604E0FFF782FB9F
:1044B000C01B022852D8D8F80000C005F6D5A06865
:1044C000012815D00528D5F8900016D020F001005D
:1044D000C5F89000D5F8900020F00400C5F89000D1
:1044E000A06841F28838B8B1FFF764FB07460EE0D8
:1044F000D5F8900040F00100F0E740F00400C5F866
:104500009000F5E7FFF756FBC11B414526D8D5F8CB
:1045100090008007F6D50CE0FFF74CFB074604E05F
:10452000FFF748FBC11B414518D8D5F8900080071C
:10453000F6D41EB1A86D20F08050A86520788006C2
:1045400029D5A0690028D5F8980013D040F00100C3
:10455000C5F89800FFF72EFB064606E075E000BFA1
:10456000FFF728FB801B02286FD8D5F8980080073A
:10457000F6D510E020F00100C5F89800FFF71AFB0F
:10458000064604E0FFF716FB801B02285DD8D5F82D
:1045900098008007F6D4E069F0B3A968C1F38101FF
:1045A00003295DD00228286820F08070286003D09D
:1045B000FFF700FB04464BE0FFF7FCFA064604E079
:1045C000FFF7F8FA801B02283FD828688001F7D44B
:1045D000F4E908016FF00F0202EB01110843218A90
:1045E0005204490802EB4151A26841EA0221084302
:1045F000217D4FF07E42490802EB41610843217B57
:1046000040EAC160E968324A11400843E86028681E
:1046100040F08070286000E05EE0E86840F0807064
:10462000E860FFF7C7FA044605E000BFFFF7C2FAEB
:10463000001B022809D828688001F7D54CE000BF8C
:10464000FFF7B8FA001B022802D90320BDE8F8835F
:1046500028688001F4D4E8681E490840E8603BE01F
:104660000128F3D0E868226A00F00301914226D1C4
:10467000616A00F0F0020901103991421FD1A26A6B
:1046800000F4FE41B1EB022F19D194F82C2000F078
:104690007841B1EBC26F12D1218E00F4C0024908FB
:1046A0004905A1F50011914209D194F8341000F0A8
:1046B000C06049084906A1F1007181420CD0012077
:1046C000C4E7000000100240040000200070004019
:1046D0000C809F01FCFFEEFE0020B7E710B5401EE6
:1046E000B0F1807F01D3012010BD4FF0E024606164
:1046F0000F21601702F026FA0020A0610720206138
:10470000002010BD30B590F83C20012A42D0012293
:1047100080F83C20CA688B6822F440721A434B68C8
:1047200022F480621A430B6822F400621A430B6978
:1047300022F480521A434B6922F400521A430B6B45
:1047400022F480421A430B8B22F4702242EA034285
:10475000CB6922F080521A430F4D03680024AB420C
:1047600002D00E4DAB4210D10D8D22F4700242EA00
:1047700005520D6A22F080722A434D6A22F00072BF
:104780002A43C96A22F000520A435A6480F83C4026
:10479000002030BD022030BD002C0140003401401B
:1047A00070B5054690F83C000C4601281CD001204D
:1047B00085F83C00D4E90021A368286801F048FC92
:1047C000D4E9040101432868826D237B22F0E602CC
:1047D000012B0BD000231A43114341F001018165E5
:1047E000002085F83C0070BD022070BD2023F2E758
:1047F000F0B590F83C20012A3AD0012580F83C50D1
:10480000022280F83D2003685A689C68194E1A4FAE
:10481000B34201D0BB4204D122F4700C4A6842EA90
:104820000C02DFF858C002EA0C02D1F800C04CEAD2
:10483000020CC3F804C00268B2420DD0B2F1804F3E
:104840000AD00F4B9A4207D00E4B9A4204D0BA427C
:1048500002D00D4B9A4204D1896824F08003194399
:10486000916080F83D50002180F83C100846F0BD72
:104870000220F0BD002C0140003401408FFFFFFDFD
:1048800000040040000800400040014010B504460C
:10489000022249B104290ED0082913D094F8470008
:1048A000012816D0012010BD94F844000128F9D148
:1048B00084F844200FE094F845000128F2D184F8F0
:1048C000452008E094F846000128EBD184F8462002
:1048D00001E084F847200422206801F0ACFB206846
:1048E000416C41F4004141641049206888420ED077
:1048F000B0F1804F0BD00E49884208D00D49884254
:1049000005D00D49884202D00C49884207D1816800
:104910000B4A1140062906D0B1F5803F03D001684B
:1049200041F001010160002010BD0000002C014099
:1049300000040040000800400034014000400140F5
:104940000700010010B5040003D094F83D0010B139
:1049500007E0012010BD002084F83C00204600F054
:1049600023F8022084F83D00211D206801F0F8FAA8
:10497000012084F8480084F83E0084F83F0084F861
:10498000400084F8410084F8420084F8430084F831
:10499000440084F8450084F8460084F8470084F811
:1049A0003D00002010BD000008B50C4A01680C480D
:1049B000914207D1016E41F400610166006E00F47E
:1049C000006009E0074A914207D1016E41F40051AD
:1049D0000166006E00F40050009008BD002C0140FC
:1049E000001002400034014070B5044690F83C00CD
:1049F0000025012814D0012684F83C60022084F8A8
:104A00003D0022689068364B184020F47F4090604B
:104A1000086870282ED010DC10F00F0F03D021E0B2
:104A20004FF0020070BD4FEA2012072A1AD2DFE8C9
:104A300002F0525252524A3840002A4BC21A98424F
:104A400049D009DCB0F5805F0DD0B0F5005F1CD017
:104A5000B0F1101F06D13EE0102A3CD0202A3AD0F7
:104A6000502A38D0012584F83D60002084F83C00AD
:104A7000284670BDCB68D1E90121206801F0E8FA31
:104A80002068816841F0770109E0CB68D1E9012114
:104A9000206801F0DDFA2068816841F4804181607E
:104AA000E1E7CA684968206801F07CFC5021206871
:104AB00006E0CA684968206801F085FC602120682A
:104AC00001F0D0FACFE7CA684968206801F06AFCB3
:104AD00040212068F4E7226801461046F0E7000014
:104AE00088FFCEFF200010002DE9F0410D460400A4
:104AF00003D094F83D0018B108E00120BDE8F08132
:104B0000002084F83C00204600F042F8022084F89F
:104B10003D00206881681D4A11408160211D206888
:104B200001F01EFA226890689169166A2B68AF69D5
:104B3000034340F20330814341EA0721A868EF694B
:104B400008434FF6FC418843E96840EA07200143E7
:104B500028692F6A000140EA0730084369686D69D7
:104B600026F0AA0646EA051529439360226890615B
:104B700054F8480B0162012004F81F096075A07504
:104B8000E076207720750020B8E70000F8BFFEFF30
:104B900070B586B0044614216846FBF730FD244A00
:104BA0002068002523490224234E904222D1886D9B
:104BB00040F002008865886D00F002000590C86C26
:104BC00040F00800C864C86C00F008000590C86C8C
:104BD00040F00200C864C86C694600F0020005900D
:104BE00004208DE83100CDE903541448FEF7B8FEE7
:104BF000302013E0124A904218D1886D40F0040032
:104C00008865886D00F004000590C86C40F00200D3
:104C1000C864C86C00F002000590C8208DE831001F
:104C2000CDE9035469463046FEF79AFE06B070BDE2
:104C3000000400400010024000040048000C00483E
:104C40000008004070B590F83E60044690F83F5070
:104C500090F8443090F84520022021B104290ED06C
:104C6000012E1BD114E0012E18D1012B16D184F88E
:104C70003E0084F8440001220021206820E0012D3C
:104C80000CD1012A0AD184F83F0084F8450014E0D1
:104C9000012D03D1012B01D1012A01D0012070BDCA
:104CA00084F83E0084F83F0084F8440084F845000E
:104CB00001220021206801F0B1F9012204212068BD
:104CC00001F0ACF92068016841F0010101600020A9
:104CD00070BD00002DE9F04186B0044614216846FD
:104CE000FBF78DFC294A2168002429480225042667
:104CF000914232D1C16C41F00201C164C16C01F03A
:104D000002010591C16C41F00101C164C06C06272C
:104D100000F0010005904FF4C0400090CDE901542F
:104D2000DFF87080CDE9034769464046FEF718FE7C
:104D3000A8030090CDE90154CDE9034669464046F9
:104D4000FEF70EFE4FF4E0600090CDE90154CDE98E
:104D5000034769464FF0904013E00F4A914212D149
:104D6000C16C41F00401C164C06C694600F00400EC
:104D700005904FF4EE500090CDE90154CDE9034683
:104D80000648FEF7EDFD06B0BDE8F081002C0140BD
:104D900000100240000400480034014000080048B0
:104DA00070B5044690F83C00002501280BD0012086
:104DB00084F83C000C2A1ED007DC82B1042A12D0F1
:104DC000082A06D113E0022070BD102A17D0142A39
:104DD00019D00125002084F83C00284670BD2068C9
:104DE00001F04AF9F6E7206801F094F9F2E720684B
:104DF00001F0D8F9EEE7206801F01CFAEAE7206834
:104E000001F060FAE6E7206801F094FAE2E710B5F5
:104E1000040003D094F83D0010B107E0012010BD5C
:104E2000002084F83C00204600F022F8022084F89C
:104E30003D00211D206801F093F8012084F848000E
:104E400084F83E0084F83F0084F8400084F8410074
:104E500084F8420084F8430084F8440084F8450054
:104E600084F8460084F8470084F83D00002010BD17
:104E7000704770B5044690F83C0000260D460128A6
:104E80000BD0012084F83C000C2A4AD007DC82B108
:104E9000042A20D0082A06D131E0022070BD102A51
:104EA00053D0142A63D00126002084F83C003046F9
:104EB00070BD206801F0E0F82068816941F00801C8
:104EC00081612068816921F0040181612068816924
:104ED0002A69114311E0206801F01CF920688169FA
:104EE00041F4006181612068816921F48061816100
:104EF000206881692A6941EA02218161D4E720683A
:104F000001F050F92068C16941F00801C1612068D1
:104F1000C16921F00401C1612068C1692A69114396
:104F200011E0206801F086F92068C16941F4006150
:104F3000C1612068C16921F48061C1612068C169D3
:104F40002A6941EA0221C161AEE7206801F0BAF99D
:104F50002068016D41F0080101652068016D21F0B4
:104F6000040101652068016D2A69114311E0206880
:104F700001F0E0F92068016D41F4006101652068ED
:104F8000016D21F4806101652068016D2A6941EAA3
:104F90000221016588E710B5040003D094F83D00B4
:104FA00010B107E0012010BD002084F83C0020462D
:104FB00000F022F8022084F83D00211D206800F056
:104FC000CFFF012084F8480084F83E0084F83F00B9
:104FD00084F8400084F8410084F8420084F84300DB
:104FE00084F8440084F8450084F8460084F84700BB
:104FF00084F83D00002010BD7047000030B5044625
:10500000022269B1042912D0082917D00C291CD01A
:10501000102921D094F84300012824D0012030BD6C
:1050200094F83E000128F9D184F83E201DE094F860
:105030003F000128F2D184F83F2016E094F84000A8
:105040000128EBD184F840200FE094F841000128BA
:10505000E4D184F8412008E094F842000128DDD131
:1050600084F8422001E084F843200122206800F007
:10507000D5FF194B20681949194A984209D088422E
:1050800007D0904205D0174DA84202D0164DA84235
:1050900003D1456C45F400454564206898420CD026
:1050A000B0F1804F09D0114B984206D0104B984276
:1050B00003D0884201D0904207D181680D4A114047
:1050C000062906D0B1F5803F03D0016841F0010107
:1050D0000160002030BD0000002C01400034014080
:1050E00000400140004401400048014000040040ED
:1050F000000800400700010090F88410012918D032
:10510000012180F884102421C0F8881001680A6801
:105110000B6823F001030B6022F00051002242666D
:10512000036819602021C0F8881080F88420104698
:105130007047022070477047704770B5044690F87A
:10514000840001281DD0012084F884002420C4F8A4
:10515000880020680568026822F001020260206869
:10516000826822F060620A438260204601F03EF9C4
:10517000206805602020C4F88800002084F884009E
:1051800070BD022070BD70B5044690F884000128FF
:105190001DD0012084F884002420C4F888002068F1
:1051A0000568026822F0010202602068826822F02D
:1051B00060420A438260204601F018F920680560C9
:1051C0002020C4F88800002084F8840070BD0220EC
:1051D00070BD7047704770472DE9F0410368044681
:1051E000D86919689A6840F60F0528424FF0000503
:1051F0004FF002060AD187067ED501F0200702F0A3
:10520000805C57EA0C0777D0616F42E1B64FDFF858
:10521000DCC2174001EA0C0C57EA0C0C6CD05FEAB8
:10522000C07C0CD05FEAC15C09D54FF0010CC3F81B
:1052300020C0D4F8903043F00103C4F890308307C5
:1052400009D5D30707D023681E62D4F8903043F005
:105250000403C4F8903043070AD5D30708D0266862
:1052600004233362D4F8903043F00203C4F8903042
:1052700003070CD501F020033B4308D02668082320
:105280003362D4F8903043F00803C4F8903003053B
:105290000BD54B0109D526684FF400633362D4F86F
:1052A000903043F02003C4F89030D4F89030002BB5
:1052B0003DD0800609D501F0200002F0805108435E
:1052C00003D0616F09B120468847D4F89000216867
:1052D0008968490602D410F0280F2AD0204601F030
:1052E000E5F92068806840061ED52068083050E83F
:1052F000001F21F0400100E021E040E80012002AF8
:10530000F3D1D4F8800078B179498163D4F8800072
:10531000FEF795F800280AD0D4F88000816B00E0F1
:105320002046BDE8F04108472046FFF754FFBDE89E
:10533000F0812046FFF74FFFC4F89050F7E7D4F80C
:105340006CC02027BCF1010F7ED15FEAC06C7BD519
:105350005FEAC16C78D5102018622068806840062A
:1053600051D5D4F880100A6850680004000C3ED073
:10537000B4F85C3083423AD9A4F85E00086800684B
:1053800080062CD4216851E8000F20F4807041E899
:105390000002002AF6D12068083050E8001F21F0F2
:1053A000010140E80012002AF5D12068083050E8D9
:1053B000001F21F0400140E80012002AF5D1C4F896
:1053C0008C70E566216851E8000F20F0100041E87C
:1053D0000002002AF6D1D4F88000FDF7FBFF266713
:1053E000B4F85C00B4F85E10401A81B207E0B4F87B
:1053F0005C1081429BD11068800698D526672046B4
:10540000FFF799FE93E7B4F85C00B4F85E10401A19
:1054100081B2B4F85E00002889D0002987D02268C4
:1054200052E8000F20F4907042E80003002BF6D100
:105430002D4BDB432068083050E8002F1A4040E82D
:10544000002CBCF1000F00E00EE0F3D1C4F88C702A
:10545000E5666567206850E8002F22F0100240E8FA
:105460000023002BF6D1C9E7C60209D5560207D59D
:105470004FF4801018622046BDE8F041FFF7AABE45
:1054800003060AD501F0800302F40002134304D09E
:10549000A16F00297FF444AF49E7420611D54A06BF
:1054A0000FD52046016851E8002F22F0400241E864
:1054B0000023002BF6D1C0F88870856700F03DF915
:1054C00035E7020206D54A0004D52046BDE8F04182
:1054D000FFF77FBEC00195D5002993DA2046BDE8CD
:1054E000F041FFF729BE0000010000102001000478
:1054F000A565000810B5040003D0D4F8880010B1E9
:1055000007E0012010BD002084F88400204600F050
:1055100027F82420C4F888002068016821F00101E0
:105520000160A06A10B1204600F082FF204601F021
:10553000FFF80128E6D02068416821F490414160DD
:105540002068816821F02A0181602068016841F0AB
:10555000010101602046BDE8104000F0CDBF000011
:1055600070B598B00646142111A8FBF748F84421FD
:105570006846FBF744F825493068884244D1022444
:105580000025684602950094FEF712FC08B1FCF76E
:10559000DFFD1F49886D40F400308865886D00F498
:1055A00000301690C86C40F00100C864C86C11A9A6
:1055B00000F0010016900C2081E831000720CDE9B1
:1055C00014504FF09040FEF7CBF9134C1148206077
:1055D0001A20C4E901058020C4E903502020656138
:1055E000C4E9065020462562FDF7C2FF08B1FCF76A
:1055F000AFFDC6F88040002211462620A662FEF7C5
:105600003FFB2620FEF72EFB18B070BD0044004083
:10561000001002401C0002402004002030B4D0F8EA
:105620008C30202B02D0022030BC7047A9B1A2B12F
:105630000023C3660A4C0368A3420BD05B681B02BD
:1056400008D5046854E8003F43F0806344E800351F
:10565000002DF6D130BC01F0A5B90120E4E700002F
:105660000080004000680349884201D103F05ABC21
:10567000704700000044004000680349884201D19F
:1056800003F050BC70470000004400402DE9F8438F
:105690000446D0F88800984616460D46202802D0C9
:1056A0000220BDE8F883A5B19EB10020C4F89000A7
:1056B0002120C4F888001834FEF77CFAA6878146BA
:1056C000E68754F8100C2027183CB0F5805F02D014
:1056D00003E00120E5E7206910B12E46002510E027
:1056E00000260EE08021204601F0B0F9C0B9DEB1FD
:1056F00016F8010B21688862B4F85600401EA4F821
:105700005600B4F856004B464FF00002CDF800802A
:105710000028E7D14FF04001204601F097F940B151
:10572000C4F888700320BCE735F8020BC0F308000A
:10573000E0E7C4F888700020B3E77047FEE700EBAD
:105740008100006E00F0F840704700EB8100006EB1
:1057500000F0F84070478068C0F3C0007047806870
:10576000C0F3C00070478068C0F380007047806855
:10577000C0F380007047C06810F4406F01D0002073
:10578000704701207047042303EAD15310B5184431
:105790004369C1F3045107248C40A3438A40134357
:1057A000436110BD042303EAD15310B51844436983
:1057B000C1F3045107248C40A3438A40134343613F
:1057C00010BD00EB8100016E21F000411143016624
:1057D000704700EB8100016E21F00041114301662A
:1057E000704700002DE9F0419AB0002417941894F6
:1057F00020210FA81994FAF702FF3C216846FAF716
:10580000FEFE3D484FF0A041042501604FF44031B9
:10581000C0E9011485614FF00108C460C0E9044883
:1058200004774477C0F8208080F82440C462046381
:1058300080F83840C46380F84040FDF72DFA08B185
:1058400072B6FEE717A92C481794FCF7A3FF08B11E
:1058500072B6FEE7294E10A906207F270F9681E831
:105860009100CDE913540FA92348FCF7FFFF08B1BD
:1058700072B6FEE7CDE904540920CDE90060089531
:10588000CDE9028780208DF824408DF825400A90CC
:105890000B908DF826408DF8304069461648FCF78D
:1058A00059FC08B172B6FEE71548009040F20F109F
:1058B000019069461048FCF74DFC08B172B6FEE74E
:1058C0001048009040F21520019069460A48FCF704
:1058D00041FC08B172B6FEE70B48009040F21B3065
:1058E000019069460448FCF735FC002801D072B6E7
:1058F000FEE71AB0BDE8F081AC000020400020199E
:105900008000501D000180210002B0252DE9F041EA
:1059100098B020210FA8FAF772FE3C216846FAF7EA
:105920006EFE3B483949002401604FF44031C0E924
:105930000114042585610126C460C0E9044604778A
:105940004477066280F82440C462046380F83840DB
:10595000C46380F84040FDF79FF908B172B6FEE7D6
:10596000DFF8B08010A906207F27CDF83C8081E8C1
:105970009100CDE913540FA92548FCF777FF08B132
:1059800072B6FEE7CDF80080CDE9045401A90920E4
:10599000089581E8C10080208DF824408DF82540CD
:1059A0000A900B908DF826408DF8304069461848D3
:1059B000FCF7D0FB08B172B6FEE71748009040F242
:1059C0000F10019069461248FCF7C4FB08B172B68B
:1059D000FEE71248009040F21520019069460C48FD
:1059E000FCF7B8FB08B172B6FEE70D48009040F234
:1059F0001B30019069460648FCF7ACFB002801D03B
:105A000072B6FEE718B0BDE8F0810000000100505A
:105A10001801002002003004040060080800900C07
:105A20001000C010104810B50E49016000214160FF
:105A30008160C1600174417481741022426101224D
:105A40008261C261026242628262C262C0E90C216A
:105A50008163C163FDF744FE002801D072B6FEE702
:105A600010BD000000640040980100202DE9F041C5
:105A700086B014216846FAF7C2FD2B48C16C41F08C
:105A80000401C164C16C01F004010591C16C41F0D5
:105A90002001C164C16C01F020010591C16C41F08D
:105AA0000101C164C16C01F001010591C16C41F0BB
:105AB0000201C164C16C01F002010591C16C41F0A9
:105AC0000801C164C06C4FF0904700F008000590D9
:105AD000002220213846FEF767F8DFF850804FF4A7
:105AE0000076002231464046FEF75EF80024300181
:105AF000CDE9000469460E480294FDF731FF2020ED
:105B000000900125CDE90154694638460394FDF71C
:105B100027FFCDE90065CDE9025469464046FDF70F
:105B20001FFF06B0BDE8F0810010024000040048ED
:105B30000008004810B59CB0002419941A941794DA
:105B40001894149415941C2168461694FAF757FD7E
:105B5000342107A8FAF753FD37483649C0E9001445
:105B60004FF6FF71C0E90241046144618461FEF7B0
:105B7000E9FE08B172B6FEE74FF48050179017A9FE
:105B80002D48FEF731FF08B172B6FEE72A48FFF74D
:105B900002FA08B172B6FEE71494159414A92648C7
:105BA0001694FEF725FE08B172B6FEE76020CDE937
:105BB00000040294039404940594002269461E484C
:105BC0000694FFF756F908B172B6FEE7042269465B
:105BD0001948FFF74EF908B172B6FEE70822694688
:105BE0001548FFF746F908B172B6FEE70C22694680
:105BF0001148FFF73EF908B172B6FEE70794089422
:105C000009944FF400500A94CDE90B400D94000321
:105C10000E94CDE90F401194129407A906481394ED
:105C2000FEF770FD08B172B6FEE70348FFF752F8C1
:105C30001CB010BD002C0140FC01002010B592B03A
:105C400024216846FAF7DBFC00240F9410941821F5
:105C500009A81194FAF7D3FC1B481A49C0E90014AB
:105C60004FF6FF71C0E90241046184610120CDE972
:105C70000004CDE902040494CDE905400794694687
:105C800011480894FEF730FF08B172B6FEE70F9492
:105C90000FA90D481194FEF7ABFD08B172B6FEE7EF
:105CA00009940A940B948DF830400D9409A9064884
:105CB0000E94FEF775FD002801D072B6FEE712B013
:105CC00010BD0000000400404802002010B592B052
:105CD00024216846FAF793FC00240F9410941821AD
:105CE00009A81194FAF78BFC1B481A49C0E9001463
:105CF0004FF6FF71C0E90241046184610120CDE9E2
:105D00000004CDE902040494CDE9054007946946F6
:105D100011480894FEF7E8FE08B172B6FEE70F944A
:105D20000FA90D481194FEF763FD08B172B6FEE7A6
:105D300009940A940B948DF830400D9409A90648F3
:105D40000E94FEF72DFD002801D072B6FEE712B0CA
:105D500010BD0000000800409402002030B59BB048
:105D6000002419941A9417941894149415941C21CF
:105D700068461694FAF743FC342107A8FAF73FFC6B
:105D80003C483B49C0E900144FF6FF71C0E90241AD
:105D9000046144618461FEF7D5FD08B172B6FEE787
:105DA0004FF48050179017A93248FEF71DFE08B136
:105DB00072B6FEE72F48FFF72AF808B172B6FEE781
:105DC0002C48FFF7E8F808B172B6FEE71494159472
:105DD00014A928481694FEF70BFD08B172B6FEE729
:105DE000009401940294039404940594002269465B
:105DF00020480694FEF7D4FF08B172B6FEE760258E
:105E0000042269461B480095FFF733F808B172B6C3
:105E1000FEE70822694617480094FEF7C1FF08B163
:105E200072B6FEE70C22694612480095FFF721F88A
:105E300008B172B6FEE70794089409944FF4005035
:105E40000A94CDE90B400D9400030E94CDE90F4068
:105E50001194129407A907481394FEF753FC08B154
:105E600072B6FEE70348FEF735FF1BB030BD0000F9
:105E700000340140E0020020174810B515490160C8
:105E80004FF4E1314160002181600C22C160C0E922
:105E900004128161C161016241628162FFF72AFBE4
:105EA00008B172B6FEE700210B48FFF76CF908B1A4
:105EB00072B6FEE700210848FFF73FF908B172B655
:105EC000FEE70548FFF718F9002801D072B6FEE793
:105ED00010BD0000004400402C030020FEE7FEE758
:105EE00070477047FDF76CBE10B594B03821684616
:105EF000FAF785FB14210EA8FAF781FB0020FDF7C5
:105F0000F1FE012000900004032406210190CDE958
:105F1000084102205521CDE90A1007900C900D9000
:105F20006846FEF7D9F908B172B6FEE70F20CDE951
:105F30000E04002010901190129004210EA8FEF77C
:105F40007BF8002801D072B6FEE714B010BD000047
:105F50000248016841F470010160704788ED00E07B
:105F60002DE9F0430268264B264D274E274C4FF073
:105F70008049984207D0484505D0A84203D0B04296
:105F800001D0A04203D122F070074A683A43204F63
:105F9000DFF880C0DFF8808098420DD048450BD0F4
:105FA000A84209D0B04207D0A04205D0B84203D0E1
:105FB000604501D0404503D122F44075CA682A43A8
:105FC0004D6922F080022A4302608A68C2620A6830
:105FD0008262984207D0A04205D0B84203D0604503
:105FE00001D0404501D10969016301214161016985
:105FF000C90703D0016921F001010161BDE8F08307
:10600000002C014000040040000800400034014022
:1060100000400140004401400048014010B501F03B
:106020001F030121046A99408C430462016A9A406B
:106030001143016210BD10B501F00F030421046A81
:1060400099408C430462016A9A401143016210BD79
:1060500010B5846842EA032224F47F440A432243B1
:10606000826010BD8268034B1A400A4342F0070168
:10607000816070478FFFCFFF2DE9F043056A026A08
:1060800022F001020262436882691C4C25F002057D
:1060900022400C6822F0030214438A68194E2A43F6
:1060A000174D194FDFF864C0DFF86490A84207D09D
:1060B000B04205D0B84203D0604501D0484506D172
:1060C00022F00808CA6842EA080222F00402A84244
:1060D00007D0B04205D0B84203D0604501D0484552
:1060E00005D14D6923F440731D438B692B434360F5
:1060F0008461496841630262BDE8F0838FFFFEFF5F
:10610000002C0140003401400040014000440140A7
:1061100000480140F0B5056A026A22F010020262EE
:1061200042688369194C1B4E23400C6823F440736A
:1061300043EA042425F020038D6843EA0513144D37
:10614000A84201D0B04206D1CF6823F0800343EAD1
:10615000071323F04003A8420AD0B04208D00E4DE6
:10616000A84205D00D4DA84202D00D4DA84207D13E
:106170004D6922F4406242EA85028D6942EA850255
:1061800042608461496881630362F0BDFF8FFFFE56
:10619000002C014000340140004001400044014017
:1061A00000480140F0B5056A026A22F4807202627A
:1061B0004368C269194C1B4E22400C6822F003024E
:1061C000144325F400728D6842EA0522144DA8425A
:1061D00001D0B04206D1CF6822F4006242EA072221
:1061E00022F48062A8420AD0B04208D00E4DA842E4
:1061F00005D00E4DA84202D00D4DA84207D14D69E1
:1062000023F4405343EA05138D6943EA05134360C1
:10621000C4614968C1630262F0BD00008FFFFEFFE8
:10622000002C014000340140004001400044014086
:1062300000480140F0B5056A026A22F48052026209
:106240004268C369194C1B4E23400C6823F4407309
:1062500043EA042425F400538D6843EA0533144DC2
:10626000A84201D0B04206D1CF6823F4004343EAEC
:10627000073323F48043A8420AD0B04208D00E4D21
:10628000A84205D00D4DA84202D00D4DA84207D11D
:106290004D6922F4404242EA85128D6942EA851234
:1062A0004260C461496801640362F0BDFF8FFFFE74
:1062B000002C0140003401400040014000440140F6
:1062C0000048014030B5056A026A22F48032026259
:1062D0004268036D114C23400C681C4325F40033C5
:1062E0000D8943EA05430E4DA8420BD00D4DA8423F
:1062F00008D00D4DA84205D00C4DA84202D00C4D3F
:10630000A84204D14D6922F4803242EA052242605B
:10631000046549688164036230BD00008FFFFEFFA1
:10632000002C014000340140004001400044014085
:106330000048014030B5046A026A22F48012026209
:106340004268036D114D24F400142B400D6843EA9C
:1063500005230D8944EA05540D4DA8420BD00D4D7F
:10636000A84208D00C4DA84205D00C4DA84202D03E
:106370000B4DA84204D14D6922F4802242EA8522C5
:10638000426003654968C164046230BDFF8FFFFE4F
:10639000002C014000340140004001400044014015
:1063A0000048014010B5036A046A24F00104046245
:1063B000846924F0F00444EA021423F00A020A4338
:1063C0008461026210BD10B5036A046A24F01004EF
:1063D0000462846923F0A00324F4704444EA023286
:1063E00043EA01118261016210BD000030B5416EC7
:1063F000B9B1026891689268C1F342610B4B520FC8
:106400009C5CE50003F10804A25CB5FBF2F2A0F885
:106410006A205A5C615CD200B2FBF1F1A0F868100E
:1064200030BD0121A0F86A10F8E70000C2AB0008F7
:1064300090F82810090706D501684A68836B22F492
:1064400000421A434A6090F82810C90706D0016834
:106450004A68C36A22F400321A434A6090F828104E
:10646000890706D501684A68036B22F480321A4313
:106470004A6090F82810490706D501684A68436BBE
:1064800022F480221A434A6090F82810C90606D5E3
:1064900001688A68C36B22F480521A438A6090F8BC
:1064A0002810890606D501688A68036C22F4005218
:1064B0001A438A6090F82810490611D501684A6885
:1064C000436C22F480121A434A60416CB1F5801F7C
:1064D00006D101684A68836C22F4C0021A434A60FC
:1064E00090F82810090606D501684A68C06C22F4A5
:1064F000002202434A6070472DE9F8430026044613
:10650000C0F89060FDF756FB8046206800684FF0A9
:10651000200500076FF07E4713D54346002229046B
:106520002046009700F092FA58B1216851E8000F18
:1065300020F0800041E80002002AF6D1C4F888501B
:1065400021E020680068400722D5434600224FF42E
:1065500080012046009700F079FAC8B1216851E81F
:10656000000F20F4907041E80002002AF6D1206864
:10657000083050E8001F21F0010140E80012002A15
:10658000F5D1C4F88C5084F884600320BDE8F8830A
:10659000C4F88850C4F88C5044F86C6F6660267656
:1065A0000020F3E710B5806A0021A0F85E10FEF726
:1065B00012FE10BD70B5846AD4F88800D4F88C50EF
:1065C000216889684FF00006090606D5212804D104
:1065D000A4F85660204600F093F8206880684006D2
:1065E00006D5222D04D1A4F85E60204600F05EF8A6
:1065F000D4F8900040F01000C4F890002046FEF758
:10660000EAFD70BD10B50146806A096809684FF05F
:10661000000289062DD4A0F85E20036853E8001F0D
:1066200021F4807143E80014002CF6D10168083190
:1066300051E8003F23F0010341E80034002CF5D17C
:106640000168083151E8003F23F0400341E800347D
:10665000002CF5D12021C0F88C10C16E012908D181
:10666000016851E8003F23F0100341E80034002C9A
:10667000F6D10267C16E012902D0FEF7F3FF10BD0B
:10668000B0F85C10FEF757FD10BD10B5806A01210F
:106690000167C16E012902D0FEF7EEFF10BDB0F810
:1066A0005C104908FEF747FD10BD000010B50268F8
:1066B00052E8001F21F4907142E80013002BF6D13C
:1066C0000E4B0268083252E8001F194042E80014DD
:1066D000002CF6D1C16E012908D1016851E8002FC4
:1066E00022F0100241E80023002BF6D12021C0F84F
:1066F0008C100021C166416710BD0000FEFFFFEF56
:10670000026852E8001F21F0C00142E80013002B8C
:10671000F6D10168083151E8002F22F4000241E867
:106720000023002BF5D12021C0F88810704700000D
:106730002DE9F0410446016880682269E36910434D
:10674000626900251A431043DFF82CC20A688B4B9C
:106750001A4002430A6020684168E26821F440510F
:10676000114341602168A069614501D0226A10434C
:106770008A68834B1A4002438A602068C16A626A51
:1067800021F00F011143C1627E4923687E488B428C
:106790000DD1D0F8880010F0030006D0012855D0A4
:1067A000022842D003283FD152E001203DE0774942
:1067B0008B420BD1D0F8880010F00C0035D00428A3
:1067C00033D0082840D00C282ED141E070498B42AC
:1067D0000BD1D0F8880010F0300026D0102835D02A
:1067E000202831D030281FD132E06A498B420BD1AA
:1067F000D0F8880010F0C00017D0402826D080289C
:1068000022D0C02810D123E063450DD1D0F88800F4
:1068100010F4406009D0B0F5806F17D0B0F5006F6C
:1068200012D0B0F5406F13D010205B495B4F0026AB
:106830004FF4004263453BD160B1022813D00428D5
:106840000BD0082872D10DE00220EEE70420ECE71F
:106850000820EAE7FDF7E4FC01E0FDF705FD010093
:1068600001D17CE01146606A37F810206768B1FBFF
:10687000F2F007EB4703834270D8B0EB073F6DD8C7
:10688000002308461946F9F76DFD090241EA106137
:1068900002027808101871413A460023F9F762FDA8
:1068A0003F4AA0F54071914258D82168C86056E02F
:1068B000E3694FF6EF7893422CD109284ED2DFE8F6
:1068C00000F00508114D0D4D4D4D1000FDF7A8FCD1
:1068D00001E0FDF7B7FC010004D140E0FDF7C4FC86
:1068E000F9E71146606A37F81000B1FBF0F041009B
:1068F000606801EB5001B1FBF0F0A0F110014145DF
:106900002CD84FF6F0710140C0F3420001432068DB
:10691000C16024E0092821D2DFE800F00509122037
:106920000E2020201100FDF77BFC02E016E0FDF7B1
:1069300089FC010004D112E0FDF796FCF9E711464D
:10694000606A37F81000B1FBF0F1606801EB5001AC
:10695000B1FBF0F0A0F1100141450AD90125012059
:10696000A4F86A0024F8680F2846E6602661BDE8AE
:10697000F08180B299E7000000800040F369FFCF0A
:10698000FFF4FF11003801400010024000440040B5
:1069900000480040004C00400024F400AAAB00086E
:1069A000FFFC0F0070B58165A0F85C200021044653
:1069B000C0F890102220C4F88C00D4F88000F0B108
:1069C0001F4BC362D4F880301E481863D4F880305F
:1069D0001D485863D4F8800013468163A56D216873
:1069E0002A462431D4F88000FCF722FE38B110206A
:1069F000C4F890002020C4F88C00012070BD2069EC
:106A000040B1216851E8000F40F4807041E8000275
:106A1000002AF6D12068083050E8001F41F001013B
:106A200040E80012002AF5D12068083050E8001F25
:106A300041F0400140E80012002AF5D1002070BD6D
:106A4000056600088B660008B56500082DE9F0476B
:106A5000994617460D4604464FF00008089E33E05D
:106A6000701C31D0FDF7A6F8A0EB0900B04218D891
:106A7000BEB120680168490726D5802D24D0402D5D
:106A800022D0C169C94309070DD4082505622046F3
:106A9000FFF70CFEC4F8905084F884800120BDE814
:106AA000F0870320FBE7C069C04300050CD42168D0
:106AB0004FF4006008622046FFF7F8FD2020C4F87C
:106AC000900084F88480ECE72068C06935EA000013
:106AD00004D00020B842C3D00020E0E70120F9E74D
:106AE0000148FEF779BB00002C030020FEE703B449
:106AF00001984100009850EAC12018BF04204A0DB7
:106B000018BF40F0010040F2FF72B2EB515F08BFC6
:106B100040F00200012808BF052002B07047410084
:106B2000080218BF04200A0E18BF40F001004FF001
:106B30007F4232EA010108BF40F00200012808BF8D
:106B4000052070470907090E002804DB00F1E0204A
:106B500080F80014704700F00F0000F1E02080F88A
:106B6000141D704710EE100A10B510EE901A4FF079
:106B7000684202EB40032DED028BB3F1654F3CBF41
:106B800002EB4102B2F1654F7CD200BFC0F3C753A4
:106B9000C1F3C7529A1A1B2A09DD10F0004F14BF27
:106BA0009FED6E0A9FED6E0ABDEC028B10BD12F1D7
:106BB0001A0F1BDA11F0004F09D010F0004F0CBF74
:106BC0009FED680A9FED680ABDEC028B10BD80EE58
:106BD000208A18EE100AFFF7A2FF042808BF00F071
:106BE00043FBB0EE480ABDEC028B10BD4200B2EB95
:106BF000410F37D910F0004F19BFDFED5C1A9FED40
:106C00005C1ADFED5C1A9FED5C1AB0EE602A0A4652
:106C1000F1EE400A80F00041B0EE420A10460A1A36
:106C20005200B2F1807F34D2484010F0004FDFEDC7
:106C3000532A9FED533A1DBFBEEE002A71EEE21AB1
:106C400031EE431AB6EE002A04BF71EEA21A31EEFD
:106C5000031AF0EE402A42EE602A40EE020A82EE6B
:106C6000A02A18E011F0004F04BF9FED461AF0EE85
:106C7000411AD4D010F0004F1CBFDFED431A9FED36
:106C8000431A00E026E004BFDFED411A9FED411AF0
:106C9000C5E780EE202A22EE020ADFED3F0ADFED93
:106CA0003F2ABDEC028B40EE202ADFED3D0A40EE8C
:106CB000220ADFED3C2A40EE202ADFED3B0A40EEBF
:106CC000220A22EE000A00EE201A31EE020A30EE0D
:106CD000210A10BD4FF07F42B2EB400F28BFB2EB4C
:106CE000410F05D2BDEC028BBDE8104000F0B1BAF7
:106CF00040EA01035B0008BF41F0FF410BD0B2EB5B
:106D0000400F08BFB2EB410F08D120F0804000EEE9
:106D1000100A21F0804100EE901A37E7B2EB400FE5
:106D200012BF5FEA410240F0FF4001F000413FF432
:106D30002DAF4A0092EA40033FF528AF002AACBFCE
:106D40009FED1A1A9FED1A1A20EE010A60EE810AD1
:106D500010EE100A10EE901A18E70000DB0FC9BF02
:106D6000DB0FC93FDB0F4940DB0F49C00000C9BF43
:106D700022AAFDB90000C93F22AAFD390060ED3EFC
:106D8000C30ACE3700000000000049C022AA7DBA25
:106D90000000494022AA7D3A2DAD65BD8FB8D53D92
:106DA0000FB511BE61C84C3EA8AAAABE0000804F14
:106DB0000000802F10EE101A08B5444A6846B2EB66
:106DC000410F28D94FF0E640B0EB410F94BF0020AF
:106DD0004FF0FF3000900098002861DB60EE000A61
:106DE00010F0010F45D010F0020FDFED391A9FEDC2
:106DF000391A00EEE11ADFED381A40EE811A21EE61
:106E0000A01AF0EE400A40EE010A08BFF1EE600A57
:106E1000B0EE600A08BD314B21F0004293423CD9EC
:106E200011F0004FDFED2E0A20EE201ADFED2D0AC3
:106E300019BF31EE601A71EE200A31EE201A71EEA0
:106E4000600ABDEEE01A11EE100A9FED271A00F05D
:106E5000030000EEC10A9FED251A009000EEC10A62
:106E60009FED231A00EEC10A9FED221A00EEC10A1F
:106E7000B1E79FED211A9FED210A10F0020F00EEFD
:106E8000810A9FED1F1A00EE801AB7EE000A00EE8D
:106E9000810A18BFB1EE400A08BD00F0EDF99AE78B
:106EA00010EE100A4000B0F17F4F3CBFB7EE000A71
:106EB00008BD07D14FF00100F9F717FCBDE8084005
:106EC00000F0CAB9BDE8084000F0C0B9B61F927E14
:106ED000336D4C39DA82083CA0AA2ABE490E4946D5
:106EE00083F9223F0000004B0000C93F00A0FD399C
:106EF0000020A2331A61342CB93AB2BACA9F2A3D93
:106F0000DDFFFFBE00B510EE101A2DED028B81B033
:106F1000524A6846B2EB410F2ED94FF0E640B0EB33
:106F2000410F94BF00204FF0FF3000900098B0EE6A
:106F3000408A00286ADB10F0010F4BD068EE080A87
:106F40009FED471A9FED470A00EE810A9FED461A12
:106F500010F0020F00EE801AB7EE000A00EE810A70
:106F600002BF01B0BDEC028B00BD00BF01B0B1EEAD
:106F7000400ABDEC028B00BD3C4B21F00042934225
:106F800041D911F0004FDFED3A0A20EE201ADFED73
:106F9000390A19BF31EE601A71EE200A31EE201A5B
:106FA00071EE600ABDEEE01A11EE100A9FED321A82
:106FB00000F0030000EEC10A9FED301A009000EED1
:106FC000C10A9FED2F1A00EEC10A9FED2E1A00EEA6
:106FD000C10AABE728EE080A9FED2B1ADFED2B0A5A
:106FE00010F0020F40EE410A9FED291A00EE201A20
:106FF00061EE000AB0EE480A08EE200AB6D101B0F0
:10700000BDEC028B00BD00F037F98FE718EE100AD7
:107010004000B0F17F4F0DD218EE100AFFF77FFD50
:10702000042808BF00F020F9B0EE480A01B0BDEC1A
:10703000028B00BD09D10120F9F757FB01B0BDEC6F
:10704000028B5DF804EB00F007B901B0B0EE480A1E
:10705000BDEC028B5DF804EB00F0F8B8B61F927E31
:10706000B93AB2BACA9F2A3DDDFFFFBE490E494672
:1070700083F9223F0000004B0000C93F00A0FD390A
:107080000020A2331A61342C336D4C39DA82083C6B
:10709000A0AA2ABE10B52DED028BB1EEC08A18EE63
:1070A000100A20F00040C0F1FF40C00F0AD010EEDF
:1070B000100A20F00040C0F1FF40C00F04BF0120C3
:1070C000F9F713FBB0EE480ABDEC028B10BD0000CF
:1070D00000B510EE101A2DED028B81B04D4A6846B6
:1070E000B2EB410F3CD94FF0E640B0EB410F94BFFB
:1070F00000204FF0FF3000900098B0EE408A00284A
:107100005FDB28EE080ADFED440A9FED441A00EE2B
:10711000201ADFED430A40EE010A9FED421A00EE0D
:10712000201ADFED410A10F0010F40EE010A9FED39
:107130003F1A00EE201A61EE000AB0EE480A08EE8F
:10714000200A02BF01B0BDEC028B00BDBFEE001AE9
:1071500001B0C1EE000ABDEC028BB0EE600A00BDCA
:10716000334B21F00042934228D911F0004FDFED5C
:10717000310A20EE201ADFED300A19BF31EE601A15
:1071800071EE200A31EE201A71EE600ABDEEE01AAF
:1071900011EE100A9FED291A00F0030000EEC10A5B
:1071A0009FED271A009000EEC10A9FED261A00EE0F
:1071B000C10A9FED251A00EEC10A9DE700F05CF8B8
:1071C0009AE718EE100A4000B0F17F4F0DD218EE8A
:1071D000100AFFF7A4FC042808BF00F045F8B0EE41
:1071E000480A01B0BDEC028B00BD09D10120F9F7BE
:1071F0007CFA01B0BDEC028B5DF804EB00F02CB81A
:1072000001B0B0EE480ABDEC028B5DF804EB00F073
:107210001DB80000B61F927EBBE9223C0C6D063BF8
:107220008A76CE3CACB5593D35A1083E29AAAA3E86
:10723000490E494683F9223F0000004B0000C93F38
:1072400000A0FD390020A2331A61342C30EE000A70
:10725000704730EE200A7047DFED020A80EEA00A88
:1072600070470000000000009FED020A20EE000AB7
:1072700070470000000000102DE9F0014FF07F4240
:10728000B2EB410F9FBF4FF0FF310160BDE8F0014D
:1072900070474FF0004242EA0123C1F3C752783AE7
:1072A000551112F01F0C434CCCF120067C44C1F365
:1072B000C752A2F178024FEA621204EB820254F83C
:1072C000254008BFD2E9015612D0556804FA0CF4E3
:1072D00025FA06F73C43976805FA0CF527FA06F8F5
:1072E000D26807FA0CFCF24045EA08054CEA0206AF
:1072F000A4FB034CA5FB0352A6FB03631D449D4264
:1073000034BF012600261319334416B1934202D923
:1073100003E0934201D2012200E00022624402F124
:10732000200C9206DC0C42EA443200EE102A5B0389
:10733000DFED210AF8EEC01A00EE103A4FEA9C1C6D
:1073400011F0004FB8EE400AC0F800C020EE201A3D
:1073500000EE105ADFED190AB8EE400A20EE200ABE
:1073600071EE810A70EE800A10EE902A02F500623A
:107370006FF30B0200EE902A70EEE11A31EEC11AA3
:10738000DFED101A30EE411A9FED0D0A20EE800A53
:1073900001EE210A9FED0C1A00EE810A04BFBDE840
:1073A000F0017047CCF180510160BDE8F001B1EE11
:1073B000400A7047903C0000000000360000802C1E
:1073C00022AAFD29DB0FC92F0000C92F10B5C16902
:1073D000044651B1884784F82400012807DB204681
:1073E000BDE81040072100F02DB9F9F745F810BDB0
:1073F00030380A2801D2012070470020704710B5AC
:10740000C168044659B18847002284F82400002846
:1074100007DA20462263BDE8104000F004B9F9F70E
:107420002BF86179012913D0012816DB032901D03B
:10743000042915D1206B18B9206DE0640120206368
:10744000D4E9131001F0C4FE616C814208D8032115
:107450002046BDE8104000F0F5B8002800D12263B6
:1074600010BD10B58168044649B1884784F82400EE
:10747000002806DA2046BDE8104000F0D4B8F8F73E
:10748000FBFF012819DB6079022803D0032801D013
:10749000042815D1206B18B9206DE0640120206309
:1074A000D4E9131001F094FE216C814208D82046E3
:1074B000BDE81040022100F0C5B8002800D12063CB
:1074C00010BD10B50169044649B1884784F824000D
:1074D000002806DA2046BDE8104000F0A4B8F8F70E
:1074E000CBFF6179012913D0022911D0012814DBC7
:1074F000042915D1206B18B9206DE06401202063A8
:10750000D4E9131001F064FEA16C814208D8042173
:107510002046BDE8104000F095B8002800D1206357
:1075200010BD70B504007AD001F06FFD2065E16AEE
:107530002068012669B180B2024601F049FD607100
:10754000E06A30B1C2F3C01010B1616D01B9A6623A
:1075500060652079082864D2DFE800F004060A0E8E
:1075600012314146012126E02046FFF77AFF4FE025
:107570002046FFF744FF4BE02046FFF7A2FF47E01D
:10758000616981B320468847214684F82400002899
:107590001EDB60790128E5D0022802D0032802D042
:1075A00005E0022107E00321204600F04BF8607956
:1075B00005282DD10521204600F044F828E0A169D6
:1075C00089B120468847214684F82400002803DA40
:1075D000084600F028F81BE00128C3DA18E020462E
:1075E000FFF7F4FE14E01AE0216AC1B12046884793
:1075F00084F8240000256571A06A48B126712563CE
:1076000001F003FD60632046A56300F038F8A56231
:10761000204600F034F8A06B401CA06370BDF8F762
:107620002BFF2046D5E710B504460020A06220635A
:10763000062020712046FFF7C9FE2046BDE8104015
:1076400000F01DB870B5044600790025884205D0C9
:10765000072813D0062803D0217105E006280DD194
:1076600006290BD007202071256301F0CEFCC4E968
:107670000D052046BDE8704000F001B870BD10B5A2
:1076800068B14188027921F06F0141F02001082A98
:107690001ED2DFE802F006090C0F1215181BF8F7CE
:1076A000EBFE21F0200113E041F0400110E041F039
:1076B00001010DE041F003010AE041F0070107E09C
:1076C00021F02001F9E741F00801F6E741F0080157
:1076D000418010BD70B5124800F0E8F9114C04F17A
:1076E0000C0000F08FFA04F13C0000F08BFA9FEDE3
:1076F0000E0A002584ED1B0AA56784ED240A04F117
:10770000D40000F1740480ED0A0A2561656104F17A
:107710002C00A56101F046FB25876587A58770BD14
:107720004C060020B00800200000000070B598B0A2
:1077300005461C210DA8F8F762FF00241494159447
:10774000342168461694F8F75AFF2868016A41F216
:107750001112114207D1016A9200114203D101684E
:1077600021F0010101602026C5E9014641F299009E
:10777000C5E90304012068618020A8612846FDF75F
:107780000AFC08B1FAF7E4FC6020CDE90D04022000
:107790000F900820CDE91004129400220DA928466C
:1077A0001394FDF766FB58B904220DA92846FDF78E
:1077B00060FB28B908220DA92846FDF75AFB08B13D
:1077C000FAF7C6FCCDE9146414A928461694FDF70F
:1077D0000FF808B1FAF7BCFC6420CDE90240009430
:1077E0004FF40050CDE904400003CDE90840019476
:1077F000069407940A940B94694628460C94FCF767
:1078000081FF08B1FAF7A4FC04480068C16C21F4B8
:10781000FE7141F08001C16418B070BDAC00002061
:1078200030B5DDE9034580E83E0030BD00F040B8EA
:1078300010B504002DED028B86B006D094ED000A41
:10784000B5EEC00AF1EE10FA01DCF8F715FEB7EE5E
:10785000082AF0EE081A82EE001AB7EE003A6846DF
:10786000C0EE210A21EE212ADFED101A62EE212A54
:1078700083EE222AC4ED0B0AC4ED0C0A84ED0D2A16
:1078800062EE211A21EE818A00F09CFED4ED0D0AF1
:1078900094ED000A684600F037FB38EE000A84EDEC
:1078A0000E0A06B0BDEC028B10BD0000DB0FC94014
:1078B00010B50446FFF7BCFF94ED032AB5EEC02ACD
:1078C000F1EE10FA0DDDD4ED081AF5EEC01AF1EE66
:1078D00010FA06DD94ED091AB5EEC01AF1EE10FAB1
:1078E00001DCF8F7C9FD94ED0D0ADFED0F0AD4EDC8
:1078F000042A20EE200AC2EE820A61EE801A61EEAE
:10790000A01AC4ED0F1AD4ED0A1A61EE801A21EE06
:10791000000A61EEA01A20EE200AC4ED101A84EDD0
:10792000110AC4ED121A10BDDB0FC940B5EEC00A32
:1079300010B5F1EE10FA01D1F8F79EFD80EE801A35
:10794000B0EE410A10BD01207047012070470120B0
:107950007047000000219FED040AC16280ED000A1B
:107960008163416370470000000000009FED060A3C
:1079700080ED090A80ED000A80ED010A80ED020A1F
:1079800080ED030A70470000000000009FED040A2C
:1079900080ED050A80ED000A80ED010A70470000C5
:1079A000000000009FED040A80ED050A80ED000A4A
:1079B00080ED010A70470000000000009FED040AFE
:1079C00080ED050A80ED000A80ED010A7047000095
:1079D0000000000070B504462DED028BA830FFF7C3
:1079E000E1FF04F1C000FFF7DDFF04F1D800FFF76D
:1079F000D9FF04F1F000FFF7D5FF04F584752846A0
:107A000000F0F0F805F1300000F0ECF89FED268A68
:107A100004F1400085ED188A85ED198A85ED1A8AF2
:107A200085ED1B8A85ED1C8A85ED1D8A85ED1E8AF4
:107A300085ED1F8A84ED6D8A84ED6E8A84ED728AED
:107A400084ED738A84ED068A84ED078A01F09EF93D
:107A500004F1540001F09AF904F1600001F096F984
:107A600084ED1B8A84ED1C8A84ED1D8A84ED1E8AB8
:107A700004F17C0001F08AF984ED228A84ED238AE6
:107A800084ED248A84ED258A04F19C0001F07EF9BE
:107A900004F1200001F07AF984ED0F8A00202060C3
:107AA000BDEC028B70BD00000000000070B5044604
:107AB0002DED028BA830FFF781FF04F1C000FFF726
:107AC0007DFF04F1D800FFF779FF04F1F000FFF724
:107AD00075FF04F58475284600F094F805F1300030
:107AE00000F090F89FED268A04F1400085ED188A99
:107AF00085ED198A85ED1A8A85ED1B8A85ED1C8A2C
:107B000085ED1D8A85ED1E8A85ED1F8A84ED6D8ABF
:107B100084ED6E8A84ED728A84ED738A84ED068A20
:107B200084ED078A01F03EF904F1540001F03AF9BE
:107B300004F1600001F036F984ED1B8A84ED1C8AA3
:107B400084ED1D8A84ED1E8A04F17C0001F02AF97F
:107B500084ED228A84ED238A84ED248A84ED258AAB
:107B600004F19C0001F01EF904F1200001F01AF963
:107B700084ED0F8A00202060BDEC028B70BD0000F8
:107B8000000000009FED060A80ED0B0A80ED070A59
:107B900080ED080A80ED090A80ED0A0A70470000AE
:107BA000000000009FED060A80ED0B0A80ED070A39
:107BB00080ED080A80ED090A80ED0A0A704700008E
:107BC000000000009FED060A80ED0B0A80ED070A19
:107BD00080ED080A80ED090A80ED0A0A704700006E
:107BE000000000009FED060A80ED0B0A80ED070AF9
:107BF00080ED080A80ED090A80ED0A0A704700004E
:107C0000000000009FED060A80ED0B0A80ED070AD8
:107C100080ED080A80ED090A80ED0A0A704700002D
:107C20000000000070B51546044600291AD02183D3
:107C30006068B0FBF1F0E061114604F1080000F06B
:107C400093FB0020206294ED040AB5EEC00AF1EE29
:107C500010FA07DD00EE905AF8EE600A80EE801A06
:107C600084ED051A70BD70477047704700F026B963
:107C700010B5002804D072B600F004F862B60120F6
:107C800010BD00009FED150A002180ED160A016667
:107C9000416690F8B42080F8502090ED300A80EDD5
:107CA000150AB0F8BC20D0F89C30521CB3FBF2F29D
:107CB000D0F8B83053434FF47A72B3FBF2F202B902
:107CC000012240F85C2FC160016381618164C1645D
:107CD000A0F8621080F868107047000000000000F3
:107CE00010B558B151B10A68042A07DCC48E4B683C
:107CF000A34203DA0B89B3F57A7F01D9002010BDC6
:107D000072B680F8B4204A68C0F8B0200A8920F81A
:107D1000AC2F91ED030A80ED050A0A69C260898AD9
:107D200001820021418262B6012010BD002805D0E9
:107D300011B1D0F8A0200A6090F8C400704700008C
:107D40009FED080A002180ED0A0A80ED010A80ED0E
:107D5000020A80ED030A80ED040AC16281630121F9
:107D60004163704700000000704770477047000093
:107D700010B500211248FDF741F904211048FDF724
:107D80003DF908210E48FDF739F900210C48FCF7B0
:107D90007DFD04210A48FCF779FD08210848FCF71D
:107DA00075FD07480068016A40F2555211430162AF
:107DB0000122BDE8104051020248FBF7F5BE000069
:107DC000FC0100200004004870B5354C20680028F4
:107DD00064D034480025D0E90B1291425CD9806B05
:107DE000A8B360682F49072891ED0A0A1DD0606882
:107DF000062844D0606805282ADC6068032827DB51
:107E00002948616800EB8101D1ED060A616880EEC6
:107E1000201A00EB810191ED030A616831EE000A3E
:107E200000EB810080ED030A29E0204890ED051A5F
:107E3000C0EE010A90ED040A30EE800A80ED040ADB
:107E40006068401C60602560FFF744FC20E023E090
:107E5000606802281CDC1648616800EB810191ED26
:107E6000091A6168C0EE010A00EB810191ED060A72
:107E7000616830EE800A00EB810080ED060A6068E0
:107E8000401C60600748FFF765FD0648FFF758FF94
:107E900060680D2800DD2560002070BD012070BDE8
:107EA00028000020880A00200C0500209C050020E6
:107EB00048050020012070470120704706480068EF
:107EC000016A40F255529143016200224FF4007161
:107ED0000248FBF769BE0000FC01002000040048D6
:107EE00001207047F5EEC00A10B5F1EE10FA04D08B
:107EF000B5EEC01AF1EE10FA01D1F8F7BDFAC0EEF6
:107F0000201A81EE810A10BD9FED1C1A10B560EE9B
:107F1000810A2DED048B044680EE808AB0EE480A7B
:107F2000FEF748FFF0EE408AB0EE480AFEF7EAFF9F
:107F3000D4ED030AD4ED041AB0EE401A94ED022AEF
:107F400041EEA80A61EEC11AB7EE008A02EE288A55
:107F500062EE418AB0EE610AFEF704FEB0EE409A8E
:107F6000F0EE480AB0EE680AFEF7FCFDF0EE400ABB
:107F700030EEC90ABDEC048B10BD0000DB0FC94018
:107F800030B52DED028B83B0FFF798FFDFED748ADB
:107F9000744CC4ED008A9FED740A84ED030AB2EEBE
:107FA000040A84ED040ADFED710AC4ED010A84EDD0
:107FB000020A9FED6F0A84ED050AB0EE080A84ED0F
:107FC000060AB1EE000A84ED070A9FED6A0A84ED05
:107FD000080A84ED090A9FED680A204684ED0A0A22
:107FE000FFF724FC2146A1F5007000F021FB9FED76
:107FF000630AA4F50070F0EE400A00F081FEDFEDA8
:10800000600A9FED600AA4F5E073642241F29901D1
:1080100003F55B7000F000FED4ED071AB0EE682A9D
:10802000B0EE081AF3EE040AB3EE040A04F59C70ED
:1080300000F04CF904F1F800B1EE040AC0ED008A3A
:1080400080ED0E0AB7EE008A80ED0F8A80ED0C0AF3
:1080500080ED0D8A80ED078A80ED088A9FED4A0A3F
:10806000052180ED090A41600146943800F042FC88
:1080700094ED070A42F21072BCEEC00A10EE100A2C
:1080800081B204F5B67000F0BBF89FED400A04F52C
:10809000B670014680ED040AB3EE041ADFED3C0A27
:1080A0000522B0EE680A203000F07CFD04F59C73D8
:1080B000A3F54E703749051D374A03F1540485E88E
:1080C0001E00D43B00F55B712246C3E90012002577
:1080D0009FED320AC0F8E85180ED0D0A80ED0E0ADE
:1080E000583801F0DDFFA4F5797164208864B0EEA2
:1080F000680A01F5896000F073FC64349FED280A7A
:10810000A4F5717384ED070A9FED260A03F134028A
:1081100084ED080A84ED098A0095A2F12401204625
:108120000195FFF77DFB0820A061B0EE681ADFED36
:108130001E0AB3EE040A04F14C0000F039F81B48A3
:108140000068002808D003B004F14C00BDEC028B9D
:10815000BDE83040FFF7F4BD03B0BDEC028B30BD8D
:1081600000409C464C08002089C038420000A042D4
:1081700000004843FAEDEB39C3F5283ED7B35D3E26
:108180000AD7A33B0AD7A33C9A99993E0C93A93CE2
:1081900000803B45480500208405002000000000C9
:1081A0009A99993FCDCC4C3EF4FD343F28000020F5
:1081B000F0EE411AB0EE601AF2EE040A70B560EE0D
:1081C000200A0446001DFCEEE00A10EE905AF0EE84
:1081D000400AB0EE610A00F023F84FF47A7085424D
:1081E00001D9256300E0206300209FED040AE062CE
:1081F00084ED000AA063606370BD00000000000011
:108200009FED060A002380ED000A80ED010A8360DD
:1082100080ED040A8182C261704700000000000006
:1082200010B5B5EEC00A2DED048BF0EE418AF1EEEB
:1082300010FA044604DDF5EEC08AF1EE10FA01DC16
:10824000F8F71AF99FED201A60EE810A80EE809A05
:10825000B0EE490AFEF7AEFDB0EE408AB0EE490A34
:10826000FEF750FEF0EE000AB7EE001A68EEA00A24
:1082700031EE482A2046C0EE201A31EE810AC1EEC6
:10828000000AB6EE000A22EE000A20EE200A22EED4
:10829000202A84ED060A84ED072A84ED080AB8EE48
:1082A000000A28EE000A20EE200A84ED040A31EECE
:1082B000610A20EE200A84ED050ABDEC048BBDE8BE
:1082C0001040FFF753BB0000DB0FC94010B5044658
:1082D0002DED068BB0EE40AAF0EE609AB0EE429A19
:1082E0009FED1D0ADFED1D0A1D4921EE000A20EE5B
:1082F000210A80EE208A18EE100A884201DAB7EED1
:10830000008ADFED188AB7EE001AC4ED018AC4EDC9
:10831000008AF0EE681AF0EE680AB0EE490A04F13D
:10832000180000F0F7FB88EE090AB0EE491A04F1D4
:10833000280084ED050A8AEE080A84ED030A89EE16
:10834000880AF1EE400A00F013FCC4ED0A8AC4ED7D
:10835000048ABDEC068B10BD00007A440000704218
:10836000CDCCCC3D000000000022C0E900217047C8
:1083700070B504002DED048BF0EE428AB0EE619AE8
:10838000F0EE419A04D0F5EEC08AF1EE10FA01DC6D
:10839000F8F772F89FED218AF0EE681AB0EE481AED
:1083A00000F074FB04F13000F0EE681AB0EE481AE9
:1083B000F0EE490AB0EE690A054600F067FBB7EE39
:1083C000000A84ED200A84ED210A84ED220ABFEE22
:1083D000000A84ED230A84ED240A0020C4F89400E6
:1083E000C4F898000120C4F89C002046FFF7DAFB8F
:1083F0002846FFF7D7FB84ED188A84ED198A84EDAF
:108400001A8A84ED1B8A84ED1C8A84ED1D8A84ED12
:108410001E8A84ED1F8ABDEC048B70BD0000000035
:108420002DE9F04304002DED028B81B0DDE90B0650
:108430000A9F0D9D71D000296FD0002F6DD00028AC
:108440006BD0002E69D0002D67D0C4F89070C4F8AE
:108450009C50C4E925064FF00009C4F8A0904FF4E1
:10846000FA7CA4F8ACC0C4F8B0904FF0010C84F8CA
:10847000B4C04FF47A78C4F8B880A4F8BC90A4F8DB
:10848000BE909FED288A84ED308A03B926A3A362AB
:108490003001C4E90B70072084F8340084F835C03B
:1084A0000420E0862448A663C4E90F502348606492
:1084B0002348C4E91204E04604F128032046CDF81D
:1084C00000C001F025FD00EE105A84F8508084EDC4
:1084D000158AB8EE400A04F16C00B2003946BCEED1
:1084E000C00A84ED170A00EE105A84ED168AC4F80B
:1084F0006090B8EE400A0546C4F8649000F058F861
:10850000012204212846FFF78DFB01B02046BDEC77
:10851000028BBDE8F043FFF7B5BB01B0BDEC028BA9
:10852000BDE8F08300000000436F6E74726F6C2032
:1085300053636F7065000000E17C0008717C0008E7
:108540002D7D00082DE9FF410500DDE90A06DDE982
:108550000C4C10D079B170B16CB1042C0BD8BCF1BB
:10856000000F08D0B6EB440F05D36700B6FBF7FE4B
:1085700007FB1E671FB1002004B0BDE8F08176083C
:10858000B6FBF4F700EB860ECDE9000ECDE9027CD8
:108590002846FFF745FFEC866743B8002E6728633F
:1085A0000122214605F16C00FFF73CFB0120E3E7C7
:1085B000C0E9001280ED040A00210183C16101625B
:1085C00070470000B5EEC00A10B5F1EE10FA04468F
:1085D00008DDB6EE001A20EE011AB4EEE01AF1EE54
:1085E00010FA01DCF7F748FF9FED101A20EE811A10
:1085F000C1EE000AB0EE600AFEF76AFDB7EE001A9F
:10860000204670EE011AC1EE210A60EE201A30EE0B
:10861000410AC4ED031AC4ED041A20EE200A84EDC9
:10862000020ABDE81040FFF7B1B90000DB0F494076
:1086300000F086B870B50C46050078D0ECB3002683
:1086400006EB460005EBC000D4ED0B0A94ED000AE2
:10865000A830FFF7B7FF761C032EF1DBD4ED0C0A30
:1086600094ED000A05F1F000FFF7ACFF94ED001A5D
:10867000D4ED0D0A94ED0E0A05F5D47000F0DCF887
:1086800094ED001AD4ED0D0A94ED0E0A05F5DE7096
:1086900000F0D2F894ED060ADFED260AB3EE0E1ACA
:1086A00020EE200ADFED240A60EE200A80EE810A27
:1086B000D4ED070A20EE200A00E038E0D4ED040AE9
:1086C00094ED031ADFED1D1A20EE800A002001212F
:1086D000C0EE010A94ED020A60EE211A81EE810AD1
:1086E00094ED091A21EE201A85ED741A94ED081AFA
:1086F00061EE200AC5ED750A85ED760A60EE000A86
:10870000C5ED770A85ED780A94ED010AD4ED030AE8
:1087100080EE201A85ED791AC5E97A01C5F8F001D5
:10872000C5F8F401C5F8F801C5F8FC0170BDF7F70C
:10873000A3FE000000007A44DB0F4940F304B53F7C
:108740007FB50D460446FFF775FF95ED002A3C35D1
:1087500004F5847095EC040A0546FFF709FE94EDD4
:10876000780A28468DED010A8DED000A94ED780A0D
:10877000B1EE400A8DED030A8DED020A94ED770A01
:1087800000F08CFA02AA6946284600F092FA01200D
:10879000C4F89C01C4F8A001C4F8A401D4ED760A81
:1087A00094ED780A204600F0ABFA2046FFF712F964
:1087B0007FBD0000B5EEC01A10B5F1EE10FA01DC75
:1087C000F7F75AFEF7EE003AB0EE003AC3EE811A20
:1087D000174ADFED182AB0EE612A00EE832AB0EEC8
:1087E000C21A11EE101A914202DAB0EE621A01E0DA
:1087F00083EE821AB0EE612A20EE030A10EE832A7D
:1088000022EE012A80ED022AB0EE612A40EE601AC3
:1088100000EE202A21EE810A22EE012A80ED002AB4
:1088200080ED010AC0ED032AC0ED042A10BD00004E
:108830005F7089300000000010B504462DED048BF8
:10884000F0EE419AB0EE609AFEF75CFB10EE101A63
:10885000114A914201DD9FED110AB7EE008A70EED8
:10886000080A38EE400AC0EE808A9FED0D0A29EE14
:10887000009AB0EE680AFEF70DFC20EE090AB0EE91
:10888000691A2046C8EE000AB0EE680ABDEC048BF7
:10889000BDE81040FFF78EBFEFFF7F3FEFFF7F3F48
:1088A000DB0FC940B5EEC00A10B5F1EE10FA01DCDD
:1088B000F7F7E2FDDFED0E1A9FED0C1A60EEA11A3C
:1088C00080ED011AC1EE800A10EE901AB1F17E5FC0
:1088D00002DDF7EE000A06E0F5EEC00AF1EE10FA4E
:1088E00001D2F0EE410AC0ED000A10BD0000000008
:1088F000DB0FC9402DE9F04104462DED048B0C300F
:108900000D4691ED010AD1ED000A9FED349AB8EEC3
:10891000400A0746B0EE491AC0EE808AD1ED0D0A32
:1089200091ED0C0AF0EE681A00F0B0F895ED090A26
:1089300004F13C0084ED060AF1EE400AC4ED070A9A
:1089400095ED090AF0EE681A84ED080AF1EE400A86
:10895000C4ED090AD5ED0F0A95ED0E0AB0EE491ADD
:10896000064600F093F895ED070AB7EE001A84ED7D
:10897000120AF1EE400AC4ED130A95ED080A04F15B
:108980006C0080EE288AF1EE480AB0EE480AF0EE5C
:10899000608A00F0EDF8F0EE680A84ED1C8AC4ED00
:1089A0001D0A04F178006968FFF7DEFC95ED070AFF
:1089B000002584ED230A2572256038466560FFF79F
:1089C00001F93046FFF7FEF884ED1B9AA56784EDA8
:1089D000249ABDEC048BBDE8F0810000000000008B
:1089E000DFED270AC0ED070AF6EE000AC0ED080A1F
:1089F000F0EE020AC0ED090AF5EE000AC0ED0A0A1F
:108A0000DFED200AC0ED0B0AC0ED0C0ADFED1E0AF7
:108A100080EE201AFCEEC10A10EE901A8AB210EE17
:108A2000901AF1EE040A828680EE201A8BB2038738
:108A3000FCEEC10A10EE901AF2EE040A418780EEB5
:108A4000201ABCEEC00AFCEEC10A10EE901AC186D4
:108A500010EE101A818710EE101AC1870521052A21
:108A600000D88186052B00D801870021816140F85C
:108A7000141F8185C185018641868186C186704724
:108A80009A99993F00007A440000FA44F5EEC01A22
:108A900010B5F1EE10FA01DCF7F7EEFC80EEA12A3A
:108AA00061EE810A80ED000ABFEE000A80ED012A26
:108AB000C0ED020A80ED040AB7EE000A80ED030A59
:108AC0009FED050A80ED060A9FED040A80ED050A78
:108AD000BDE81040FFF756B8CDCC4CBFCDCC4C3FD5
:108AE0004160C0ED040A012180ED050A914000EECD
:108AF000101AF7EE000A8260B8EEC00A80EE801A03
:108B00009FED030A80ED031A80ED000A7047000014
:108B100000000000B5EEC00A10B5F1EE10FA04DD59
:108B2000F4EEC11AF1EE10FA01D3F7F7A5FC9FEDB0
:108B30000F2AB5EEC00A80ED022AF1EE10FA80EDA0
:108B4000011AC0ED001A04D9F4EEC11AF1EE10FAC0
:108B500002DB80ED032A10BD31EE611A61EE200ABE
:108B600080EE801A80ED031A10BD000000000000A6
:108B7000F4EEC00A10B5F1EE10FA04D2B5EEC01A48
:108B8000F1EE10FA01DCF7F777FCC0EE811AC0EEC7
:108B9000010A9FED030AC0ED021A80EC020A10BD23
:108BA0000000000070B5FCEEE01A05460E4611EE1E
:108BB000900A1E21B0FBF1F4A24200D21446DFED70
:108BC000141A05F11000C5ED021AC5ED001ADFED0B
:108BD000111A20EE212A01EE904AF8EE612AC2EE27
:108BE000221A81EEA02A00EE904AF8EE600AC0EE4A
:108BF000201AF0EE410A85ED032AB0EE610AFFF774
:108C000051FE214605F11800FFF7AEFB6E6070BD06
:108C10000000000000007042C360C0E9071280ED50
:108C2000090AC0ED0A0A0021016141619FED060AAF
:108C3000816180ED0B0A80ED0C0A80ED0D0A018741
:108C40004187818701647047000000009FED0E1A84
:108C50000023C16000EB83015B1CC1ED060A81EDBE
:108C6000090A81ED001A032BF4DB0121914000EE8B
:108C7000101AF7EE000A0261B8EEC00A80EE801A00
:108C800080ED051A70470000000000000148FEF763
:108C900048BC0000F405002070477047B5EEC00ADC
:108CA00010B5F1EE10FA01DAF7F7E6FB80ED200AD5
:108CB00010BD10B591B18AB191ED000AD2ED000A54
:108CC000B4EEE00AF1EE10FA08DBD1ED010A92ED04
:108CD000011AF4EEC10AF1EE10FA01DAF7F7CCFB53
:108CE00080ED210A91ED010A80ED220A92ED000A41
:108CF00080ED230A92ED010A80ED240A10BD0000E8
:108D00007FB5B5EEC00A0446F1EE10FA04DBF5EECD
:108D1000C00AF1EE10FA01DAF7F7AEFB84ED780A3B
:108D2000C4ED760A60EEA00A04F584700546C4ED31
:108D3000770A8DED010A8DED000A94ED780AB1EE07
:108D4000400A8DED030A8DED020A94ED770AFFF7D4
:108D5000A5FF02AA69462846FFF7ABFFD4ED780AC3
:108D60009FED080A9FED081A20EE800A60EE810A46
:108D700084ED470AC4ED480A84ED530AC4ED540A51
:108D80007FBD0000CDCC4C3FCDCC4CBF9FED040A45
:108D900080ED000A80ED010A80ED020A70470000B4
:108DA000000000009FED040A80ED000A80ED010A3A
:108DB00080ED020A704700000000000010B5044674
:108DC000806B012807D8FEF751FFFEF74DFFFEF735
:108DD0004AFFFEF74AFF6079062804D1FFF780F8C2
:108DE00008B10120A062002010BD10B5806B0128E1
:108DF00005D8FEF73BFFFFF750FFFEF734FF0120D9
:108E000010BD10B5806B012803D8FEF7B1FFFFF746
:108E100043FFFEF798FD08B1002010BD4FF0FF3072
:108E200010BD10B5806B012803D8FEF71FFFFFF7B8
:108E300034FF012010BD10B50446806B012805D811
:108E4000FEF712FFFEF792FF00202063FEF70EFFF1
:108E5000FFF730F8012807D1FEF787FFFEF705FF7F
:108E6000FEF775FD012800D0002010BD10B50446A6
:108E7000806B012809D8FEF7F9FEFEF7F5FEFEF734
:108E8000F2FEFEF7F2FEFFF708FFFEF79DFF28B1A6
:108E9000FEF75BFD002800D0012010BD616B206D46
:108EA000401A40F6B831884202D94FF0FF3010BD69
:108EB000002010BD10B50446806B012803D8FEF7D2
:108EC00054FFFEF751FFFEF7F7FF08B1012010BD78
:108ED000616B206D401A41F28831884202D94FF00F
:108EE000FF3010BD002010BD30B503464FF6FF70B7
:108EF0000022074C08E09D5C521C85EA102534F8DE
:108F0000155085EA002080B28A42F4D330BD0000BB
:108F1000EAAB0008002180F80811A0F81011A0F8B1
:108F20002811704770B518480068D0F880000068B4
:108F300040680025C0F1400084B2144803880188CD
:108F40008C421FD0EFF3108172B6028894420288DF
:108F500002D9A21A92B203E0C2F1400292B22546AF
:108F6000048081F3108822B10948C118094800F033
:108F7000FFFA002D06D02A46BDE870400449054896
:108F800000F0F6BA70BD00001400002018000020A8
:108F9000B4050020C40A002070B50B4C0B4D04F53D
:108FA0000F710A23D4F83822286800F0DBFCD4F8CB
:108FB0004C22002A07D004F514712868BDE87040DF
:108FC0000A2300F0CFBC70BDC40A002014000020AA
:108FD000010601D506207047810701D401207047A2
:108FE000410701D405207047C10708D0C1430907D4
:108FF00007D000F00F00072805D00020704702209E
:1090000070470420704703207047FAF7D3BD000073
:109010000FB470B50D4D2868002813D080210C487E
:10902000F7F7CBFA05AA0A480499F7F713FA0848A4
:10903000F7F72DFA044602460A230549286800F08E
:1090400091FC204670BC5DF814FB00001400002069
:109050008004002010B53448FFF7DAFF3348FFF7EB
:10906000D7FF3348FFF7D4FF3248FFF7D1FF32482C
:10907000FFF7CEFF3148FFF7CBFF3148FFF7C8FFBE
:109080003048FFF7C5FF3048FFF7C2FF2F48FFF712
:10909000BFFF2F48FFF7BCFF2E48FFF7B9FF2E4850
:1090A000FFF7B6FF2D48FFF7B3FF2D48FFF7B0FFDE
:1090B0002C48FFF7ADFF2C48FFF7AAFF2B48FFF71E
:1090C000A7FF2B48FFF7A4FF2A48FFF7A1FF2A4874
:1090D000FFF79EFF2948FFF79BFF2948FFF798FFFE
:1090E0002848FFF795FF2848FFF792FF2748FFF72A
:1090F0008FFF2748FFF78CFF2648FFF789FF264898
:10910000FFF786FF2548FFF783FF2548FFF780FF1D
:109110002448FFF77DFF1C48FFF77AFFBDE81040A9
:1091200021A0FFF775BF0000ACB00008F4B0000844
:1091300064B0000884B100083CB1000814B2000813
:1091400034B30008ECB200085CB20008B4B7000801
:10915000FCB7000844B800088CB80008D4B8000870
:109160006CB7000824B70008DCB6000894B6000805
:109170004CB6000804B600080CB400087CB3000824
:10918000A4B20008CCB100081CB00008C4B30008A9
:109190009CB400082CB5000874B50008E4B40008BD
:1091A00054B40008BCB500085B6F6B61795D204763
:1091B000656E6572616C206D6F746F7220706C618A
:1091C00074666F726D2072656164792E0D0A0000FD
:1091D000814202D9C94308447047401A704770471A
:1091E000704770472DE9F0410E46040038D0BEB3F9
:1091F000307AA8B3B18999B3306988B37089FF28F0
:109200002ED84218B2F5807F2AD80123022200F01E
:1092100030FB28BB304600F0B9FB08B3B4F86C0350
:1092200020281DD2204600F050FBC8B104F5597724
:10923000D4F8645307E0AB896A89B189708900F07A
:1092400018FB68B92D68BD42F5D13D46384600F09F
:10925000A8FB28B1304600F099FB08B1B54202D115
:109260000020BDE8F0816868C6E9005006606E60C5
:10927000B4F86C03401CA4F86C030120F1E738B586
:1092800004001FD0D4F82C0200281BD1B4F824010C
:10929000012548B1012813D0FF2811D02046BDE890
:1092A0003840012100F0D3B9B4F826315BB104F5A0
:1092B00095700090B4F822110022204600F05BFA6D
:1092C000C4F82C5238BD2046BDE8384000F077B9CC
:1092D00070B504000BD000F0F8FA50B1B4F82421B6
:1092E000022A0BD004F55971D4F8640318E0002069
:1092F00070BD0221204600F0AAF90EE0204600F0E1
:109300006EF90AE0438985899A421D4407D3AA422F
:1093100005D202692146904720B1012070BD006846
:109320008842EFD12046FFF7AAFFD4F82C0270BD87
:1093300018B190F83012012901D000207047D0F800
:109340004C02C0F58070704710B504000DD04FF48A
:109350005D71F7F754F9002084F8080184F83002B1
:1093600014F5597401D02460646010BD0CB500235D
:10937000044ACDE900230A460123802100F098FA2F
:109380000CBD0000879800082DE9F047040070D05C
:10939000D4F87003401CC4F87003D4F8040100260C
:1093A00040B1C4F80461B4F80001A4F802012046F9
:1093B000FFF7B0FD94F830020327022831D094F86B
:1093C0003002032855D094F83002042851D094F884
:1093D000300205284DD04FF0010804F5897A04F5D4
:1093E000957900BFB4F80201B4F8001188426ED03C
:1093F000B4F80201255CB4F80201401CA4F8020193
:10940000B4F80201FF2801D9A4F80261FFF7FDFDBD
:10941000C4F80C0194F8080101280AD0022808D0E9
:1094200009E0204600F0D0F984F830720220BDE84F
:10943000F0877B2D07D050B101280DD0022847D0EE
:10944000032819D150E02046FFF764FD01E07B2D91
:10945000C8D184F80881C5E7252D06D0B4F81001DD
:109460007D2D07D006282CD306E0022084F80801C1
:10947000B8E775E0062803D02046FFF74BFDB1E7BB
:10948000B4F8165104215046FFF72EFDA84205D02E
:10949000D4F85803401CC4F85803EDE794F81201BF
:1094A000A4F8220194F81301A4F82401B4F81401DB
:1094B000A4F82601B0F5807FDED860B384F8087187
:1094C00090E7411CA4F8101100F80A508AE72FE039
:1094D000B4F810010628CFD2411C85F02003A4F86F
:1094E000101100F80A30B4E7B4F82801411CA4F8C0
:1094F000281100F80950B4F82611B4F82821881C66
:1095000080B28242A7D101EB090005884846FFF7E7
:10951000EBFCA84206D12046C4F82C62FFF7FAFC07
:10952000012084E7D4F85C03401CC4F85C03A3E783
:1095300094F80801A0B13226D4F80C51FFF765FD6C
:10954000854202D9E943084400E0401BB04207D3FA
:109550002046FFF7DFFCD4F86003401CC4F860032A
:10956000002064E7002802D00121C0F82C127047C7
:1095700070B5002818D0002916D000231CE000BFC9
:10958000B0F80041641CA4B2FF2C00D90024B0F84C
:109590000251A54209D1D0F85413D21A1144C0F88F
:1095A00054130121C0F8041170BDCD5CB0F8006106
:1095B0008555A0F800415B1C9342E1D370BD10B506
:1095C00004000BD0B4F82421B4F8221100F0E3F821
:1095D000204600F0C6F80120C4F82C0210BD70B57A
:1095E0000546B0F82211022200F0D5F803212846E2
:1095F00000F0A5F80121284600F0A1F80121284635
:1096000000F09DF80821284600F099F895F86C13B1
:10961000284600F094F805F55976D5F864430CE037
:10962000217A284600F08BF8A17A284600F087F8C6
:10963000217B284600F083F82468B442F0D1284604
:1096400000F08FF82846BDE87040FFF78BBF1CB5CF
:10965000040011D094F824018DF8040001A80090B2
:109660008DF80510B4F8221102230122204600F0E3
:1096700082F80120C4F82C021CBD70B51546040008
:1096800018D094F83002012814D1002912D0002DEE
:1096900010D0D4F84C024219B2F5807F0AD804F5F4
:1096A000147210442A46F6F711FFD4F84C022844ED
:1096B000C4F84C0270BD10B5002816D090F83022C6
:1096C000012A12D1D0F84C22931CB3F5807F0CD81C
:1096D000541C00F51473C0F84C42D1540C0AD0F855
:1096E0004C124A1CC0F84C22CC5410BD30B5002896
:1096F00024D090F83022012A20D1D0F84C321A1D03
:10970000B2F5807F1AD800F514725C1CC0F84C4288
:109710009954D0F84C320D0A5C1CC0F84C429D5450
:10972000D0F84C320D0C5C1CC0F84C429D540C0E11
:10973000D0F84C124B1CC0F84C328C5430BD10B5D4
:1097400000280DD090F83022012A09D1D0F84C22FF
:10975000FF2A05D800F51473541CC0F84C42D154AC
:1097600010BD002806D090F83012012902D1022144
:1097700080F83012704770B51E460546049C00F014
:109780000AF8324621462846FFF777FF2846BDE80B
:109790007040FFF7E6BF00280FD090F83032002B62
:1097A0000BD1C9B2A0F83212D1B2A0F83412002104
:1097B000C0F84C12012180F830127047002802D006
:1097C000002180F8301270477CB5040050D0B4F806
:1097D0004C0205042D0C12D004F5147029460646DF
:1097E000FFF782FBD4F84C124A1CC4F84C2288556F
:1097F000020AD4F84C02411CC4F84C12825594F869
:1098000032028DF8000094F834028DF801008DF8D2
:109810000250280A8DF8030004216846FFF764FB14
:109820008DF80400000A8DF805007B2084F83C02C6
:109830000120002125256B465A5C7B2A03D07D2A16
:1098400001D0252A06D12218401C82F83C525A5CCD
:1098500082F020022618401C491C86F83C2206296A
:10986000EAD37D212218401C82F83C12C4F8380249
:109870007CBD13440144984203D28A4201D20120A4
:1098800070470020704738B50C000FD004F5957074
:109890000090B4F82631B4F8221100222046FFF7D8
:1098A0006AFF2046FFF75EFE012038BD002038BD6C
:1098B00030B50028DDE9035406D000604060017235
:1098C00042818381C0E9045430BD2DE9F041050097
:1098D00033D005F559744FF020080027204600F0DA
:1098E00060F850B3266807E0474526D2304600F0BE
:1098F00058F810B336687F1CA642F5D14FF0200807
:109900000026204600F04DF808B1276809E021261E
:1099100009E046450ED2384600F043F850B13F68A2
:10992000761CA742F5D1B5F86C03B04205D10120F1
:10993000BDE8F08108F10106F5E70020F8E7000036
:1099400010B540B1012908D0002281880068FAF7DB
:109950002BF9002010BD024810BD0122F5E70000E0
:109960000100004010B5074C40B139B132B192B29C
:10997000FBF78CFE002802D0032801D0204610BD42
:10998000014810BD010000400B00002038B1016803
:10999000814204D14168814201D1012070470020F9
:1099A000704758B1016849B142683AB1496881428B
:1099B00004D11168814201D1012070470020704715
:1099C00018B1406908B100F01FB8002070470000CE
:1099D0002DE9FC419846089D16460F4604000FD01D
:1099E0000848CDE90004022319462046FFF760FF2E
:1099F000A761A683C4F82080FF2D00DDFF256562E6
:109A0000BDE8FC81C19900082DE9F04F060093B034
:109A10004FF00000ADF81800054609D0B4693CB11C
:109A2000B4F82411B08B814206D0421C914203D07D
:109A3000002013B0BDE8F08F401C814203D1B4F880
:109A40002601012822D004F595700090B4F8261163
:109A50000FAB06AA00F0F0FBE0B1B4F8261104AB9E
:109A600006AA009800F0CCFBA0B1B4F8261108AB10
:109A700006AA009800F0D1FB60B19DF810100129F2
:109A80000DD002290BD0042912D108E0304600F095
:109A9000E6FB71E002212046FFF7D9FD69E0BDF841
:109AA000200028B14FF0FF32B2FBF1F2824202D225
:109AB0000125002000E048430F9F65BBB18BB4F83F
:109AC0002421491C8A4201D1012100E000218B465A
:109AD000316AB1F1000A22D0716AB1F100091EDDCC
:109AE000E8B1C24397421AD807EB000E002114E0F8
:109AF0000AEB0112D2E900386FEA080C9C450BD33F
:109B000098449F4208D3C64506D8BBF1000F07D042
:109B10009168012903D103E0491C8945E8DC01254E
:109B2000B4F82421B18B8A4232D115B9FF2800D96B
:109B30000225B4F822112046FFF72DFE29462046C3
:109B4000FFF7FDFD75B111E09DF81010204605FBF3
:109B50000172012912D0022914D01168FFF7C6FD45
:109B60006D1CADB2BDF820008542EDD32046FFF755
:109B7000F8FD2046FFF7F6FC01205AE71178FFF7C1
:109B8000DEFDEDE71188ADF81410FFF794FDE7E76F
:109B900015BBBDF818100844B4F82611884201D945
:109BA000012519E0002613E09DF8100006FB00785F
:109BB00001281DD00228B4F82611009809AB06AA86
:109BC00022D000F039FB0999C8F80010761CB6B213
:109BD000BDF820008642E7D3B4F82421B4F822115E
:109BE0002046FFF7D8FD29462046FFF7A8FDBDE730
:109BF000B4F8261109AB06AA009800F001FB9DF805
:109C0000241088F80010E1E700F007FBBDF82410ED
:109C1000A8F80010DAE718B1406908B100F01EB8E2
:109C2000002070472DE9FC419846089D16460F46D6
:109C300004000FD00848CDE900040223012120468A
:109C4000FFF736FEA761A683C4F82080FF2D00DD54
:109C5000FF256562BDE8FC81179C00082DE9FF5FC8
:109C600005004FF00000ADF8000009D0AC693CB130
:109C7000B4F82411A88B814206D0421C914203D033
:109C8000002004B0BDE8F09F401C814203D1B4F82D
:109C9000260101281CD0B4F8269104F5957802AB72
:109CA0006A464946404600F0C4FEA8B1B4F82421F3
:109CB000A88B4FF00006824252D1B4F82211204600
:109CC000FFF769FD00212046FFF739FD002737E047
:109CD000284600F0BBFE97E002212046FFF7B7FCC4
:109CE0008FE001AB6A464946404600F0A2FE58B3F9
:109CF0009DF80400696A814221DD296A01EB001A9E
:109D00009AF8040018B3012821D004208346204685
:109D1000FFF70EFB01460BF10100814214D39DF8C1
:109D200004102046FFF70BFDDAF80000BBF1020F2C
:109D30000FD001682046FFF7D9FC761CF6B27F1CD5
:109D40009DF808008742CCD384F8506256E0022088
:109D5000DCE70188ADF80C102046FFF7ACFCECE71F
:109D600000273CE003AB6A464946404600F061FEEE
:109D700090B19DF80C00696A81420DDD296A01EB02
:109D80000010017951B1012908D0BDF800304146D9
:109D900003F1040CCC4514D9012624E0BDF80010D1
:109DA0008C46891C4945F7D80CEB08021288ADF89F
:109DB0000420ADF80010816801290ED100680280EE
:109DC0000CE0CA1C03EB08019A5C0968ADF800C0FE
:109DD00062F31F618268012A18D001267F1C9DF85A
:109DE00008008742BED3B4F82421B4F822112046DB
:109DF000FFF7D1FC31462046FFF7A1FC2046FFF7D4
:109E0000B0FC2046FFF7AEFB01203AE70068016096
:109E1000E4E7000010B548B141B1B0F84020102A85
:109E200006D309A0FFF7F4F8012010BDF6F724FBD4
:109E300000228A61B0F840209300521CA0F8402014
:109E4000C150002010BD00007461736B20717565F6
:109E500075652069732066756C6C2E0D0A00000014
:109E60002DE9F041040011D0E06C401CE064FFF7E4
:109E7000CCF8656C064600276DB1A564206D401CCA
:109E8000206569682846884710B11FE0F6F7F4FAA4
:109E9000EE6067641AE00020B4F840201CE000BFC8
:109EA00054F82050BDB12969A9B1E968B14202D97D
:109EB000CB43991900E0711AAB688B420BD8A564AB
:109EC000696828468847012803D0EE60A764BDE88A
:109ED000F0816564FAE7401C8242E1DCF7E710B5E7
:109EE00068B10021A0F8401041648164C1640A4651
:109EF000016540F82210521C102AFADB10BDF6F75B
:109F0000BBFA18B1406908B100F01EB800207047D4
:109F10002DE9FC419846089D16460F4604000FD0D7
:109F20000848CDE90004012303212046FFF7C0FCC7
:109F3000A761A683C4F82080FF2D00DDFF256562A0
:109F4000BDE8FC81039F000870B5050006D0AC6930
:109F500024B1B4F82401A98B884201D0002070BD3F
:109F6000B4F8260140B194F82A11052920D2DFE87F
:109F700001F00B0F13171B0002212046FFF767FBB0
:109F80002046FFF7EFFA1AE0284600F001FB16E042
:109F9000284600F070FA12E0284600F039FA0EE088
:109FA000284600F0E2FB0AE0284600F05CFB06E0F1
:109FB000FF22284600F0B5F9284600F0C7F9012035
:109FC00070BD000038B53048FFF789FF2F4D0024E1
:109FD000C4EBC40005EB80012B48FFF71BFF641C9A
:109FE000042CF5D32A48FFF7AFF9284C00200C3C8D
:109FF000606099212748FFF7B9F926492448FFF7FF
:10A00000F1F8B8B300206168084460600F20009048
:10A010001D48214B30221E495038FFF703FE022015
:10A0200000901D4B1848F033502219492838FFF78B
:10A03000CFFC154916485039FFF7D4F8E8B1002095
:10A04000616808446060104911482839FFF7CAF870
:10A05000A8B100206168084460600D4800F054FD1C
:10A060000E490B48FFF7BEF858B10020616808445C
:10A07000606038BDFFE70120C5E70120E0E701206F
:10A08000E8E70120F2E70000E81B00203C00002088
:10A09000C40A0020380E0020ECAD0008D01A0020C1
:10A0A00010B500B300210171012242718163016585
:10A0B000018041808162C16280F824104165642181
:10A0C000C163016441648164084981600849C160D9
:10A0D0000849016108494161084981610849C16134
:10A0E0000849016210BDF6F7C7F900006D8E00083F
:10A0F000378E0008B58E0008038E0008238E0008F6
:10A10000EB8D0008BD8D00088CB0F9F761FDFBF701
:10A11000EBFEFBF7ABFC3448816C41F00401816439
:10A12000816C01F004010091816C41F001018164B6
:10A13000806C002200F00100009011460B20F9F71E
:10A140009FFD0B20F9F78EFD002211460C20F9F738
:10A1500097FD0C20F9F786FDFBF744FBFBF7D6FBD8
:10A1600030216846F6F74BFA214920480860084636
:10A17000F9F7AEF808B172B6FEE7022000900020B1
:10A180008DF804008DF805000290039004210490DE
:10A19000CDE905010246079069461548F8F7B2FF78
:10A1A00008B172B6FEE7FBF73DFCFBF7C3FCFBF71B
:10A1B00045FDFBF78BFDFBF7D1FDFBF75DFEFFF7E0
:10A1C00010F800F011FBFEF745FFFDF7D9FEFFF791
:10A1D000F9FEFFF705F800BFFFF701F800F00AF8F5
:10A1E000FEF754FDF8E700000010024000080050A0
:10A1F000840100200148FFF733BE0000E81B002067
:10A2000010B514888C4201D3002010BD005D187079
:10A210001088401C1080012010BD30B51488A51C8A
:10A220008D4201D9002030BD20440088188010885C
:10A23000801C1080012030BD30B51488251D8D4252
:10A2400001D9002030BDC11C2044615C006861F36D
:10A250001F6018601088001D1080012030BD2DE99E
:10A26000F0418569002690F82480B5F8261134461F
:10A27000374609B195F82A61464502D2006A00EBDB
:10A280000614B5F82421B5F822112846FFF783FA01
:10A2900002212846FFF753FA8CB300212846FFF726
:10A2A0004EFA41462846FFF74AFA31462846FFF75C
:10A2B00046FA74B328462168FFF718FA2846616801
:10A2C000FFF714FA217A2846FFF739FA2846E6689C
:10A2D000FFF72EF8044666B1012C0AD93046F6F78E
:10A2E000D6F83F2800D93F20611E884200D9084691
:10A2F0000746F9B22846FFF722FA002407E0FFE7F5
:10A300000121CBE7315D2846FFF719FA641CBC42F6
:10A31000F8D32846FFF725FA2846BDE8F041FFF7B5
:10A3200021B970B5846915460E46B4F82421B4F8F5
:10A3300022112046FFF72FFAF1B22046FFF7FFF96E
:10A34000E9B22046BDE87040FFF7F9B910B5044600
:10A350008069FFF706FAA069BDE81040FFF702B96F
:10A360002DE9FC411C4615460E4607466B4600F09B
:10A3700042F870B101AB2A463146384600F03BF84E
:10A3800038B1DDE9000140EA012020800120BDE86C
:10A39000FC810020FBE72DE9FF411C4615460E46D7
:10A3A00007466B4600F027F818B301AB2A46314642
:10A3B000384600F020F8E0B102AB2A463146384674
:10A3C00000F019F8A8B103AB2A463146384600F030
:10A3D00012F870B1DDE9000140EA0120029940EA7B
:10A3E0000140039940EA01602060012004B0BDE80B
:10A3F000F0810020FAE710B514888C4201D30020C8
:10A4000010BD005D18601088401C1080012010BD38
:10A410002DE9F04186690746B6F82601022802D3E5
:10A4200096F82B4101E04FF0FF044FF0000511D1E9
:10A43000786AA0420EDD04EB84001C213A6A01EB2D
:10A44000C001515831B1242303EBC0001058884794
:10A4500010B102E0012500E002252A46022138461B
:10A46000FFF75FFF21463046FFF769F93846BDE840
:10A47000F041FFF76BBFF0B5846991B0064601204B
:10A48000ADF83800002003900F9010900D90ADF8BB
:10A4900030000B90ADF82800B4F8261104F595753E
:10A4A00007460E2901D0102960D103AB0EAA284619
:10A4B000FFF7A1FF002859D0B4F826110FAB0EAA60
:10A4C0002846FFF798FFE8B3B4F826110DAB0EAAA3
:10A4D0002846FFF790FFA8B3B4F826110CAB0EAADC
:10A4E0002846FFF73DFF68B3B4F8261110AB0EAA5B
:10A4F0002846FFF750FF28B3B4F826110BAB0EAA7D
:10A500002846FFF748FFE8B1B4F82611102905D115
:10A510000AAB0EAA2846FFF723FF98B1716A039889
:10A52000814223DD316A00EB800011EBC0001DD0B9
:10A53000816939B1109900EE101A0F9904910D99A3
:10A54000059100E012E0BDF83010ADF818108DED67
:10A55000070A0B990891BDF82810ADF82410426A3B
:10A56000836904A91046984710B102E0022700E071
:10A5700003273A4601213046FFF7D3FE0398C1B2C4
:10A580002046FFF7DCF83046FFF7E0FE11B0F0BDE3
:10A590002DE9F047876980460026D0F82490B7F867
:10A5A000260135463446022801D397F82B614E45E3
:10A5B0004BDAD8F8200006EB860110EBC10544D039
:10A5C000002200214046FFF7ACFE02213846FFF78B
:10A5D000B6F809F0FF013846FFF7B1F831463846C2
:10A5E000FFF7ADF885B3297B3846FFF7A8F8697BFC
:10A5F0003846FFF7A4F8E9893846FFF75CF8384693
:10A600002969FFF773F838466969FFF76FF838462C
:10A61000A968FFF76BF838462E68FEF789FE0546F5
:10A6200066B1012D0AD93046F5F731FF691E04469F
:10A63000884200D90C463F2C00D93F24E1B238466D
:10A64000FFF77DF8002507E008E00122B9E7715D1A
:10A650003846FFF774F86D1CA542F8D34046BDE8B4
:10A66000F047FFF773BE2DE9FF47856907460120D4
:10A670004FF00008ADF80800FF20CDF804800390EB
:10A68000ADF80080B5F8261105F5957944464646A3
:10A6900008292BD103AB02AA4846FFF7ACFE28B32A
:10A6A000B5F8261101AB02AA4846FFF774FEE8B1DF
:10A6B000B5F826116B4602AA4846FFF751FEA8B12D
:10A6C000796A0398814211DD396A00EB800011EB51
:10A6D000C0060BD0706848B1BDF8002032B1B16837
:10A6E0000198814202D3081A904201D2022408E064
:10A6F0003CB9326A22B10021706A9047022800D02A
:10A700000424224604213846FFF70BFE0398C1B209
:10A710002846FFF714F828460199FEF7E7FF44B9E9
:10A720002846FEF705FEBDF80010891C884204D2B9
:10A73000032485F85142ADF80080BDF8001028468A
:10A74000FEF7B9FF002407E0019871682044095C16
:10A750002846FEF7F4FF641CBDF800008442F3D3E2
:10A760003846FFF7F3FDBDE8FF872DE9F84386691A
:10A770000746B6F82601022802D396F82B4101E0DD
:10A780004FF0FF044FF000084546CDF8008027D178
:10A79000786AA04224DD04EB84002022396A02EBAF
:10A7A000C0028A58E2B1242303EBC000085869466E
:10A7B00090470546424603213846FFF7B2FD214641
:10A7C0003046FEF7BCFF29463046FEF7B8FF30465C
:10A7D0000099FEF78BFF3846FFF7B8FDBDE8F88318
:10A7E0004FF00108E6E7704770B55D4C5B482DED12
:10A7F000048B20605BA0FEF70BFC0120F8F75EFFE6
:10A800009FED5C9AF0EE490ADFED5B8AB0EE680AD4
:10A81000FDF78CF8B0EE408ADFED589AB0EE691A79
:10A82000DFED570AB0EE680AFDF75CFB55491823C7
:10A830000C22F0EE480AA1F13000FEF707FADFED36
:10A84000520AB0EE680AFDF771F8B0EE408AB2EE37
:10A85000041ADFED4E0AB0EE680AFDF743FB4949E2
:10A8600018233C310C22F0EE480AA1F13000FEF72B
:10A87000EDF9F0EE490AB0EE680AFDF757F8B0EED0
:10A88000408AB0EE691ADFED420AB0EE680AFDF7C1
:10A8900029FB3C4818230C22F0EE480A3D49483079
:10A8A000FEF71EF9F0EE490AB0EE680AFDF73EF831
:10A8B000B0EE408AB2EE041AF7EE000AB0EE680A73
:10A8C000FDF710FB33492F4818230C22F0EE480AFD
:10A8D000091D6030FEF704F93C212F48FAF7B2F960
:10A8E000284930480C3101F13C022C4B2C4D80E8BA
:10A8F0002E00032248392C48F8F78CFB2A48F7F73A
:10A90000B5FE2A48FCF712FF00212848FAF776FB2B
:10A9100004212648FAF772FB08212448FAF76EFB57
:10A9200000212248F9F7B2FF04212048F9F7AEFFD1
:10A9300008211E48F9F7AAFF00211D48F8F70AFD73
:10A9400010211B48F8F706FD20680E494022BDEC97
:10A95000048B7831BDE87040FAF760BE2C0300200C
:10A960001400002048656C6C6F20576F726C642176
:10A970000D0A0000000000003333534089C0384204
:10A9800090A0383E3C0500203333D33F3C2C543D4F
:10A99000ABCF553D1C000020480200208409002058
:10A9A000D809002050060020AC000020FC01002047
:10A9B0008401002010B509A0FEF72AFB0B480168AE
:10A9C00039B10021016001218068FEF7B9FF002044
:10A9D00010BD012101600021F6E7000048656C6CA4
:10A9E0006F20576F726C64210D0A00003000002048
:10A9F00010B5FEF797FA0948FEF7C6FC012807D004
:10AA0000022808D1FEF7C8FA0448FEF7D7FE02E094
:10AA10000248FEF75DFC002010BD0000C40A0020C3
:10AA200010B5FFF7E0FE002010BD002101610846CF
:10AA3000704710B514888C4201D3002010BD005D12
:10AA400018701088401C1080012010BD2DE9F041C5
:10AA50008569002690F82480B5F8261134463746DB
:10AA600009B195F82A61464502D2006A00EB061446
:10AA7000B5F82421B5F822112846FEF78CFE0221F4
:10AA80002846FEF75CFE6CB300212846FEF757FE11
:10AA900041462846FEF753FE31462846FEF74FFE54
:10AAA0004CB321792846FEF74AFE217A2846FEF764
:10AAB00046FE2846E668FEF73BFC044666B1012CDC
:10AAC0000AD93046F5F7E3FC3F2800D93F20611E44
:10AAD000884200D908460746F9B22846FEF72FFEFD
:10AAE000002406E00121D0E7315D2846FEF727FE6D
:10AAF000641CBC42F8D32846FEF733FE2846BDE866
:10AB0000F041FEF72FBD00001FB5074944F6206451
:10AB100004234FF448728DE81E00014603A360220F
:10AB20000648FDF70FFD1FBD500E0020436F6E74E9
:10AB3000726F6C2053636F7065000000D01A0020A4
:10AB400010B500290AD00878002807D005487844B5
:10AB5000F5F77CFD002801D0002010BD02487844A4
:10AB600010BD00001E0E0000160E000010B50029DA
:10AB70000AD00878002807D005487844F5F766FD24
:10AB8000002801D0002010BD0248784410BD00000C
:10AB90000E0E0000060E00004FF04070E1EE100AAD
:10ABA0007047F6F7E4B9F6F719BB0100020004009C
:10ABB000060008000A000C00100020004000800081
:10ABC000000101010103070100000804020408015B
:10ABD000010100000000000000000102030406075C
:10ABE00008090000000001020304000021104220B7
:10ABF00063308440A550C660E770088129914AA15E
:10AC00006BB18CC1ADD1CEE1EFF1311210027332D4
:10AC10005222B5529442F772D662399318837BB3AD
:10AC20005AA3BDD39CC3FFF3DEE362244334200464
:10AC30000114E664C774A44485546AA54BB52885FD
:10AC40000995EEE5CFF5ACC58DD5533672261116B4
:10AC50003006D776F6669556B4465BB77AA719974D
:10AC60003887DFF7FEE79DD7BCC7C448E55886683C
:10AC7000A7784008611802282338CCC9EDD98EE99D
:10AC8000AFF9488969990AA92BB9F55AD44AB77A14
:10AC9000966A711A500A333A122AFDDBDCCBBFFBED
:10ACA0009EEB799B588B3BBB1AABA66C877CE44C24
:10ACB000C55C222C033C600C411CAEED8FFDECCD3D
:10ACC000CDDD2AAD0BBD688D499D977EB66ED55EF4
:10ACD000F44E133E322E511E700E9FFFBEEFDDDF8D
:10ACE000FCCF1BBF3AAF599F788F8891A981CAB119
:10ACF000EBA10CD12DC14EF16FE18010A100C2304B
:10AD0000E3200450254046706760B9839893FBA305
:10AD1000DAB33DC31CD37FE35EF3B1029012F3229A
:10AD2000D2323542145277625672EAB5CBA5A89555
:10AD300089856EF54FE52CD50DC5E234C324A014EA
:10AD400081046674476424540544DBA7FAB79987E5
:10AD5000B8975FE77EF71DC73CD7D326F23691063A
:10AD6000B01657667676154634564CD96DC90EF92D
:10AD70002FE9C899E9898AB9ABA94458654806788A
:10AD80002768C018E1088238A3287DCB5CDB3FEB45
:10AD90001EFBF98BD89BBBAB9ABB754A545A376ADA
:10ADA000167AF10AD01AB32A923A2EFD0FED6CDD15
:10ADB0004DCDAABD8BADE89DC98D267C076C645C2A
:10ADC000454CA23C832CE01CC10C1FEF3EFF5DCF25
:10ADD0007CDF9BAFBABFD98FF89F176E367E554E7A
:10ADE000745E932EB23ED10EF01E0000F9050020D5
:10ADF000000000000100000000000000F805002035
:10AE0000000000000000000000000000500A0020C8
:10AE10000000000001000000000000008806002083
:10AE20000400000000000000000000007806002080
:10AE30000400000001000000000000007C0600206B
:10AE4000040000000100000000000000AC0600202B
:10AE5000040000000000000000000000B006002018
:10AE60000400000000000000000000008C0600202C
:10AE70000400000000000000000000009006002018
:10AE80000400000000000000000000009406002004
:10AE90000400000000000000000000008006002008
:10AEA00004000000010000000000000084060020F3
:10AEB000040000000100000000000000380900202C
:10AEC000040000000100000000000000D80900207C
:10AED0000400000000000000000000004C060020FC
:10AEE000000200000100000000000000B008002087
:10AEF00094000000010000000000000000000000BD
:10AF000000000000303132333435363738394142B1
:10AF100043444546403058003031323334353637BB
:10AF20003839616263646566403078000400000867
:10AF300000000000000000020001000010000000FE
:10AF4000000000006E83F9A22915444ED15727FC5A
:10AF5000C0DD34F5999562DB4190433CAB6351FE13
:10AF6000303132333435363738396162636465667F
:10AF70007870003031323334353637383941424316
:10AF8000444546585000000002400000000000A068
:10AF90000000000005400000000000C800000000A4
:10AFA0000C4000000000409C000000001940000020
:10AFB0000020BCBE0000000034400000BFC91B8E52
:10AFC00000000004B5400000504BCFD06607E2CF30
:10AFD000010000006C4100003E8251AADFEEA73460
:10AFE00001000000D9420000DCB5A0E23A301F9712
:10AFF000FFFFFFFFB4450000FD25A0C8E9A3C14F36
:10B00000FFFFFFFFFF3F0000000000800000000086
:10B01000FF3F0000000000800000000020202020F2
:10B020002020202020202020202020202020202020
:10B030002020202020202020202020202020202010
:10B040002020202020202020202020202020202000
:10B0500020202020202020202020202020200D0A19
:10B060000000000020202020202020202020202060
:10B07000202C6C4B4D4D573A634D4E6B2C3A64640B
:10B080006C20202020202020202020202020202074
:10B0900020202020202020202020202020202020B0
:10B0A0002020202020200D0A000000002020202049
:10B0B0002020202020202020202020202020202090
:10B0C00020202E2E2C3B3B3B3B2C202020202020E0
:10B0D0002020202020202020202020202020202070
:10B0E00020202020202020202020202020200D0A89
:10B0F00000000000202020202020202020202020D0
:10B10000202020202E2C6F6F4B574D58784B4D4DE3
:10B110004E2E2020202020202020202020202020F3
:10B12000202020202020202020202020202020201F
:10B130002020202020200D0A0000000020202020B8
:10B1400020202020206C574D4D4D573B20202E3A7B
:10B1500064304E4E27583A206F6420202020202053
:10B1600020202020202020202020202020202020DF
:10B1700020202020202020202020202020200D0AF8
:10B1800000000000202020202020202020202063FC
:10B19000584D6C636B576B3B2020202E2E2C2E209D
:10B1A0006F6F202020202020202020202020202001
:10B1B000202020202020202020202020202020208F
:10B1C0002020202020200D0A000000002020202028
:10B1D0002020202020202020202020202020202768
:10B1E0003A6F784F4F58585858584B78786F3A27DD
:10B1F000202020202020202020202020202020204F
:10B2000020202020202020202020202020200D0A67
:10B2100000000000202020202020202E4B4F6378AB
:10B220004E642E20634F4E4E4E4E4E4E2E303A20E0
:10B230006F642020202020203B6F2C202020202005
:10B2400020202020202020202020202020202020FE
:10B250002020202020200D0A000000002020202097
:10B260002C4D4D4B4F27203A4E4E4E4E4E4E4E4E8D
:10B270004E58306C2C2E202020202E2C6F6B6B6BA8
:10B280006B6C2E2020202020202020202020202019
:10B2900020202020202020202020202020200D0AD7
:10B2A000000000002020202020202020202020201E
:10B2B00020202E3A784B584D4D4D4D4F644B4D4DFF
:10B2C0004D4D786F4D4D4D4D584B783B20202020F3
:10B2D000202020202020202020202020202020206E
:10B2E0002020202020200D0A000000002020202007
:10B2F000206C5778584B64202C584E4E632E2E30BD
:10B300004E4E4E584B583A206F6B646F636B6B6BAD
:10B310006B6B6B6F272020202020202020202020F6
:10B3200020202020202020202020202020200D0A46
:10B330000000000020202020202063574D4D303A8F
:10B3400020206C4E6B2E2E584E4E4E4E2E4F3A20D5
:10B350006F64202020203B786B6B6B783B20202093
:10B3600020202020202020202020202020202020DD
:10B370002020202020200D0A000000002020202076
:10B3800020202020202020203B4F4D4D4D4D6F632D
:10B390006B4D4E782E3A787878782E634E4D4B6F01
:10B3A0006F4D4D4D57783A2020202020202020201E
:10B3B00020202020202020202020202020200D0AB6
:10B3C00000000000202020202020202020202020FD
:10B3D000205F5F5F5F5F5F5F5F5F5F5F5F5F5F5FBC
:10B3E0005F5F5F5F5F5F5F5F5F5F5F5F5F5F5F5F6D
:10B3F0005F2020202020202020202020202020200E
:10B400002020202020200D0A0000000020202020E5
:10B4100020202020202E6F574D4B644F57576B2E06
:10B420002E3B3A6C646B3A206F786F6C3A3B272066
:10B43000644E4D783B584D4E6F2020202020202018
:10B4400020202020202020202020202020200D0A25
:10B45000000000002020202020202020202020206C
:10B460007C2020205C5F5F5F5F7C2020207C5F7CF5
:10B4700020207C5F7C2020207C5F7C2020202020DE
:10B48000207C202020202020202020202020202060
:10B490002020202020200D0A000000002020202055
:10B4A00020202020202020207C202020205F5F5F83
:10B4B0005F20202020205F5F20205F5F2020202051
:10B4C000205F5F5F5F202020207C20202020202024
:10B4D00020202020202020202020202020200D0A95
:10B4E00000000000202020202020202020202020DC
:10B4F0007C20207C207C5F7C207C2020207C207C89
:10B5000020207C207C2020207C20205F5F2F20209A
:10B51000207C2020202020202020202020202020CF
:10B520002020202020200D0A0000000020202020C4
:10B5300020202020202020207C2020202F205F5F22
:10B540005F7C2020207C20205C2F20207C2020205D
:10B550007C20205F205C2020207C202020202020B8
:10B5600020202020202020202020202020200D0A04
:10B57000000000002020202020202020202020204B
:10B580007C20207C207C20205F202020207C207CB0
:10B590005C2F7C207C2020207C207C5F29207C204C
:10B5A000207C20202020202020202020202020203F
:10B5B0002020202020200D0A000000002020202034
:10B5C00020202020202020207C5F5F5F5F5F5F5F66
:10B5D0005F5F5F5F5F5F5F5F5F5F5F5F5F5F5F5F7B
:10B5E0005F5F5F5F5F5F5F5F5F7C202020202020C8
:10B5F00020202020202020202020202020200D0A74
:10B600000000000020202020202020206C574D4DDD
:10B610004D4D302E27276F30574D3A2E3B4D3A2057
:10B620006F4F2058274B6F6B6C272E2E6B4D4D4D57
:10B630004D4E3A2020202020202020202020202095
:10B640002020202020200D0A0000000020202020A3
:10B6500020202E4F4E6B4B58576F2E6C5830272E94
:10B660006F4D6F20204D3A206F5820302E642E648D
:10B670003B6C4B632E6C4E4B7864574F2020202040
:10B6800020202020202020202020202020200D0AE3
:10B690000000000020202020202E4E4D4D304F2E47
:10B6A0002E3B4E574D4E632020304D6F3A4D3A2081
:10B6B0006F4E642E782E782E642E3B3058632E27E2
:10B6C000784B4D4D582E2020202020202020202057
:10B6D0002020202020200D0A000000002020202013
:10B6E000204B574F4B4D64206B4B2E203A584D4BFF
:10B6F0006F4B4D4D4D4D3A206F4E4E6F27642E636C
:10B700003A3B633B3B636B206C4D583058302020F4
:10B7100020202020202020202020202020200D0A52
:10B720000000000020202020784D586F3B2C206B1B
:10B730004D4E783A2E2E584D4D4D58643B2E2020BC
:10B74000202E3B6F78274F6B3B2C273B633A6F6B68
:10B75000202E6F30584D582E2020202020202020D1
:10B760002020202020200D0A000000002020202E74
:10B770004D4D4D4D58206C576C6C784B574D4D4D81
:10B780004E3A20202E272727272C2E20206C6B2E88
:10B79000273B2C2C3B3B3B306F202C574D4D5858B2
:10B7A000642E2020202020202020202020200D0A70
:10B7B00000000000202020205857585758202E58AD
:10B7C00058584E4E4E4E4E584B2C20202E2C2E2E7E
:10B7D0002E2C2E20202E646B782E2020202020203E
:10B7E000202020202020202020202C634E646F6FFA
:10B7F000646C202020200D0A000000002020202C56
:10B8000057784F632C20306F63636363634F4E4BF5
:10B8100020202E632E20202E2E202E632E20206FFF
:10B820006B6F2E2E2E2E2E2E2E202020202020201C
:10B830002E2E78646C6C3A6C6C6C2C2020200D0AD7
:10B84000000000002020206F4D4D4D4D27206060EE
:10B85000606060606060606020206F202020202099
:10B860002020202078202020606060606060606080
:10B87000602020202020202E272E2C30574B2C6C8F
:10B880004D4D6B2020200D0A000000002020207864
:10B890004D4D4D4D27206464636C6F646464642C6B
:10B8A00020206F2020202020202020207820202CE5
:10B8B00064646464646F6F6F642E202020206C5871
:10B8C0004D783B4F4D576F4B4D4D582720200D0A5B
:10B8D000000000002020206357643A2C2C20575889
:10B8E000272727276C4D4D4E2E2020632E20202009
:10B8F00020202E632E202E58306F3B2E27272C64BD
:10B900004E20202E786378784D4D30646F6C3A6C01
:10B910006C6C6C2E20200D0A000000006D6F6E69AB
:10B92000746F725F6461746100000000626C696E24
:10B930006B5F6C6564000000646C5F6F6E6C696EB9
:10B9400065000000737461727475700098BA000825
:10B9500000000020AC0000001402000844BB0008F6
:10B96000AC000020F4210000300200081C000000A0
:10B9700043000000F8FFFFFF0C0000000E00000075
:10B980000F0000002E000000100100004300000026
:10B99000F8FFFFFF004040404040404040404141F0
:10B9A0004141414040404040404040404040404094
:10B9B000404040404005020202020202020202022E
:10B9C000020202020220202020202020202020022B
:10B9D00002020202020290909090909010101010BB
:10B9E0001010101010101010101010101010101057
:10B9F00002020202020288888888888808080808EB
:10BA000008080808080808080808080808080808B6
:10BA100002020202400000000000000000000000DE
:10BA20000000000000000000000000000000000016
:10BA30000000000000000000000000000000000006
:10BA400000000000000000000000000000000000F6
:10BA500000000000000000000000000000000000E6
:10BA600000000000000000000000000000000000D6
:10BA700000000000000000000000000000000000C6
:10BA800000000000000000000000000000000000B6
:10BA90000000000000000000000000001000000096
:10BAA00001000000000000000024F400000000007D
:10BAB0000000000000000000000000000000000086
:10BAC0000100000000000000000000000000000075
:10BAD000000000002CB90008B5A90008E803000028
:10BAE0000000000001000000000000000000000055
:10BAF00038B90008F1A900080200000000000000A9
:10BB00000100000000000000000000001CB9000857
:10BB100021AA00080200000000000000010000004F
:10BB2000000000000000000044B900082BAA000833
:10BB3000F40100000000000001000000000000000F
:04BB40000000000001
:04000005080001D915
:00000001FF
