:020000040800F2
:1000000060210020D5020008374B0008FF46000899
:10001000354B0008D92000084553000800000000B7
:100020000000000000000000000000003B4B000842
:100030008D21000800000000394B00083D4B0008EE
:10004000EF020008EF020008EF020008EF020008CC
:10005000EF020008EF020008EF020008EF020008BC
:10006000EF020008EF020008EF020008EF020008AC
:10007000EF020008EF020008EF020008EF0200089C
:10008000DD200008EF020008951F0008EF020008BD
:10009000EF020008EF020008EF0200088F210008BD
:1000A000E54B0008EF020008EF020008EF0200082D
:1000B000EF020008EF020008EF020008EF0200085C
:1000C000EF020008EF020008EF020008EF0200084C
:1000D000EF020008EF02000839530008EF020008A1
:1000E000EF020008EF020008EF020008EF0200082C
:1000F000EF020008F14B0008EF020008EF020008D1
:10010000EF020008EF020008EF020008EF0200080B
:10011000EF020008EF020008EF020008EF020008FB
:10012000EF020008EF020008EF020008EF020008EB
:10013000EF0200080000000000000000EF020008CD
:10014000EF020008EF020008EF020008EF020008CB
:10015000EF020008EF020008EF020008EF020008BB
:10016000EF020008EF020008EF020008EF020008AB
:10017000EF020008EF02000800000000000000008D
:10018000EF020008EF02000800F002F800F092F819
:100190000AA090E8000C82448344AAF10107DA45E2
:1001A00001D100F087F8AFF2090EBAE80F0013F0A2
:1001B000010F18BFFB1A43F00103184740AD0000C0
:1001C00060AD0000103A24BF78C878C1FAD8520751
:1001D00024BF30C830C144BF04680C6070470000C1
:1001E0000023002400250026103A28BF78C1FBD840
:1001F000520728BF30C148BF0B6070476E2900F01E
:10020000F182702900F03384662909F0B2876529EC
:1002100009F0AF87672909F0AC87612909F0AB873E
:1002200003681B0A28BF41F08001692900F09E8203
:10023000642900F09B82752900F098826F2900F0F4
:10024000C083782900F0FF83E92900F05B83E4296B
:1002500000F05883F52900F05583EF2900F0BD83A5
:10026000F82900F0FE830368DB0928BF41F0800114
:10027000632901F01381732901F01881E32901F04A
:100280002381F32901F02881002070471FB509F070
:100290006BFF01F091F904000020002109F04EFFEE
:1002A000401C60600020002109F032FFE0601FBDAB
:1002B00010B510BD01F052F91146FFF7E7FF09F044
:1002C000BDF901F02FFA03B4FFF7F2FF03BC00F011
:1002D000D9F900000948804709480047FEE7FEE7D2
:1002E000FEE7FEE7FEE7FEE7FEE7FEE7FEE7FEE7E6
:1002F00004480549054A064B70470000D54B0008E5
:1003000089010008601B002060210020601D002082
:10031000601D002053EA020C00F069802DE9F04BCB
:100320004FF00006002B1FBFB3FA83F503FA05F464
:1003300024FA05F65E4012BF1643B2FA82F502FABD
:1003400005F4C5F120051EBF22FA05FC44EA0C04A1
:10035000203556EA044C4FEA144418BF641C4FF091
:1003600000084FF00009904271EB030C39D30029CB
:1003700019BFB1FA81F701FA07F6B0FA80F700FA6F
:1003800007F6C7F120071EBF20FA07FC46EA0C0655
:100390002037B6FBF4FCA7EB0507103F07F01F0B57
:1003A000CBF120060CFA0BFB2CFA06F644BFB34641
:1003B0000026202FA4BF5E464FF0000B5BEA060C20
:1003C00008BF4FF0010B19EB0B09ABFB027C48EBAC
:1003D0000608C01B06FB02CC0BFB03CC71EB0C0127
:1003E000C1E70B46024641464846BDE8F08B13B5CF
:1003F0004FF000004FF00001AFF30080BDE81C405B
:10040000704700001CB50C46064B7B4469460090C3
:10041000204600F000FA04460020694600F00EFA7B
:1004200020461CBD2F04000010B5002000F0EEFB9C
:10043000FFF73EFFBDE81040012000F023B910B5E2
:10044000431C02E010F8011B71B18107FAD14FF093
:10045000013202C88C1A8C4314EAC211F9D0C01AB6
:100460000A0603D0C01E10BDC01A10BD0A0401D078
:10047000801E10BD0902FCD0401E10BD032A40F2B0
:10048000308010F0030C00F0158011F8013BBCF136
:10049000020F624498BF11F801CB00F8013B38BF4E
:1004A00011F8013BA2F1040298BF00F801CB38BF5C
:1004B00000F8013B11F0030300F02580083AC0F07A
:1004C000088051F8043B083A51F804CBA0E8081022
:1004D000F5E7121D5CBF51F8043B40F8043BAFF355
:1004E0000080D20724BF11F8013B11F801CB48BFAF
:1004F00011F8012B24BF00F8013B00F801CB48BFE5
:1005000000F8012B704710B5203AC0F00B80B1E81D
:100510001850203AA0E81850B1E81850A0E8185038
:10052000BFF4F5AF5FEA027C24BFB1E81850A0E841
:10053000185044BF18C918C0BDE810405FEA827C5B
:1005400024BF51F8043B40F8043B08BF7047D20772
:1005500028BF31F8023B48BF11F8012B28BF20F813
:10056000023B48BF00F8012B70474FF000020429FE
:10057000C0F0128010F0030C00F01B80CCF1040CD2
:10058000BCF1020F18BF00F8012BA8BF20F8022B06
:10059000A1EB0C0100F00DB85FEAC17C24BF00F8AC
:1005A000012B00F8012B48BF00F8012B70474FF0DA
:1005B000000200B5134694469646203922BFA0E8B3
:1005C0000C50A0E80C50B1F12001BFF4F7AF0907BF
:1005D00028BFA0E80C5048BF0CC05DF804EB8900B0
:1005E00028BF40F8042B08BF704748BF20F8022BF3
:1005F00011F0804F18BF00F8012B70474FF0013CFD
:1006000050F8042B51F8043B9A4221D1A2EB0C0381
:10061000934313EACC1317D150F8042B51F8043B41
:100620009A4215D1A2EB0C03934313EACC130BD1DE
:1006300050F8042B51F8043B9A4209D1A2EB0C0369
:10064000934313EACC13DBD04FF00000704700BF98
:10065000D01A01BAB1FA81F101F0180122FA01F0C1
:10066000CB40C1F12001DBB2C0B2C01A2CFA01F3B9
:10067000D11A914311EAC311E6D170477047704710
:100680007047000001491820ABBEFEE726000200BB
:1006900010B500F0C9FA006810BD10B5044600F0AE
:1006A000C3FA046010BD70B5044685690068C106D0
:1006B00001D5302600E02026C00707D070BDD4E960
:1006C000012130469047206A401C20626D1EF6D5FD
:1006D00070BD70B5044685690078C00707D170BD4C
:1006E000D4E9012120209047206A401C20626D1E21
:1006F000F6D570BD09684A0501D540B27047C905F5
:10070000FCD500B2704709684A0501D5C0B27047F0
:10071000C905FCD580B2704770B50C460546012A64
:1007200005D02878800600D5EA69002302E001237D
:1007300005E05B1C934202D2E05C0028F9D1A86975
:10074000E618C01AA861286A184428622846FFF7EC
:10075000AAFF04E0D5E9012114F8010B9047B44247
:10076000F8D32846FFF7B5FF70BD00002DE9F04132
:100770000646002410687529314616A510D0FFF7EB
:10078000B9FF002802DA404213A507E031688A0762
:1007900001D512A502E0490704D511A5012401E005
:1007A000FFF7B1FF00210A2206F1240709E0B0FBA0
:1007B000F2FCB0FBF2F302FB1C0030307854184618
:1007C000491C0028F3D123462A463046BDE8F041B3
:1007D00000F073BA000000002D0000002B000000A4
:1007E0002000000011680268006A530501D50870F6
:1007F0000AE0D30501D5088006E0130603D5C21729
:10080000C1E9000200E008600120704701694A1C4C
:1008100002610878704700B58FB0CDE90131002141
:10082000059105497944CDE903101146684600F069
:1008300029F90FB000BD0000E5FFFFFF0A6802F8CC
:10084000010B0A60704700002DE9FF5F15468A46DC
:100850000446DFF8AC80F8440027D8E900103E4693
:10086000CDE9001010E03AF816106A4602A800F030
:1008700037FE411C07D02178890603D5E269391873
:1008800091420DD80744761C2078800602D5E06995
:10089000B84205DDAE42E6DB3AF816000028E2D1A8
:1008A000A069C01BA0612046FFF7FDFED8E900103B
:1008B000CDE90010002017E03AF818106A4602A8A7
:1008C00000F00EFEB0F1FF3F81460BD000250DF188
:1008D000080B05E0D4E901211BF8050090476D1CC9
:1008E0004D45F7D308F10100B0428046E4DB206AB1
:1008F000384420622046FFF7ECFEBDE8FF9F000071
:10090000529C00002DE9F0418046D21D22F00702E2
:100910000025D2E90002F52915A614D0011E72F1B6
:10092000000106DA0023D0EB030063EB020211A6FC
:1009300008E0D8F800108B0701D50FA602E04907A0
:1009400001D50EA601251146002408F1240704E074
:1009500000F06EF930323A55641C50EA0102F7D1CA
:100960002B46324621464046BDE8F04100F0A5B98D
:10097000000000002D0000002B00000020000000FF
:1009800030B4002100F1240408E002F00705D20889
:10099000303542EA4372DB086554491C52EA0305CC
:1009A000F3D10468002310A2250707D5A40600D4BC
:1009B00021B1C46901230DA2641EC46130BC00F0E2
:1009C0007CB910B5044621461068FFF79CFE02462C
:1009D0002046BDE810400023D2E7D21D22F00701D7
:1009E000D1E90023CCE70000000000003000000047
:1009F000F0B40D460188090502D5214C7C4402E083
:100A00001F4C7C440E34002100F1240608E002F063
:100A10000F071209E75D42EA03721B097754491C6C
:100A200052EA0307F3D102780023120704D5702D90
:100A300006D009B1022311342246F0BC00F03DB9C2
:100A400001231034F8E770B504460D4621461068BE
:100A5000FFF759FE024629462046BDE870400023B4
:100A6000C6E7D21D22F00703D3E90023C0E70368DD
:100A7000126843F0200303600823C3610023B7E733
:100A8000B49A00002DE9F05F894604464FF0000A51
:100A9000DFF874B1FB44C0F820A02046E168884725
:100AA000002874D0252806D0D4E901219047206A77
:100AB000401C2062F1E700265F462046E168884737
:100AC0002028054607DB312D05D2781910F8200CB7
:100AD00008B10643F1E7B00701D526F00406C4F8D3
:100AE0001CA00027C4F818A02A2D09D0284605F01C
:100AF000ABF838B304EB8708303DC8F8185019E05C
:100B000059F8041B204604EB87029161E16888478D
:100B1000012F054618D1E069002820DA26F02006CA
:100B20001DE0D8F8180000EB800005EB40003038DD
:100B3000C8F818002046E1688847054605F084F8A3
:100B40000028EED1012F0AD02E2D08D12046E168D1
:100B500088477F1C0546022F46F02006C4DBA069AB
:100B6000002803DA404246F00106A061F00701D0F8
:100B700026F010066C2D0BD0682D09D04C2D39D0E5
:100B80006A2D35D0742D35D07A2D33D016E038E06B
:100B9000E1682F4620468847B842054609D16C2FA8
:100BA00026D04FF48060E16806432046884705461A
:100BB00004E06C2F1AD04FF4807006430DB3A5F1FA
:100BC0004100192802D8203546F400664A462946D5
:100BD000204626604E46FFF711FB80B101280BD05E
:100BE000F61D26F0070000F1080956E74020E4E76B
:100BF0008020D8E70020D6E706F104094DE7284613
:100C000052E7206ABDE8F09F449A000010B500F05A
:100C10008DFCBDE8104000F083BC00000048704728
:100C2000001B00207047000000487047001B002098
:100C300030B5B0F10A024FEA900E71F100034EEAAE
:100C4000817EB0EB0E0061EB91014FEA101E4EEA7F
:100C5000017E10EB0E0041EB11114FEA102E4EEA0F
:100C6000016E10EB0E0041EB11214FEA104E4EEADF
:100C7000014E10EB0E0041EB1141401841F1000113
:100C80004FEAD00040EA41704FEAD10110EB8005F5
:100C90004FEA810444EA907444EB01046D1944EB7B
:100CA0000404521BA3414FF0000348BF0A3200D591
:100CB00030BD401C41F1000130BD2DE9F0470D462B
:100CC00099469246044600F124080168880604D536
:100CD000E06921F01001216000E00120A84201DD5F
:100CE000471B00E00027A1697A1902EB0900081AE6
:100CF000A0612078C00602D42046FFF7D4FC00266D
:100D000008E0D4E901211AF806009047206A401C47
:100D1000761C20624E45F4DB2078C0060AD52046BA
:100D2000FFF7C1FC06E0D4E9012130209047206A9A
:100D3000401C2062381EA7F10107F4DC07E0D4E96B
:100D4000012118F805009047206A401C2062281EE7
:100D5000A5F10105F3DC2046FFF7BBFC2078000677
:100D600002D50220BDE8F0870120FBE770472DE99E
:100D7000FF4F0C461E464FF0FF378BB0D2E9000103
:100D8000DDF860800A908A46C1F30A5505B93D46F0
:100D9000002108464FF00000BAF1000F00F44000B7
:100DA00005DA00EB80004FF4400101EA50004FEA01
:100DB0009059B9F1010F00DDB9460A9850EA4A008E
:100DC0000ED044F61050A5F2FF3545432F14B8F16C
:100DD000000F1ED07542291E1EDDC9F100021CE065
:100DE000B8F1010F4FF0000001D0302103E0F243D1
:100DF00005E02154401CB042FBDB304600220021BC
:100E000021540B99C1F80880C1E900200FB0BDE85A
:100E1000F08FBD1B6D1CDEE74A4600DA694206A86A
:100E200000F00EFC06AB93E8070003AB83E8070075
:100E300050460A9900F09FFC8DE80700A0F500508D
:100E40001F3800900398002D0ADD42F21F014A4628
:100E50000844002303A90390684600F008FF09E056
:100E6000A0F500504A461F38002303A903906846A6
:100E700000F012FF8DE807000004000C03D04FF0D3
:100E8000FF30410800E01046B8F1000F03D0002207
:100E9000009215461EE0751E05D4FFF7C9FE3032DC
:100EA00062556D1EF9D5B3460122084302D00022D7
:100EB0007F1C04E02078302801D100227F1E002A08
:100EC000099784D01DE0112D07DAFFF7B1FE30320B
:100ED00062556D1C50EA0102F5D1084302D000981A
:100EE000C8B10EE00021681E05E0235C625C63541B
:100EF0002254401E491C8142F7DBAB46A81B401E12
:100F00000990002004F80B000B98099AC0F808809B
:100F1000C0E9002B7AE711264FF0000857E72DE9CA
:100F2000F04F88460446D21D22F0070191B0D1E966
:100F30000001CDE90A0104F006FA02460B98C00F41
:100F400001D02D2007E02068810701D52B2002E089
:100F5000202101EAC000032A099001D0072A05DBFD
:100F600003464146204600F02BFB0BE1207880062B
:100F700001D5E06900E00620B8F1650F814606D092
:100F8000B8F1660F18D0B8F1670F70D131E00020CA
:100F9000B9F1110F009001DB112301E009F1010308
:100FA0000AAA01A90CA8FFF7E2FEDDE90C700026F1
:100FB00009F10105834647E001204B4600904FF0C0
:100FC00000470AAA01A90CA8FFF7D1FEDDE90DB080
:100FD0000C995D46002610B909F101000D18B9EB16
:100FE000050003D4C0F1FF3609F10105A5EB0900A6
:100FF0002BE0B9F1010F01DA4FF001090020B9F13E
:10100000110F0090484601DD112300E003460AAAB3
:1010100001A90CA8FFF7ABFEDDE90C704D460026D8
:101020008346207800070AD4AB4500DA5D4601A864
:10103000012D04DD411911F8011C302907D04F455D
:1010400002DA17F1040F04DA012082460FE06D1E68
:10105000EEE7002F02DCED1B3E4403E0781CA842C3
:1010600000DD7D1CB81B00F1010A4FF0004720781D
:10107000000703D4AA4501DB4FF0FF3A0021B7F186
:10108000004F0DF143088DF8431024D002202B238C
:10109000002F01DA7F422D230A21021EA0F1010058
:1010A00000DC5FB197FBF1FC97FBF1F201FB1C7CCC
:1010B00017460CF1300C08F801CDEEE7A8F101005D
:1010C00003702188090501D5452100E06521A0F1C3
:1010D000010800F8011C09980FA9A1EB0807FF1DE2
:1010E00000B10120411901EBEA70A1693844081AE6
:1010F000401EA0612078C00602D42046FFF7D3FA34
:10110000099828B1D4E901219047206A401C206247
:101110002078C00622D52046FFF7C5FA1EE0002E33
:1011200004DBB34502DD01A8805D00E03020D4E996
:1011300001219047206A401C2062761CAAF1010020
:101140005FEA000A0AD100F037FAC0680168405C23
:10115000D4E901219047206A401C2062281EA5F195
:101160000105DCDC07E0D4E9012118F8010B904708
:10117000206A401C2062381EA7F10107F3DC2046DC
:10118000FFF7A7FA032011B041E600002DE9F04F68
:1011900004460D46D21D22F0070089B0D0E9009721
:1011A0004846394604F0CFF80246F80F01D02D2307
:1011B00007E02068810701D52B2302E0202101EA06
:1011C000C0038DF820300BB1012000E00020032A7D
:1011D000824601D0072A04DB2946204600F0F0F9B8
:1011E0003FE12078800601D40D2500E0E569C7F3D2
:1011F0000A560D2D49DA00214FEA175B08464FF0D9
:101200000000002F00F4400007DA00EB80004FF4EC
:10121000400100EBD07001EA60008115012901DD79
:101220004FF0FF3100224FEA850CBCF1180F06D3B6
:101230001346ACF118004FF08052C24003E04FF467
:10124000801323FA0CF30CF10C0CBCF1200F04D327
:10125000ACF1200C09FA0CF001E007FA0CF00029BF
:101260004FF0004801DD18B90FE00ED140450CD316
:1012700019EB02095F4121B9404502D19F4329EA98
:101280000209BBEB175F00D0761C2088000502D551
:101290007B48784402E07A487844193808AA302319
:1012A00002F80A30037C0AF10101002E0AF1020A59
:1012B00053546A4602DC4FF0300101E04FF0310137
:1012C0004FF001088DF8001002D0A6F2FF3603E0BF
:1012D00059EA470100D06B4E002D02DC2178090746
:1012E00004D54FF002082E218DF80110C4460021CC
:1012F0000BE0C7F303433F01C35C491C6D1E02F8BA
:101300000830052908F1010801DA002DF1DC00217F
:101310000CE000EB1973491C1B786D1E082902F8BC
:1013200008304FEA091908F1010801DA002DF0DC54
:1013300021688B0602D516E0A8F10108E04505DD1D
:1013400002EB080313F8013C302BF5D0B8F1000F85
:1013500009DD02EB080313F8013C2E2B03D109072A
:1013600001D4A8F10108002D05DD3E2102F8081086
:101370006D1E08F10108407C002E02F8080008F1FB
:10138000010804DA2D20764202F8080002E02B2042
:1013900002F808000A214FF47A70864208F1010829
:1013A0000BDB96FBF0F3303302F8083096FBF0F3DA
:1013B00008F1010800FB136601E0642E0CDB6420D9
:1013C00096FBF0F3303302F8083096FBF0F308F1A7
:1013D000010800FB136601E00A2E06DB96FBF1F024
:1013E000303002F8080008F1010896FBF1F001FB2B
:1013F0001060303002F80800A16908F1010808EB1C
:10140000050202EB0A00081AA0612078C00602D487
:101410002046FFF748F9216A08AE01EB0A00206276
:1014200004E0D4E9012116F8010B9047BAF1010A52
:10143000F7D22078C00602D52046FFF734F96E4671
:1014400009E016F8010B3E280FD0D4E9012190479E
:10145000206A401C2062B8F10108F2D22046FFF752
:1014600038F909B00320BDE8F08F206A28442062D3
:1014700003E0D4E90121302090476D1EEBD3F8E75B
:101480008D92000002FCFFFF10B5436913B1AFF36A
:10149000008001E0FFF740F9012010BD127800F153
:1014A00024010A7000224A700122EDE711684FF012
:1014B000FF32E9E710B5436913B1AFF3008001E0F3
:1014C000FFF7C2F9012010BD128800F124018284C7
:1014D0000022C2840122EDE711684FF0FF32E9E7F4
:1014E00070B516460C46054600F05EF8036893F8A2
:1014F0000101012806D0FF2C0FD8185D68B101202A
:101500002C7070BDD3F807013246214603F2071351
:1015100003442846BDE8704018474FF0FF3070BDC7
:10152000002801D0FFF7AEB87047000010B50021C9
:1015300002A000F000F9012010BD0000534947410E
:101540004252543A2041626E6F726D616C20746534
:10155000726D696E6174696F6E0000007546FFF709
:101560005DFBAE4605006946534620F00700854600
:1015700018B020B5FEF7BCFEBDE820404FF00006D5
:101580004FF000074FF000084FF0000B21F007016B
:10159000AC46ACE8C009ACE8C009ACE8C009ACE8AE
:1015A000C0098D467047000010B500F005F8001D19
:1015B00010BD00BF898B000000487047201B002031
:1015C0002DE9F0411F46044603260168072A01F46D
:1015D000006004DB08B116A505E016A503E008B11C
:1015E00015A500E015A521F010002060A069C01E1F
:1015F000A0610FB1401EA0612046FFF754F84FB123
:10160000D4E9012138469047206A401C2062C01C62
:10161000206206E0206AFAE7D4E9012115F8010BFF
:101620009047761EF8D22046FFF753F8BDE8F081C8
:101630004E414E006E616E00494E4600696E660076
:101640002DE9F047814616468AB0354878440DC8E2
:101650008DE80D0032487844801C03AC0DC884E846
:101660000D0041F69B300844372190FBF1F290FBCE
:10167000F1F5A5F1800501FB12041B3C02D5644283
:10168000012000E00020DFF898A080460027FA44FF
:10169000AAF1BE0A0EE0E0070AD03246684607EB20
:1016A000470101230AEB810100F0F6FA8DE80700FB
:1016B00064107F1C002CEED1194F7F44AE3F19E01F
:1016C000E80715D007EB04100DF1180A90E80E009A
:1016D0008AE80E00C068F04201D19819089032469D
:1016E000012306A903A800F0D7FA03AB83E807009B
:1016F0006D10641C002DE3D14FF0010332466946A2
:10170000B8F1000F03A802D000F0B1FA01E000F038
:10171000C3FAC9E90001C9F808200AB0BDE8F0879A
:10172000648F000010B50446AFF300802046BDE88A
:101730001040FEF7C8BD70B505460C460A2000E013
:101740006D1C00F011F835B128780028F8D102E0BE
:10175000641C00F009F814B120780028F8D1BDE825
:1017600070400A20AFF3008008B569468DF800008C
:101770000320ABBE08BD5FEA400C08BF91F0000F2C
:101780004FEA8C234FEAC12243EA51514FEA1C50E1
:1017900018BF00F5F0404FEA300018BF41F000419B
:1017A0005FEA6C5C00F02980BCF1FF3F08BF40F0AD
:1017B00080407047130C06BF12044FF0100C4FF01E
:1017C000000C130E04BF12020CF1080C130F04BF1F
:1017D00012010CF1040C930F04BF92000CF1020CE7
:1017E000D30F04BF52000CF1010C11464FF0000260
:1017F000A0F11F00A0EB0C00704711F0004F08BFD4
:10180000704731F000413FF4D5AF0B0C06BF09041F
:101810004FF0100C4FF0000C0B0E04BF09020CF13E
:10182000080C0B0F04BF09010CF1040C8B0F04BF53
:1018300089000CF1020CCB0F04BF49000CF1010C24
:10184000CCF12003A0EB0C0022FA03F302FA0CF215
:1018500041EA030100F10100704720F07F4C80EA6B
:10186000030023F07F47ACEB070303F57C5300F044
:10187000004003F1FF032DE980494FEA154B09B4FD
:101880004FEA144325EA0B4E24EA03480FF20426DC
:1018900006EB132749083E785FEA320203FB06672E
:1018A000C7F5000707FB06F64FEA54374FEAD6465E
:1018B00006F1020607FB066CCCF1005C4FEA1C4700
:1018C0002CEA074C07FB06F40CFB06F504EB154667
:1018D0004FEA961634BF00204FF000404FEAD13750
:1018E00006FB07FC4FEA1C4C0CFB0BF7D21B03FB5F
:1018F0000CF761EB07010CFB0EF7B0EB074072EB46
:1019000017420CFB08F734BFA2EB0742B2EB0742C9
:1019100061EB17414FEA0C444FEA910706FB07FCC5
:101920004FEA1C4C0CFB0BF7B0EBC74072EB573285
:1019300003FB0CF734BFA2EBC742B2EBC74261EB2B
:1019400057310CFB0EF7B0EBC70072EB57720CFB74
:1019500008F734BFA2EBC702B2EBC70261EB5771C5
:10196000039F4FEA816141EA921104EBCC044FEAF4
:10197000D1374FEA826206FB07FC42EA90124FEA37
:1019800080604FEA1C4C0CFB0BF7D21B03FB0CF7DF
:1019900061EB07010CFB0EF7B0EB074072EB17424F
:1019A0000CFB08F734BFA2EB0742B2EB074261EB36
:1019B00017414FEA8C554FEA910704EB9C2406FB34
:1019C00007FC4FEA1C4C0CFB0BF7B0EBC74072EB6B
:1019D000573203FB0CF734BFA2EBC742B2EBC7424E
:1019E00061EB57310CFB0EF7B0EBC70072EB57728F
:1019F0000CFB08F734BFA2EBC702B2EBC70261EBE6
:101A0000577115EB4C254FEA816141EA92114FEA7B
:101A100082624FEAD13742EA901206FB07FC44F19A
:101A200000044FEA80604FEA1C4C0CFB0BF7D21B02
:101A300003FB0CF761EB07010CFB0EF7B0EB074063
:101A400072EB17420CFB08F734BFA2EB0742B2EB74
:101A5000074261EB174115EB1C154FEA813141EA52
:101A600092414FEA823242EA90424FEA80304FEA96
:101A70000C7644F1000448EA03434EEA0B484FF069
:101A8000000EB2EB080C71EB030724BF6246394627
:101A90004EEB0E0E4FF0000B0018524149414BEB3C
:101AA0000B0BB2EB080C71EB03077BF1000B24BFAF
:101AB000624639464EEB0E0E4FF0000B00185241B5
:101AC00049414BEB0B0BB2EB080C71EB03077BF1BD
:101AD000000B24BF624639464EEB0E0E51EA020758
:101AE00018BF46F0010616EB0E7655F1000254F1D0
:101AF000000103D5BDE88901BDE80088BDE8890182
:101B0000BDE80048B619524141EB0101A3F10103C0
:101B1000704780807F7E7D7C7B7A7978777676755A
:101B20007473727171706F6E6E6D6C6C6B6A6A69D2
:101B30006868676666656464636362616160605F6C
:101B40005F5E5E5D5D5C5C5B5B5A5A5959585857E5
:101B5000575656555555545453535252525151504D
:101B600050504F4F4F4E4E4D4D4D4C4C4C4B4B4BA0
:101B70004A4A4A49494948484847474747464646E6
:101B80004545454444444443434343424242424121
:101B90004141002B9C4630D477002BD01CB54FEA36
:101BA000370703B44FF010004FF01001BAF1000FE7
:101BB00006D0BCF1000FDCBF40F0080040F0080187
:101BC0004FF000000FBCBDE810400BF1010BBBF162
:101BD000010F08BF5FEA170722BF12F1010211F1DE
:101BE00001014FF0004143F1000300F0004043EADF
:101BF00000007047F9D35708D0E746EA064613F1CC
:101C0000400F4FEA16461FDD13F1200FDFBF1643CA
:101C10000A46002120335B42BED0C3F1200746EACA
:101C2000064602FA07F74FEA164646EA0706C3F1E8
:101C3000200722FA03F201FA07F721FA03F14FF025
:101C4000000342EA0702A7E746EA020646EA06461A
:101C50004FEA164646EA0106BCBF46EA0646360C7F
:101C60004FF000034FF000024FF0000194E72DE920
:101C7000804C9A46934670B491E8380007C831EA20
:101C8000400C48BF34EA430C03D5FFF7E6FDFFF7ED
:101C900080FFF0BCBDE8008C2DE9804C9A4693464D
:101CA00070B491E8380007C810F0804F08BF13F0F7
:101CB000804F03D100F005F8FFF76BFFF0BCBDE8E3
:101CC000008C20F07F4780EA030023F07F4C07EB75
:101CD0000C03A3F57C5300F00040A3F1FE0392F047
:101CE000000F00F0B38095F0000F00F077802DE931
:101CF00001494FEA11404FEA144621EA004800FB2F
:101D000006FC24EA064708FB06F607FB08F800FB7A
:101D100007F718EB06484CEB164C4FEA124B18EB42
:101D200007484FEA15464CEB174022EA0B4E0BFBD7
:101D300006FC25EA06470EFB06F607FB0EFE0BFB2C
:101D400007F71EEB064E4CEB164C4FF000061EEB51
:101D5000074E4CEB174B18EB0B0840F1000018EB4B
:101D60000E0B58EB000840F100008F1A4FF00001F5
:101D70003CBFC943661B14BFB5EB040C00213CBF3C
:101D8000C943F61B4FEA17444EEA8E0E27EA044574
:101D90004FEA1C4704FB07622CEA074C05FB07F7D8
:101DA0000CFB05F604FB0CFC16EB074642EB174256
:101DB00016EB0C4642EB1C421BEB060658EB0202EC
:101DC000414146EA9E0601D5BDE80189B619524156
:101DD00041EB0101A3F10103BDE801894FEA14457C
:101DE0004FEA114724EA054621EA074C05FB07F4B0
:101DF00006FB07F70CFB06F105FB0CFC11EB07419A
:101E000044EB17444FEA124711EB0C4144EB1C44DE
:101E100022EA074C05FB07F206FB07F70CFB06F668
:101E200005FB0CFC16EB074642EB174216EB0C4683
:101E300042EB1C456A1854F1000148BF7047B619BF
:101E4000524141EB0101A3F10103704795F0000FEE
:101E500037D04FEA11424FEA144721EA024624EAFA
:101E6000074C02FB07F106FB07F70CFB06F402FB2D
:101E70000CFC14EB074441EB17414FEA154714EBF8
:101E80000C4441EB1C4125EA074C02FB07F506FB1D
:101E900007F70CFB06F602FB0CFC16EB074645EBBE
:101EA000174516EB0C4645EB1C42121951F1000187
:101EB00048BF7047B619524141EB0101A3F101033C
:101EC00070474FEA14454FEA114724EA054621EAD4
:101ED000074C05FB07F106FB07F70CFB06F24FF07A
:101EE000000605FB0CFC12EB074241EB174112EB1D
:101EF0000C4251EB1C4148BF7047921841EB010165
:101F0000A3F10103704710B50146806B026C12F01B
:101F1000500F05D0026CD20626D500F0AFFB10BDE5
:101F2000016C41F40071016401688A6812F0405F3D
:101F300017D1027EAAB9CA6A12F4700F02D08A6859
:101F400052050ED44A6822F020024A60016C21F446
:101F500080710164016CC90403D4016C41F001017A
:101F6000016400F089FB10BD806BC26CBDE81040BD
:101F70000846104710B5806B40210164416C41F068
:101F80000401416400F07AFB10BD10B5806B00F0D5
:101F900074FB10BD10B5044800F071FBBDE81040A3
:101FA000024800F06CBB0000B0000020F8000020E8
:101FB000464910B54A6822F440324A604A6843688C
:101FC0001A434A6001684A6822F480724A600168D4
:101FD0004A68036942EA03224A6001684A6822F0BB
:101FE00040724A6001684A6883681A434A6001681F
:101FF0008A6822F400628A6001688A68C3681A43AA
:102000008A60816A6FF07062D14201688A6822F04A
:1020100070628A6001688A680CD0836A1A438A6099
:1020200001688A6822F040528A6001688A68C36A3F
:102030001A4301E022F040528A6001688A6822F067
:1020400002028A6001688A68037E42EA43028A606B
:1020500090F82010002901684A680FD042F400620D
:102060004A6001684A6822F460424A6001684A682E
:10207000174C436A04EB43331A4301E022F4006235
:102080004A600168CA6A22F47002CA620168CA6AB8
:10209000838B104C04EB03531A43CA6201688A68AD
:1020A00022F400728A6001688A6890F8303042EA4F
:1020B00043228A6001688A6822F480628A6001682B
:1020C0008A68406942EA8020886010BD0023014090
:1020D00000E0FFFF0000F0FFFEE70000014800F015
:1020E0007FBE0000E402002001681823CAB2103A43
:1020F000B2FBF3F2054B6FF30901032A9B5CC36546
:1021000000D9091D81650846704700007AA10008C2
:1021100010B5014600208B698A6A4FF0C07453B134
:10212000B3F5005F15D072B1012A0CD0022A0AD093
:10213000032A09D104E01AB1012A06D0022A03D1E8
:10214000C96AC90100D5012010BDC96AA142FAD0EF
:1021500010BD002AF7D0012AF2D0022AF3D0032AB8
:10216000F3D010BD30B50468256825F480252560BE
:10217000046863608368402B036803D0996000683B
:10218000C26030BD9A600068C16030BD70474FF4D6
:10219000007000F0B3BF72B6FEE7000070B590F8B3
:1021A0003C20694D012A19D0012280F83C200A68A0
:1021B00007230468092A13D9E6680A3A02EB4202A7
:1021C00093409E43E6600A788B680A3A02EB42022B
:1021D00093400268D4682343D36010E0022070BDAE
:1021E000266902EB420293409E4326610A788B687F
:1021F00002EB4202934002681469234313610268B0
:10220000936B23F4401393630268936B0C8A4F4ED5
:1022100006EB0454234393630A790B7CD21AD21C35
:1022200002EB82021F2393400268946B9C439463E9
:102230000A790B7CD21AD21C02EB82030A8892B272
:102240009A4003689C6B22439A638A69AA42026897
:10225000936823F470239360026893680CD08C69B0
:10226000234393600268936823F4401393600268E9
:102270009368CC69234301E023F4401393604A7DC3
:10228000002A0268536802D043F4806301E023F41B
:10229000806353600A7D002A0268536802D043F4C9
:1022A000805301E023F4805353604A68012A16D01A
:1022B000022A1FD0032A026827D0136A6FF30B0388
:1022C00013620268136ACC6823431362214B0468CB
:1022D0001F4A9C4227D10C68122C20D023E00268B0
:1022E00053696FF30B03536102685369CC6823434E
:1022F0005361EBE7026893696FF30B039361026824
:102300009369CC6823439361E0E7D3696FF30B03D0
:10231000D3610268D369CC682343D361D6E754689C
:1023200044F48004546004689C4208D10968102970
:1023300001D0112903D1516841F4000151600021FD
:1023400080F83C10084670BD01000F000000F0FF4F
:10235000002301400020014010B524492DED028BDF
:1023600088423FD105F050F904F078F8214920481F
:102370000B6802695A630B6842699A63096882694B
:10238000CA639FED1D8AD0ED0B0A0022B0EE480A09
:10239000114600EE880A1948BCEEC00A10EE103A49
:1023A00000F080FC1648B0EE480A0022D0ED150A75
:1023B0001021124800EE880ABCEEC00A10EE103A56
:1023C00000F070FC07F098FE0E4CE068401CE060E6
:1023D000B0F57A7F06D34FF400510B4800F092FF1E
:1023E0000020E060BDEC028B10BD0000B0000020BA
:1023F000BC0800207C01002000000045680100208E
:1024000010050020140000200008024008B500223A
:1024100000920368521F1A60012911D002290CD0C2
:10242000032906D0042901D0009808BD0068806CFB
:1024300001E00068406C009008BD0068006CFAE79D
:102440000068C06BF7E7000018B50022009290F812
:102450003C10012907D0012180F83C1001688B68ED
:10246000DB0702D011E0022018BD8B6843F00103A6
:102470008B602A492A4B0968B1FBF3F101EB41015A
:1024800000E0491E00910029FBD101688B68DB0741
:102490003AD0036C42F20104A34343F48053036433
:1024A000036CDB0500D4426480F83C206FF004022A
:1024B0000A6001684A6842F080024A601949496826
:1024C0000068C906816801F440110FD0D1B1002223
:1024D0004168154B41F38021491C98421CD1DAB167
:1024E000D1B1816841F48001816015E041B10021E2
:1024F000426842F38022521C71B1002AF1D10BE0F4
:102500000121F5E70122E3E7016C41F010010164CC
:10251000416C41F001014164002018BD0C00002015
:1025200040420F00002301400020014078B5002404
:10253000009490F83C20012A19D0012280F83C2018
:102540000A6807230568092A13D9EE680A3A02EBDC
:10255000420293409E43EE600B788A680A3B03EB8D
:1025600043039A400368DD682A43DA6010E00220E2
:1025700078BD2E6902EB420293409E432E610B7898
:102580008A6803EB43039A4003681D692A431A6172
:102590004A681F23072A13D205686E6B521E02EB8E
:1025A000820293409E436E630B790A885B1E92B24F
:1025B00003EB83039A4003685D6B2A435A6327E069
:1025C00005680D2A12D22E6BD21F02EB82029340B5
:1025D0009E432E630B790A88DB1F92B203EB8303C1
:1025E0009A4003681D6B2A431A6311E0EE6A0D3AA4
:1025F00002EB820293409E43EE620B790A880D3B08
:1026000092B203EB83039A400368DD6A2A43DA62DD
:10261000164B0568144A9D4206D10D68122D03D150
:10262000556845F48005556005689D4218D10B68D2
:10263000102B01D0112B13D1536843F400035360C6
:10264000096810290CD10A490A4A0968B1FBF2F15C
:1026500001EB8101490000E0491E00910029FBD1F6
:1026600080F83C40002078BD00230140002001405C
:102670000C00002040420F0070477047704770B553
:10268000044600680668456816F0020F05F0200150
:102690002AD049B3216CC90603D4216C41F40071DE
:1026A0002164816811F0405F17D1217EA9B9C16A08
:1026B00011F4700F02D0816849050ED4416821F0F1
:1026C00020014160206C20F480702064206CC004E4
:1026D00003D4206C40F0010020642046FFF7CCFFBB
:1026E00021686FF01200086016F0040F05F08001F9
:1026F00032D089B3206CC00603D4206C40F4005063
:1027000020642068816811F4401F1ED1816B11F490
:10271000401F02D08168490517D44168490514D487
:10272000816811F0405F10D1217E71B9416821F0BC
:1027300080014160206C20F480502064206CC00532
:1027400003D4206C40F0010020642046FFF704FE13
:1027500021686FF00C00086016F0010F05F04001D1
:102760000FD071B120680068C0070AD0206C40F417
:1027700080302064204600F043F821686FF00100AB
:10278000086016F0200F05F080610ED000290CD0F3
:10279000606C40F00200606420686FF02005056006
:1027A0002046FFF76BFF2068056070BD70B5040020
:1027B0004FF0000503D0206C002610B107E0012087
:1027C00070BD204600F01EF8666484F83C60206C02
:1027D000C00610D4206C20F4885040F00200206421
:1027E0002046FFF7E5FB6664206C20F0020040F015
:1027F0000100206400E0012584F83C60284670BD9B
:1028000070470000F0B587B0044614216846FDF714
:10281000CEFE314A2F4F236800242F49143A032556
:102820002E480126BB4222D10B6843F480730B6013
:10283000096801F480710591116841F0040111608B
:10284000116801F004010591116841F00201116065
:102850001168029401F0020105913221CDE90015C1
:10286000694600F057FC69461D48009623E01D4F5D
:10287000BB422CD10B6843F400730B60096801F470
:1028800000710591116841F004011160116801F0B7
:1028900004010591116841F0010111601168009671
:1028A00001F001010591CDE90154694600F032FCC7
:1028B0000D4869460095CDE9015400F02BFC00223B
:1028C0001146122000F09AFD122000F089FD07B099
:1028D000F0BD0000002001404438024000080240E2
:1028E000000402400021014000000240F8B50E46FD
:1028F00000210446009190F83C0013460A46012846
:1029000007D0012084F83C0020688568ED0702D0DC
:1029100011E00220F8BD856845F00105856040485A
:10292000404D0068B0FBF5F000EB400000E0401EB9
:1029300000900028FBD120688568ED0503D58568E7
:1029400025F48075856020688568ED075DD0226C70
:1029500040F20165AA4342F4807222644068400557
:1029600005D5206C20F4005040F480502064206C89
:10297000C00404D5606C20F00600606400E061646F
:1029800084F83C10A16B2948274DC863A16B2848E7
:102990000864A16B2748C86421686FF022000860B2
:1029A0002068416841F0806141602068816841F49D
:1029B00080718160216832464C31A06B00F04AFB87
:1029C000024668681C49C006206806D0884224D1A7
:1029D000816811F0405F13D01FE08842F8D0174B98
:1029E000984203D1D1F80433DB06F1D0144B98425E
:1029F00013D1D1F8041301F01F011029E8D30CE022
:102A0000816841F08041816007E0206C40F0100057
:102A10002064606C40F0010060641046F8BD000066
:102A20000C00002040420F0000230140071F000857
:102A30008B1F0008751F0008002001400021014085
:102A40000022014070B5040003D094F8200010B1BA
:102A500004E0012070BD204600F082F82068016883
:102A600041F00101016000F05BFC0546052604E031
:102A700000F056FC401B0A2811D820684068C007A7
:102A8000F6D02068016821F00201016000F048FCE6
:102A900005460BE000F044FC401B0A2806D9606A9A
:102AA00040F40030606284F82060D2E7206840681B
:102AB0008007EFD4207E0128206801683DD021F0F6
:102AC00080010160607E01282068016838D021F013
:102AD00040010160A07E01282068016833D021F008
:102AE00020010160E07E0128206801682ED041F0BD
:102AF00010010160207F01282068016829D021F0A1
:102B000008010160607F01282068016824D021F05D
:102B100004010160D4E902010843D4E9041211431D
:102B200008436168491E08432168C861002060624B
:102B3000012084F82000002070BD41F08001C0E732
:102B400041F04001C5E741F02001CAE721F0100142
:102B5000CFE741F00801D4E741F00401D9E70000D4
:102B600010B586B0044614216846FDF720FD1449CF
:102B70002068884221D113480021026842F0007287
:102B80000260006800F0007005900E48103802687E
:102B900042F001020260006800F0010005904FF46D
:102BA000C05000900220CDE90101032003900920CC
:102BB00004906946044800F0ADFA06B010BD00006C
:102BC00000640040403802400000024070B500B38D
:102BD000F9B14379012B1ED00126467102230371FE
:102BE00005682C6802F0100340F6FE729A40944388
:102BF000D1E900210A439A4022432A6001680A6809
:102C0000C0249C40A2430A6006710021417108461D
:102C100070BD012070BD022070BD70B5040003D0EE
:102C20002079002510B105E0012070BD65712046B6
:102C300000F008F802202071256101202071002099
:102C400070BD000010B586B0044614216846FDF73B
:102C5000AEFC1149206888421CD11048002102684E
:102C600042F000520260006800F0005005900B48EE
:102C70001038026842F001020260006800F00100B2
:102C80000590302000900320CDE9010169460448F9
:102C900000F040FA06B010BD007400404038024019
:102CA0000000024018B50024009440B10068009074
:102CB000104431B1143000900360002018BD012091
:102CC00018BD0830F7E770B508B34279012A20D063
:102CD00001224271022303710468266801F0100387
:102CE00002FA03F52E4326600029016813D00C6810
:102CF00004F470153C249C40A54203D14B6843F07A
:102D000002034B60027100214171084670BD012031
:102D100070BD022070BD0B68C3F383030F2BF1D18C
:102D20004B6843F00103ECE72DE9F0410446876D61
:102D300000F0F6FA064694F835000025022806D081
:102D40008020606584F834500120BDE8F08120685F
:102D5000016821F0160101602068416921F08001BD
:102D60004161206C08B9A06C20B12068016821F095
:102D7000080101602068016821F0010101600CE098
:102D800000F0CEFA801B052807D9202060650320BB
:102D900084F8350084F83450D7E720680068C0070D
:102DA000EED194F85C103F208840B860012084F890
:102DB000350084F834500020C7E790F83510022918
:102DC00003D08021416501207047052180F835102E
:102DD0000068016821F001010160002070470000D7
:102DE0002DE9F84304464FF00009CDF80090634800
:102DF0004FF41651A56D0068B0FBF1F72E6894F8FA
:102E00005C10082000FA01F131420FD021680A68F5
:102E100052070BD50A6822F004020A6094F85C108D
:102E20008840A860606D40F00100606594F85C1017
:102E30004FF0010808FA01F0304208D021684969D2
:102E4000090604D5A860606D40F00200606594F842
:102E50005C1004208840304208D021680968890746
:102E600004D5A860606D40F00400606594F85C10C3
:102E700010208840304218D021680968090714D50D
:102E8000A86020680168490304D50068000308D5DC
:102E9000A16C07E00168C90503D4016821F00801AD
:102EA0000160216C09B12046884794F85C1020200D
:102EB0008840304231D021680968C9062DD5A86004
:102EC00094F8350005282068016806D0490347D5E5
:102ED000006800031DD4616C1CE021F01601016044
:102EE0002068416921F080014161206C08B9A06C23
:102EF00020B12068016821F00801016094F85C109D
:102F00003F208840A86084F8358084F83490216D93
:102F10001FE0E16B09B120468847606D00282BD087
:102F2000606DC00714D0052084F835002068016862
:102F300021F0010101600098401C0090B84203D8C4
:102F400020680068C007F6D184F8358084F8349092
:102F5000E16C002910D001B02046BDE8F0430847DD
:102F60000168C905D5D4016821F01001016084F819
:102F7000358084F83490CCE7BDE8F8830C0000205D
:102F80002DE9F041044600F0CBF906465CB1022081
:102F900084F83500002584F834502068016821F059
:102FA000010101600DE00120BDE8F08100F0B8F9F9
:102FB000801B052805D920206065032084F8350092
:102FC000F2E720680068C007F0D122681168204845
:102FD0000140D4E901031843D4E9033633431843CD
:102FE00063691843A3691843E3691843236A1843C4
:102FF0000843616A042903D1D4E90B131943084338
:10300000106020684069666A20F0070130460E4370
:10301000012704280CD1A06A0643E06A40B120468B
:10302000FFF776F820B14020606584F83570BAE784
:10303000206846612046FFF757F894F85C203F214E
:1030400091408160656584F835700020ACE7000030
:103050003F8010F02DE9F0410446866D90F8340071
:10306000002501280DD0012084F8340094F8357033
:103070000020012F07D084F8340002252846BDE83F
:10308000F0810220FBE7022784F835706065204656
:10309000FFF768F894F85C103F208840B060206823
:1030A000016841F016010160206C20B120680168C0
:1030B00041F0080101602068016841F001010160F0
:1030C000DCE7000070B5044600F02AF90546601CF4
:1030D00002D004480078044400F022F9401BA042CA
:1030E000FAD370BD00000020B0F5007F03D1024983
:1030F0000020096848627047C4010020044910B5E7
:103100000A68024202D00860FFF7EEFF10BD00001F
:10311000143C01402DE9F84FDFF8BCA10022012545
:1031200003264FF00F090AF1040BAAF1040E00BFA9
:103130000B6805FA02F42340A34270D10F7907F01F
:103140000307012F01D0022F16D187684FEA4208EA
:1031500006FA08FC27EA0C07D1F80CC00CFA08FCA8
:103160004CEA070CC0F808C04768A7430C79C4F3C1
:10317000001494403C4344600C79E443A4070AD013
:10318000C4684FEA420C06FA0CF7BC438F6807FA92
:103190000CF72743C7600C7904F00304022C12D10A
:1031A000D40800EB840CDCF820405707FF0E09FA26
:1031B00007F824EA0804D1F8108008FA07F848EA6A
:1031C0000408CCF8208004684FEA420C06FA0CF799
:1031D000BC430F7907F0030707FA0CF72743076092
:1031E0004C6814F4403F70D03C4C276847F480474B
:1031F0002760246822F0030704F480440094384CCC
:1032000007EB040CDCF8084897074FEA177809FA2F
:1032100008F7BC43334FB84202D1002724E054E002
:10322000314FB84201D101271EE0304FB84201D1E1
:10323000022719E02E4FB84201D1032714E02D4F89
:10324000B84201D104270FE02B4FB84201D1052726
:103250000AE02A4FB84201D1062705E0284FB842BC
:1032600001D1072700E0082707FA08F72743CCF821
:103270000878DAF800405746D1F804C09C435FEA6A
:10328000CC2C00D51C433C60DBF800405F46D1F8F5
:1032900004C09C435FEA8C2C00D51C433C60DEF8E4
:1032A00000407746D1F804C09C435FEA8C3C00D5CF
:1032B0001C433C60084F083F3C68D1F804C09C4365
:1032C0005FEACC3C00D51C433C60521C102AFFF442
:1032D0002FAFBDE8F88F0000083C014044380240A1
:1032E000003001400000024000040240000802409B
:1032F000000C02400010024000140240001802407E
:10330000001C0240426921EA02030A4043EA0241EA
:10331000816170470AB1816170470904FBE70000D1
:103320000148806870470000000000200248816862
:103330000278114481607047000000200B4810B5EE
:10334000016841F400710160016841F4806101602D
:10335000016841F480710160032000F06FF80F20D4
:1033600000F006F800F024F8002010BD003C0240F8
:1033700070B50D4D04464FF47A712878B1FBF0F02A
:103380000A490968B1FBF0F000F00AFB48B9102CBB
:1033900007D200222146501E00F030F800206C6059
:1033A00070BD012070BD0000000000200C00002056
:1033B0000A4808B5016841F480410160006800F4E2
:1033C000804000900548001F016841F08051016075
:1033D000006800F08050009008BD000044380240B2
:1033E000002809DB00F01F02012191404009800004
:1033F00000F1E020C0F8001170470000F0B40E4B5F
:103400001B680C46C3F30223C3F10705042D00D942
:103410000425191D072901D2002300E0DB1E012627
:1034200006FA05F1491E214099409E40761E16403D
:103430003143F0BC01F0B2BF0CED00E0064900F0F2
:10344000070208684FF6FF03184040EA0220034ACB
:1034500010430860704700000CED00E00000FA0522
:103460002DE9F0470E46050065D0DFF81481D8F845
:103470000000F7B200F00700B04207D288F80070F1
:10348000D8F8000000F00700B04254D128683D4C45
:10349000810712D5400703D5206840F4E050206032
:1034A0002878000703D5206840F460402060206839
:1034B000A96820F0F000084320602878C0072DD0CC
:1034C000304968680839012812D0022813D003282F
:1034D00011D00968890700292DDA216821F003013C
:1034E00001432160FFF71CFF814641F2883A0EE05C
:1034F00009688903EFE709688901ECE7FFF710FF26
:10350000A0EB0901514502D90320BDE8F0872068EE
:10351000696800F00C00B0EB810FEFD1D8F8001013
:10352000404601F00701B14207D90770006800F07A
:103530000700B04201D00120E7E72878400705D511
:103540002068E96820F4E0500843206028780007EC
:1035500006D52068296920F4604040EAC100206057
:1035600000F038F82168084AC1F30311515CC840E3
:103570000649086006480068FFF7FAFE0020C4E725
:10358000003C02400838024082A100080C000020E4
:10359000040000200448054900680968044AC1F392
:1035A0008221515CC84070470C000020083802405E
:1035B00092A100080448054900680968044AC1F35B
:1035C0004231515CC84070470C000020083802406E
:1035D00092A10008154810B5006810F00C021448BC
:1035E00013D04110042A0FD0082A0ED10F4C241FEB
:1035F0002268236802F03F025B0207D52068C0F30F
:103600008810A0FB010106E0084610BD2168C1F347
:103610008811A1FB00010023FCF77CFE2168C1F3A7
:103620000141491C4900B0FBF1F010BD08380240CF
:103630000024F4002DE9F84F04006ED02078DFF864
:103640004C93C007A9F104054AD009F104000168B0
:10365000C1F38101012908D00068C0F3810002286C
:103660000AD1D9F80000400206D52868800337D572
:1036700060680028E1D033E06068B0F5803F10D08A
:10368000B0F5A02F286810D020F48030286028687A
:1036900020F4802028606068A8B1FFF741FE06464C
:1036A0000DE0286840F48030F4E740F48020286082
:1036B000F7E700BFFFF734FE801B642873D8286843
:1036C0008003F7D50CE0FFF72BFE064605E000BFB0
:1036D000FFF726FE801B6428F0D828688003F7D403
:1036E0002078DFF8AC8280074FF0000A3ED5A7486B
:1036F000001D016811F00C0F08D00068C0F38100B4
:1037000002280BD1D9F80000400207D428688007AE
:1037100016D5E068012800D112E033E1E068B8B1C5
:103720000120C8F80000FFF7FBFD064605E000BFDA
:10373000FFF7F6FD801B0228C0D828688007F7D560
:103740002868216920F0F80040EAC10028600DE0F7
:10375000C8F800A0FFF7E4FD064604E0FFF7E0FD2F
:10376000801B02281FD828688007F7D4207800071C
:1037700022D5864F87486169703771B10121016098
:10378000FFF7CEFD064604E0FFF7CAFD801B0228C6
:1037900009D838688007F7D50EE0C0F800A0FFF719
:1037A000BFFD064605E082E0FFF7BAFD801B022858
:1037B0007DD838688007F7D42078400768D5DFF8CF
:1037C000CCB100270BF13C0BDBF80000C0000BD4A0
:1037D000DBF8001041F08051CBF80010DBF800005E
:1037E000012700F0805000906B4E3068C00510D467
:1037F000306840F480703060FFF792FD009005E083
:10380000FFF78EFD0099401A022850D83068C00595
:10381000F6D55E4EA0686C3601280FD005283068BA
:1038200010D020F001003060306820F004003060DB
:10383000A068B8B1FFF774FD00900FE0306840F069
:103840000100F4E740F004003060F7E7FFF768FD9F
:103850000099411A41F28830814266D83068800769
:10386000F4D50EE0FFF75CFD009007E0FFF758FD90
:103870000099411A41F28830814256D83068800759
:10388000F4D42FB1DBF8001021F08051CBF80010F8
:10389000A069C8B33D49091D0968C1F38101022926
:1038A0004AD00228504607D0C8F8600000E03CE04B
:1038B000FFF736FD04463BE04746C8F86000FFF7D7
:1038C0002FFD064605E000BFFFF72AFD801B0228FA
:1038D0002BD828688001F7D4D4E907010843A16AEE
:1038E0002E4A490802EB0141626A41EA821108430B
:1038F00094F82C1040EA0161C9F8001001203866E4
:10390000FFF70EFD044606E03EE000BFFFF708FDAE
:10391000001B022809D828688001F7D534E000BFD1
:10392000FFF7FEFC001B022802D90320BDE8F88F38
:1039300028688001F4D427E00128F7D0D9F80000E6
:10394000E26900F4800191421CD1226A00F03F013B
:10395000914217D147F6C071626A0140B1EB821FF4
:1039600010D1A26A4FF0FF3300F4403103EB520252
:10397000B1EB024F06D194F82C1000F07060B0EB60
:10398000016F01D00120D1E70020CFE704380240C9
:1039900000004742800E4742007000400000FFFFD9
:1039A00010B5401EB0F1807F01D3012010BD4FF053
:1039B000E02460610F21601701F0F0FC0020A0619D
:1039C00007202061002010BD7047704710B590F8A7
:1039D0003C20012A22D0012280F83C20CA688C6851
:1039E00022F4407222434C6822F4806222430C6825
:1039F00022F4006222430C6922F4805222434C6973
:103A000022F400522243C969002322F480420A436F
:103A100001684A6480F83C30002010BD022010BDCF
:103A200070B590F83C20012A32D0012480F83C4047
:103A3000022280F83D2003685A689D6822F07006D3
:103A40000A6832435A60134B02689A4214D0B2F1AA
:103A5000804F11D0104B9A420ED0104B9A420BD08F
:103A60000F4B9A4208D00F4B9A4205D00E4B9A4208
:103A700002D00E4B9A4204D1496825F080031943C5
:103A8000916080F83D40002180F83C10084670BDF0
:103A9000022070BD0000014000040040000800400A
:103AA000000C0040000401400040014000180040AC
:103AB00010B50446022249B104290ED0082913D0BA
:103AC00094F84500012816D0012010BD94F842005A
:103AD0000128F9D184F842200FE094F8430001282E
:103AE000F2D184F8432008E094F844000128EBD197
:103AF00084F8442001E084F845200422206801F085
:103B0000F2F82068416C41F4004141641149206899
:103B1000884214D0B0F1804F11D00F4988420ED0A6
:103B20000E4988420BD00E49884208D00D49884280
:103B300005D00D49884202D00C49884204D18168E1
:103B400001F00701062903D0016841F0010101607D
:103B5000002010BD000001400004004000080040AB
:103B6000000C0040000401400040014000180040EB
:103B700010B5040003D094F83D0010B107E0012017
:103B800010BD002084F83C00204600F01FF8022001
:103B900084F83D00211D206801F030F8012084F8F0
:103BA000460084F83E0084F83F0084F8400084F822
:103BB000410084F8420084F8430084F8440084F80B
:103BC000450084F83D00002010BD000008B50068E5
:103BD000154988420FD11548016841F00101016083
:103BE0000068002200F00100009011461820FFF745
:103BF00005FC182012E00E49884213D10B48001F23
:103C0000016841F4807101600068002200F4807056
:103C1000009011462D20FFF7F1FB2D20BDE8084054
:103C2000FFF7DEBB08BD0000000001404438024041
:103C30000020004070B5044690F83C0000250128A3
:103C400017D0012684F83C60022084F83D002068EB
:103C5000826822F0770222F47F428260086850284E
:103C600038D00DDC20284FD005DC90B3102811D1BE
:103C70004AE0022070BD302846D040280AD13BE0FF
:103C800060282FD070280DD0B0F5805F03D0B0F53C
:103C9000005F12D0012584F83D60002084F83C00CC
:103CA000284670BDCB68D1E90121206801F028F8D1
:103CB0002068816841F0770109E0CB68D1E90121F2
:103CC000206801F01DF82068816841F4804181601E
:103CD000E1E719E0CA684968206801F0E5F8502179
:103CE000206806E0CA684968206801F0EEF86021A3
:103CF000206801F00FF8CEE7CA684968206801F033
:103D0000D3F840212068F4E7226801461046F0E726
:103D10002DE9F0410D46040003D094F83D0018B1A0
:103D200008E00120BDE8F081002084F83C00204636
:103D300000F040F8022084F83D002068816844F2D9
:103D4000070291438160211D206800F057FF22681F
:103D500090689169166A2B68AF69034340F203309B
:103D6000814341EA0721A868EF6908434FF6FC4107
:103D70008843E96840EA0720014328692F6A000167
:103D800040EA0730084369686D6926F0AA0646EAEA
:103D90000515294393602268906154F8460B01622F
:103DA000012004F81F09E0752076E0762077A075E1
:103DB0000020B7E770B586B0044614216846FCF7CA
:103DC000F6FB1E491C4E256800231C4A10390224AC
:103DD0001B48B54211D1156845F0020515601268FF
:103DE00002F0020205920A6842F002020A600968C3
:103DF00001F002010591302113E0124EB54218D1B5
:103E0000156845F004051560126802F00402059279
:103E10000A6842F002020A60096801F00201059195
:103E2000C0210091CDE90143CDE903346946FFF794
:103E300071F906B070BD0000000400404038024037
:103E4000000402400008004070B590F83E6004464F
:103E500090F83F5090F8423090F84320022021B172
:103E600004290ED0012E1BD114E0012E18D1012BF4
:103E700016D184F83E0084F8420001220021206817
:103E800020E0012D0CD1012A0AD184F83F0084F8EA
:103E9000430014E0012D03D1012B01D1012A01D0EF
:103EA000012070BD84F83E0084F83F0084F8420091
:103EB00084F8430001220021206800F007FF01225E
:103EC0000421206800F002FF2068016841F0010130
:103ED0000160002070BD70472DE9F0410446006884
:103EE000C66805694FF00007A90713D5B10711D5BA
:103EF000F91E016101202077206880698007204633
:103F000002D0FFF7E8FF04E000F0BEF8204600F022
:103F100050F92777680716D5700714D521686FF018
:103F200004000861022020772068806910F4407F37
:103F3000204602D0FFF7CFFF04E000F0A5F82046AE
:103F400000F037F92777280715D5300713D52168F2
:103F50006FF008000861042020772068C06980079E
:103F6000204602D0FFF7B7FF04E000F08DF82046AE
:103F700000F01FF92777E80616D5F00614D521685A
:103F80006FF010000861082020772068C06910F4E5
:103F9000407F204602D0FFF79EFF04E000F074F857
:103FA000204600F006F92777E80708D0F00706D08A
:103FB00021686FF001000861204600F05FF92806D3
:103FC00008D5300606D521686FF0800008612046CC
:103FD000FFF7FAFC680608D5700606D521686FF071
:103FE00040000861204600F04AF9A8060AD5B0064C
:103FF00008D521686FF0200008612046BDE8F04137
:10400000FFF7E3BCBDE8F08170B586B0044614212B
:104010006846FCF7CCFA18492068884229D117482D
:104020000024016841F002010160016801F0020111
:104030000591016841F0010101600068022500F06E
:10404000010005904FF460400090CDE90154012635
:10405000CDE9034669460A48FFF75CF84FF4E06093
:104060000090CDE90154CDE9034669460548FFF7C4
:1040700051F806B070BD0000000001403038024029
:104080000004024000000240704770B5044690F8FA
:104090003C0000260D4601280FD0012084F83C008A
:1040A0006AB1042A1DD0082A2FD00C2A3FD001263D
:1040B000002084F83C00304670BD022070BD2068AE
:1040C00000F030FE2068816941F0080181612068BC
:1040D000816921F004018161206881692A691143A5
:1040E00011E0206800F04EFE2068816941F4006113
:1040F00081612068816921F4806181612068816922
:104100002A6941EA02218161D2E7206800F070FE4D
:104110002068C16941F00801C1612068C16921F0CE
:104120000401C1612068C1692A69114311E0206856
:1041300000F092FE2068C16941F40061C16120680D
:10414000C16921F48061C1612068C1692A6941EABD
:104150000221C161ACE710B5040003D094F83D0022
:1041600010B107E0012010BD002084F83C0020467B
:1041700000F01EF8022084F83D00211D206800F0A8
:104180003DFD012084F8460084F83E0084F83F009D
:1041900084F8400084F8410084F8420084F8430029
:1041A00084F8440084F8450084F83D00002010BDE8
:1041B0007047704710B50446022249B104290ED059
:1041C000082913D094F84100012816D0012010BD11
:1041D00094F83E000128F9D184F83E200FE094F8CD
:1041E0003F000128F2D184F83F2008E094F8400015
:1041F0000128EBD184F8402001E084F8412001221D
:10420000206800F063FD16492068164A884201D0F4
:10421000904203D1436C43F40043436420688842D6
:1042200013D0B0F1804F10D00F4988420DD00F4904
:1042300088420AD00E49884207D0904205D00D49E5
:10424000884202D00C49884204D1816801F00701FC
:10425000062903D0016841F001010160002010BD72
:10426000000001400004014000040040000800403C
:10427000000C0040004001400018004070477047AB
:1042800070477047F8B5016804460868CA684B690A
:1042900010F00F0F4FF0000559D003F0010602F4A3
:1042A0009077374365D0C10705D0D10503D5616C40
:1042B00041F001016164410705D5D90703D0616C64
:1042C00041F002016164810705D5D90703D0616C13
:1042D00041F004016164010707D502F02001314378
:1042E00003D0616C41F008016164616C00293AD02F
:1042F000800604D5900602D5204600F0ABFE20686B
:104300004069616CC0F38010090700D460B3204697
:1043100000F06BFE20684069400621D5206814300B
:1043200050E8001F21F0400140E80012002AF5D1BA
:10433000E06BA8B172490165E06BFEF73EFD002815
:1043400011D0E06B016D01B0BDE8F0400847830675
:104350000FD593060DD52046BDE8F84000F07ABE93
:104360002046FFF78EFFF8BD2046FFF78AFF656401
:10437000F8BD266B2023012E7ED1C6067CD5D6063D
:104380007AD508684868009048694FF002064006F0
:104390004DD5E26B106840684FF480770004000C44
:1043A0003AD0A18D814237D9E085D069B8422DD06D
:1043B00020680C3050E8001F21F4807140E80012A2
:1043C000002AF5D12068143050E8001F21F00101C7
:1043D00040E80012002AF5D12068143050E8001F90
:1043E00021F0400140E80012002AF5D184F8423063
:1043F000256320680C3050E8001F21F0100140E8D0
:104400000012002AF5D1E06BFEF78EFC6663A08DEA
:10441000E18D401A81B206E0A18D8142A8D1D06918
:10442000B842A5D166632046FFF72AFFF8BDA08DEC
:10443000E18D401A81B2E08D0028F7D00029F5D037
:1044400020680C3050E8002F22F4907240E80027DA
:10445000002FF5D12068143050E8002F22F001021F
:1044600040E80027002FF5D184F84230256320680A
:104470000C3050E8002F00E006E022F0100240E887
:104480000023002BF3D1CDE705062BD5150629D542
:1044900094F841002128C9D1A068B0F5805F01D10E
:1044A0002069B0B1206A411C21622168007848600F
:1044B000E08C401E0004000CE084B7D12068C16885
:1044C00021F08001C1602068C16841F04001C160F5
:1044D000F8BD206A0088C0F308004860206A801C8C
:1044E0002062E5E74006F3D55006F1D5CA682046BC
:1044F00022F04002CA6084F8413000F0FFF8F8BDB5
:10450000EF4E000870B5040004D094F84100002577
:1045100010B106E0012070BD84F84050204600F044
:1045200023F8242084F841002068C16821F4005158
:10453000C160204600F0F0FD2068016921F490413F
:1045400001612068416921F02A0141612068C16848
:1045500041F40051C1606564202084F8410084F872
:1045600042006563002070BD70B586B00646142118
:104570006846FCF71CF823493068884240D122483D
:104580000025016841F400310160006800F400304A
:1045900005901D481038016841F001010160006874
:1045A000694600F0010005900C2000900220CDE942
:1045B000010503200390072004901448FEF7AAFD8C
:1045C000144C134820604FF00060C4E9010540140A
:1045D000C4E9035080106561C4E906502562204695
:1045E0006562FEF7CDFC08B1FDF7D5FDF46300224E
:1045F00011462620A663FEF701FF2620FEF7F0FEF7
:1046000006B070BD00440040403802400000024047
:1046100088600240E402002090F84230202B01D054
:104620000220704721B11AB10023036300F0FABDE4
:104630000120704700680349884201D103F00EBF92
:10464000704700000044004000680349884201D1DF
:1046500003F004BF70470000004400402DE9F84318
:10466000044690F84100984616460D46202802D090
:104670000220BDE8F88385B17EB10020606421206E
:1046800084F84100FEF74CFEA6848146E684A068CB
:104690002027B0F5805F02D003E00120E9E7206920
:1046A00010B12E4600250EE000260CE080212046A9
:1046B00000F008FEA8B9C6B116F8010B21684860E1
:1046C000E08C401EE084E08C4B464FF00002CDF8B9
:1046D00000800028EAD14FF04001204600F0F2FDB2
:1046E00040B184F841700320C3E735F8020BC0F3F2
:1046F0000800E3E784F841700020BAE77047FEE75E
:10470000F0B58DB00024089409940A9420216846DD
:104710000B94FBF74CFF2E4801252C4905614FF403
:1047200080368460C0E90016047680F8204029496C
:10473000C0E90A14C561C46080F830404561FEF7E5
:1047400035F808B172B6FEE70E270897CDE909548F
:1047500008A91F48FDF7EAFE08B172B6FEE7CDE9E9
:1047600000750425A8040294CDE906608DF8154073
:1047700004958DF81440694615480394FDF70EFD25
:1047800008B172B6FEE70F20009002200190694642
:104790000F48FDF703FD08B172B6FEE70820009050
:1047A0000320019069460A48FDF7F8FC08B172B68B
:1047B000FEE70B20CDE9000569460548FDF7EEFC54
:1047C000002801D072B6FEE70DB0F0BD0020014018
:1047D000B00000200100000F7FB5002415480094B0
:1047E000019402941249039401604FF48031C0E9AE
:1047F00001140461047680F820400F49C0E90A14CE
:104800000125C561C46080F830404561FDF7CEFFE9
:1048100008B172B6FEE70095CDE901546946054836
:10482000FDF784FE002801D072B6FEE77FBD0000D0
:1048300000210140F80000200100000F0C4810B5D5
:104840000A4901601021416000218160C16001615D
:104850004161017641768176C17601774177FEF735
:10486000F1F8002801D072B6FEE710BD00640040E8
:10487000400100202DE9F04186B014216846FBF785
:1048800096FE30480024016841F00401016001688F
:1048900001F004010591016841F0800101600168A7
:1048A00001F080010591016841F00101016001689A
:1048B00001F001010591016841F002010160006809
:1048C000214F00F002004FF40055059000222946C8
:1048D0003846FEF71FFDDFF87480AE000022314637
:1048E0004046FEF717FD00950125CDE901546946C4
:1048F00038460394FEF70EFCCDE90065CDE902547D
:1049000069464046FEF706FC2802CDE90004104D3A
:10491000694628460294FEF7FDFB681500904FF4A7
:104920008810CDE9010469462846FEF7F3FB002212
:1049300011461720FEF762FD1720FEF751FD06B065
:10494000BDE8F0813038024000080240000002401B
:104950000004024030B595B000240F9410941194D7
:10496000129413941C2168461494FBF720FE202116
:1049700007A8FBF71CFE39483749C0E9001420217D
:10498000816041F26701C0E903140121C0E9051407
:10499000FFF7EEF808B172B6FEE74FF480500F90C3
:1049A0000FA92E48FFF746F908B172B6FEE72B486B
:1049B000FFF7D1FB08B172B6FEE77025CDE91354BD
:1049C00013A92648FFF72CF808B172B6FEE760205D
:1049D000CDE90004022002900820CDE903040594EB
:1049E000002269461D480694FFF74FFB08B172B6D6
:1049F000FEE7042269461948FFF747FB08B172B683
:104A0000FEE7082269461548FFF73FFB08B172B67A
:104A1000FEE742F2CE000095CDE901040C22694682
:104A20000E48FFF732FB08B172B6FEE70794642028
:104A30000894CDE909404FF40050CDE90B4007A997
:104A400006480E94FEF7C2FF08B172B6FEE70348AF
:104A5000FFF7DAFA15B030BD000001407C010020FC
:104A600010B58CB024216846FBF7A1FD0024164840
:104A7000099414490A94C0E9001442F21071C0E983
:104A80000241046184610320CDE900040120CDE9E5
:104A900002040494CDE90540079469460A48089445
:104AA000FFF736F908B172B6FEE7099409A906487E
:104AB0000A94FEF7B5FF002801D072B6FEE70CB0ED
:104AC00010BD000000040040C401002010B58CB0EF
:104AD00024216846FBF76BFD00241548099413490F
:104AE0000A94C0E900144FF6FF71C0E90241046165
:104AF00084610120CDE90004CDE902040494CDE9EC
:104B00000540079469460A480894FFF701F908B17F
:104B100072B6FEE7099409A905480A94FEF780FFDA
:104B2000002801D072B6FEE70CB010BD00080040AE
:104B30000C020020FEE7FEE770477047FEF7F6BB69
:104B400030B593B030216846FBF731FD14210CA835
:104B5000FBF72DFD1D480025016841F080510160E3
:104B6000006800F0805011901948016841F48041BC
:104B700001600068022400F480401190012003903D
:104B800010200490009406940820CDE90750A82036
:104B9000CDE9090404200B906846FEF74BFD08B1EF
:104BA00072B6FEE70CA90F2081E831004FF4A05047
:104BB0000F904FF48050109005210CA8FEF750FC88
:104BC000002801D072B6FEE713B030BD4038024075
:104BD000007000400248016841F4700101607047B4
:104BE00088ED00E00148FFF777B900007C01002064
:104BF0000148FFF771B9000054020020F0B50268C7
:104C0000274B284D284E294F294C4FF0804C984275
:104C100009D0604507D0A84205D0B04203D0B842C1
:104C200001D0A04204D122F0700E4A6842EA0E027E
:104C300098421BD0604519D0A84217D0B04215D079
:104C4000B84213D0A04211D01A4DA8420ED01A4D2E
:104C5000A8420BD0194DA84208D0194DA84205D042
:104C6000184DA84202D0184DA84203D122F4407535
:104C7000CA682A434D6922F080022A438D68C562C2
:104C80000D688562984201D0A04201D10969016393
:104C9000016841F004010160012141610260F0BD41
:104CA000000001400004004000080040000C0040EB
:104CB0000004014000400140004401400048014020
:104CC00000180040001C00400020004010B501F01A
:104CD0001F030121046A99408C430462016A9A40CF
:104CE0001143016210BD10B501F00F030421046AE5
:104CF00099408C430462016A9A401143016210BDDD
:104D000010B5846842EA032224F47F440A43224314
:104D1000826010BD826822F070020A4342F00701EF
:104D200081607047F0B5036A026A22F001020262F4
:104D300042688469124E24F073050C682C4323F0FA
:104D400002058B682B430D4DA84201D0B04205D11E
:104D500023F00807CB683B4323F00403A84201D0AB
:104D6000B04205D14D6922F4407215438A692A4345
:104D700042608461496841630362F0BD0000014004
:104D800000040140F0B5026A036A23F010030362D5
:104D9000436884690D6824F4E64444EA05248D6878
:104DA00022F0200242EA05120F4D104EA84201D017
:104DB000B04206D1CF6822F0800242EA071222F008
:104DC0004002A84201D0B04207D14D6923F44063AC
:104DD00043EA85038D6943EA85034360846149683A
:104DE00081630262F0BD0000000001400004014048
:104DF000F0B5026A036A23F4807303624368C469EE
:104E000022F4007224F073050C68124E2C438D6856
:104E100042EA05220E4DA84201D0B04206D1CF6829
:104E200022F4006242EA072222F48062A84201D002
:104E3000B04207D14D6923F4405343EA05138D690D
:104E400043EA05134360C4614968C1630262F0BD6F
:104E5000000001400004014030B5046A026A22F4F7
:104E6000805202624268C3690D6823F4E64343EA54
:104E700005238D6824F4005444EA0534084DA84203
:104E800002D0084DA84204D14D6922F4804242EA82
:104E900085124260C36149680164046230BD00004C
:104EA000000001400004014010B5036A046A24F0C8
:104EB00001040462846924F0F00444EA021423F03B
:104EC0000A020A438461026210BD10B5036A046AD3
:104ED00024F010040462846923F0A00324F47044D5
:104EE00044EA023243EA01118261016210BD10B549
:104EF000806B0021C185FFF7C4F910BD70B5846BCC
:104F00002068406994F84110C0F3C01000252129A1
:104F100004D118B1E584204600F08EF8206840697D
:104F200094F84210C0F38010222904D118B1E5850D
:104F3000204600F05AF8606C40F010006064204693
:104F4000FFF79FF970BD10B50146806B09680968CD
:104F50004FF00002C9052ED4C28501680C3151E81A
:104F6000003F23F4807341E80034002CF5D1016840
:104F7000143151E8003F23F0010341E80034002CD4
:104F8000F5D10168143151E8003F23F0400341E8B6
:104F90000034002CF5D1202180F84210016B01294A
:104FA00009D101680C3151E8003F23F0100341E8BA
:104FB0000034002CF5D14263016B012902D0FFF7C8
:104FC00039FB10BD818DFFF75BF910BD10B5806B0B
:104FD00001214163016B012902D0FFF735FB10BDB0
:104FE000818D4908FFF74CF910BD01680C3151E87B
:104FF000002F22F4907241E80023002BF5D10168C4
:10500000143151E8002F22F0010241E80023002B67
:10501000F5D1016B012909D101680C3151E8002F4C
:1050200022F0100241E80023002BF5D1202180F866
:10503000421000210163704701680C3151E8002FD4
:1050400022F0C00241E80023002BF5D1202180F896
:105050004110704708B590F84210222901D0022073
:1050600008BD82684FF480539A4201D1016921B191
:10507000816A9A421BD04AB10AE00268816A52688A
:10508000C2F308020A80816A891C08E0026972B1D1
:105090000268526802F07F020A70816A491C8162CC
:1050A000C18D491E0904090CC18503D01BE00268AB
:1050B0005268F1E70168CA6822F02002CA600168FC
:1050C000CA6822F48072CA6001684A6922F001024B
:1050D0004A61202180F8421000214163026B012ABD
:1050E00003D0FFF7A7FA002008BD016301680C3167
:1050F00051E8002F22F0100241E80023002BF5D1E7
:1051000001680A68D20602D50A6849680091818D53
:10511000FFF7B6F8E7E7000070B5044600680169DC
:10512000E26821F44051114301612169A068E269FC
:1051300008436169114308432168CA6849F20C6356
:105140009A430243CA6020684169A26921F4407110
:105150001143416131492068884202D03049884278
:1051600002D1FEF727FA01E0FEF714FAE269002304
:10517000192164253226B2F5004F626828D0A0FBC1
:105180000101930F9200FBF7C5F80146B0FBF5F063
:105190006FF01802504301EB800006EB0010B0FBEB
:1051A000F5F000F0F002B1FBF5F002EB0012B1FBFC
:1051B000F5F06FF01803584301EB800006EB001088
:1051C000B0FBF5F000F00F0021681044886070BD5E
:1051D000A0FB010192185B41FBF79CF80146B0FB74
:1051E000F5F00201B1FBF5F06FF01803584301EB45
:1051F000800006EBC000B0FBF5F000F0F80002EB19
:105200004002B1FBF5F0584301EB800006EBC00013
:10521000B0FBF5F000F00700D6E7000000100140F9
:105220000014014038B5816204468285002013468F
:105230006064222284F84220E56B1F4AEA63E56B32
:105240001E4A2A64E56B1E4AEA64E26B10650A4650
:105250002168E06B091DFDF7FDFE30B11020606490
:10526000202084F84200012038BD20680168406891
:105270000090206948B120680C3050E8001F41F4CC
:10528000807140E80012002AF5D12068143050E8FF
:10529000001F41F0010140E80012002AF5D120680A
:1052A000143050E8001F41F0400140E80012002A8D
:1052B000F5D1002038BD0000474F0008CD4F000851
:1052C000FD4E00082DE9F843984617460D46044662
:1052D000089E24E0701C22D0FEF722F8A0EB080004
:1052E000B0421AD8CEB12068C168490717D5802DC1
:1052F00015D0402D13D00168C94309070FD40168A8
:105300000025406800902046FFF76FFE082060648B
:1053100084F840500120BDE8F8830320FBE72068B3
:10532000006835EA000004D00020B842D2D0002046
:10533000F1E70120F9E700000148FEF7A3BF0000F4
:105340009C020020FEE703B401984100009850EA57
:10535000C12018BF04204A0D18BF40F0010040F2E0
:10536000FF72B2EB515F08BF40F00200012808BF96
:10537000052002B070474100080218BF04200A0E41
:1053800018BF40F001004FF07F4232EA010108BF30
:1053900040F00200012808BF052070470907090EE8
:1053A000002804DB00F1E02080F80014704700F0D2
:1053B0000F0000F1E02080F8141D704710EE100A75
:1053C00010B510EE901A4FF0684202EB40032DED3D
:1053D000028BB3F1654F3CBF02EB4102B2F1654F66
:1053E0007CD200BFC0F3C753C1F3C7529A1A1B2A1D
:1053F00009DD10F0004F14BF9FED6E0A9FED6E0A9D
:10540000BDEC028B10BD12F11A0F1BDA11F0004F28
:1054100009D010F0004F0CBF9FED680A9FED680A9D
:10542000BDEC028B10BD80EE208A18EE100AFFF74B
:10543000A2FF042808BF00F043FBB0EE480ABDEC11
:10544000028B10BD4200B2EB410F37D910F0004F74
:1054500019BFDFED5C1A9FED5C1ADFED5C1A9FED62
:105460005C1AB0EE602A0A46F1EE400A80F0004174
:10547000B0EE420A10460A1A5200B2F1807F34D2CE
:10548000484010F0004FDFED532A9FED533A1DBF07
:10549000BEEE002A71EEE21A31EE431AB6EE002A91
:1054A00004BF71EEA21A31EE031AF0EE402A42EE6A
:1054B000602A40EE020A82EEA02A18E011F0004FA6
:1054C00004BF9FED461AF0EE411AD4D010F0004F01
:1054D0001CBFDFED431A9FED431A00E026E004BF36
:1054E000DFED411A9FED411AC5E780EE202A22EE3A
:1054F000020ADFED3F0ADFED3F2ABDEC028B40EEF2
:10550000202ADFED3D0A40EE220ADFED3C2A40EE84
:10551000202ADFED3B0A40EE220A22EE000A00EECE
:10552000201A31EE020A30EE210A10BD4FF07F4200
:10553000B2EB400F28BFB2EB410F05D2BDEC028B9E
:10554000BDE8104000F0B1BA40EA01035B0008BFBB
:1055500041F0FF410BD0B2EB400F08BFB2EB410F5F
:1055600008D120F0804000EE100A21F0804100EECA
:10557000901A37E7B2EB400F12BF5FEA410240F0EA
:10558000FF4001F000413FF42DAF4A0092EA400392
:105590003FF528AF002AACBF9FED1A1A9FED1A1AEB
:1055A00020EE010A60EE810A10EE100A10EE901A49
:1055B00018E70000DB0FC9BFDB0FC93FDB0F494015
:1055C000DB0F49C00000C9BF22AAFDB90000C93FD6
:1055D00022AAFD390060ED3EC30ACE37000000006C
:1055E000000049C022AA7DBA0000494022AA7D3AA3
:1055F0002DAD65BD8FB8D53D0FB511BE61C84C3E10
:10560000A8AAAABE0000804F0000802F10EE101A3A
:1056100008B5444A6846B2EB410F28D94FF0E6403E
:10562000B0EB410F94BF00204FF0FF300090009886
:10563000002861DB60EE000A10F0010F45D010F089
:10564000020FDFED391A9FED391A00EEE11ADFED96
:10565000381A40EE811A21EEA01AF0EE400A40EE10
:10566000010A08BFF1EE600AB0EE600A08BD314BD6
:1056700021F0004293423CD911F0004FDFED2E0A99
:1056800020EE201ADFED2D0A19BF31EE601A71EEFF
:10569000200A31EE201A71EE600ABDEEE01A11EE1A
:1056A000100A9FED271A00F0030000EEC10A9FEDDB
:1056B000251A009000EEC10A9FED231A00EEC10AE0
:1056C0009FED221A00EEC10AB1E79FED211A9FED6E
:1056D000210A10F0020F00EE810A9FED1F1A00EE62
:1056E000801AB7EE000A00EE810A18BFB1EE400A38
:1056F00008BD00F0EDF99AE710EE100A4000B0F195
:105700007F4F3CBFB7EE000A08BD07D14FF0010044
:10571000FAF7C3FFBDE8084000F0CAB9BDE8084089
:1057200000F0C0B9B61F927E336D4C39DA82083C66
:10573000A0AA2ABE490E494683F9223F0000004B29
:105740000000C93F00A0FD390020A2331A61342CAB
:10575000B93AB2BACA9F2A3DDDFFFFBE00B510EECE
:10576000101A2DED028B81B0524A6846B2EB410F00
:105770002ED94FF0E640B0EB410F94BF00204FF020
:10578000FF3000900098B0EE408A00286ADB10F0ED
:10579000010F4BD068EE080A9FED471A9FED470AAC
:1057A00000EE810A9FED461A10F0020F00EE801AFB
:1057B000B7EE000A00EE810A02BF01B0BDEC028B19
:1057C00000BD00BF01B0B1EE400ABDEC028B00BDD0
:1057D0003C4B21F00042934241D911F0004FDFEDE4
:1057E0003A0A20EE201ADFED390A19BF31EE601AAD
:1057F00071EE200A31EE201A71EE600ABDEEE01A59
:1058000011EE100A9FED321A00F0030000EEC10AFB
:105810009FED301A009000EEC10A9FED2F1A00EEA6
:10582000C10A9FED2E1A00EEC10AABE728EE080A66
:105830009FED2B1ADFED2B0A10F0020F40EE410A0C
:105840009FED291A00EE201A61EE000AB0EE480A18
:1058500008EE200AB6D101B0BDEC028B00BD00F00D
:1058600037F98FE718EE100A4000B0F17F4F0DD2E4
:1058700018EE100AFFF77FFD042808BF00F020F99A
:10588000B0EE480A01B0BDEC028B00BD09D1012089
:10589000FAF703FF01B0BDEC028B5DF804EB00F0FA
:1058A00007B901B0B0EE480ABDEC028B5DF804EB1D
:1058B00000F0F8B8B61F927EB93AB2BACA9F2A3D34
:1058C000DDFFFFBE490E494683F9223F0000004B31
:1058D0000000C93F00A0FD390020A2331A61342C1A
:1058E000336D4C39DA82083CA0AA2ABE10B52DEDE2
:1058F000028BB1EEC08A18EE100A20F00040C0F111
:10590000FF40C00F0AD010EE100A20F00040C0F196
:10591000FF40C00F04BF0120FAF7BFFEB0EE480AF7
:10592000BDEC028B10BD000000B510EE101A2DED7D
:10593000028B81B04D4A6846B2EB410F3CD94FF023
:10594000E640B0EB410F94BF00204FF0FF300090D5
:105950000098B0EE408A00285FDB28EE080ADFEDF1
:10596000440A9FED441A00EE201ADFED430A40EE90
:10597000010A9FED421A00EE201ADFED410A10F0F5
:10598000010F40EE010A9FED3F1A00EE201A61EE72
:10599000000AB0EE480A08EE200A02BF01B0BDECD2
:1059A000028B00BDBFEE001A01B0C1EE000ABDECD3
:1059B000028BB0EE600A00BD334B21F000429342EF
:1059C00028D911F0004FDFED310A20EE201ADFED6B
:1059D000300A19BF31EE601A71EE200A31EE201A3A
:1059E00071EE600ABDEEE01A11EE100A9FED291A61
:1059F00000F0030000EEC10A9FED271A009000EEB0
:105A0000C10A9FED261A00EEC10A9FED251A00EE8D
:105A1000C10A9DE700F05CF89AE718EE100A400012
:105A2000B0F17F4F0DD218EE100AFFF7A4FC042846
:105A300008BF00F045F8B0EE480A01B0BDEC028B9B
:105A400000BD09D10120FAF728FE01B0BDEC028BA0
:105A50005DF804EB00F02CB801B0B0EE480ABDECE4
:105A6000028B5DF804EB00F01DB80000B61F927EBB
:105A7000BBE9223C0C6D063B8A76CE3CACB5593D69
:105A800035A1083E29AAAA3E490E494683F9223F7C
:105A90000000004B0000C93F00A0FD390020A233E8
:105AA0001A61342C30EE000A704730EE200A70473D
:105AB000DFED020A80EEA00A70470000000000003F
:105AC0009FED020A20EE000A70470000000000105F
:105AD0002DE9F0014FF07F42B2EB410F9FBF4FF035
:105AE000FF310160BDE8F00170474FF0004242EA2B
:105AF0000123C1F3C752783A551112F01F0C434CE1
:105B0000CCF120067C44C1F3C752A2F178024FEADF
:105B1000621204EB820254F8254008BFD2E9015614
:105B200012D0556804FA0CF425FA06F73C4397683E
:105B300005FA0CF527FA06F8D26807FA0CFCF240D1
:105B400045EA08054CEA0206A4FB034CA5FB0352F8
:105B5000A6FB03631D449D4234BF01260026131992
:105B6000334416B1934202D903E0934201D2012299
:105B700000E00022624402F1200C9206DC0C42EAB2
:105B8000443200EE102A5B03DFED210AF8EEC01A62
:105B900000EE103A4FEA9C1C11F0004FB8EE400A9C
:105BA000C0F800C020EE201A00EE105ADFED190AEE
:105BB000B8EE400A20EE200A71EE810A70EE800AEB
:105BC00010EE902A02F500626FF30B0200EE902AAD
:105BD00070EEE11A31EEC11ADFED101A30EE411A03
:105BE0009FED0D0A20EE800A01EE210A9FED0C1AAE
:105BF00000EE810A04BFBDE8F0017047CCF180518E
:105C00000160BDE8F001B1EE400A7047E8490000CC
:105C1000000000360000802C22AAFD29DB0FC92FCE
:105C20000000C92F10B5C169044651B1884784F8F6
:105C30002400012807DB2046BDE81040072100F0C2
:105C40002DB9FAF7F1FB10BD30380A2801D2012036
:105C500070470020704710B5C168044659B18847A5
:105C6000002284F82400002807DA20462263BDE8D9
:105C7000104000F004B9FAF7D7FB6179012913D07D
:105C8000012816DB032901D0042915D1206B18B98E
:105C9000206DE06401202063D4E9131002F032FD8E
:105CA000616C814208D803212046BDE8104000F015
:105CB000F5B8002800D1226310BD10B581680446F4
:105CC00049B1884784F82400002806DA2046BDE858
:105CD000104000F0D4B8FAF7A7FB012819DB60796F
:105CE000022803D0032801D0042815D1206B18B94D
:105CF000206DE06401202063D4E9131002F002FD5E
:105D0000216C814208D82046BDE81040022100F0F5
:105D1000C5B8002800D1206310BD10B50169044644
:105D200049B1884784F82400002806DA2046BDE8F7
:105D3000104000F0A4B8FAF777FB6179012913D07D
:105D4000022911D0012814DB042915D1206B18B9C0
:105D5000206DE06401202063D4E9131002F0D2FC2E
:105D6000A16C814208D804212046BDE8104000F013
:105D700095B8002800D1206310BD70B504007AD01A
:105D800002F0DDFB2065E16A2068012669B180B27E
:105D9000024602F0B7FB6071E06A30B1C2F3C01096
:105DA00010B1616D01B9A66260652079082864D2DE
:105DB000DFE800F004060A0E12314146012126E018
:105DC0002046FFF77AFF4FE02046FFF744FF4BE005
:105DD0002046FFF7A2FF47E0616981B3204688476C
:105DE000214684F8240000281EDB60790128E5D0D4
:105DF000022802D0032802D005E0022107E0032197
:105E0000204600F04BF8607905282DD10521204669
:105E100000F044F828E0A16989B12046884721466E
:105E200084F82400002803DA084600F028F81BE074
:105E30000128C3DA18E02046FFF7F4FE14E01AE068
:105E4000216AC1B12046884784F824000025657185
:105E5000A06A48B12671256302F071FB6063204699
:105E6000A56300F038F8A562204600F034F8A06B76
:105E7000401CA06370BDFAF7D7FA2046D5E710B5ED
:105E800004460020A0622063062020712046FFF710
:105E9000C9FE2046BDE8104000F01DB870B50446AC
:105EA00000790025884205D0072813D0062803D0A2
:105EB000217105E006280DD106290BD0072020719D
:105EC000256302F03CFBC4E90D052046BDE87040A7
:105ED00000F001B870BD10B568B14188027921F0B9
:105EE0006F0141F02001082A1ED2DFE802F0060906
:105EF0000C0F1215181BFAF797FA21F0200113E086
:105F000041F0400110E041F001010DE041F00301DA
:105F10000AE041F0070107E021F02001F9E741F034
:105F20000801F6E741F00801418010BD70B5124844
:105F300000F06EF9114C04F10C0000F015FA04F1B8
:105F40003C0000F011FA9FED0E0A002584ED1B0ABB
:105F5000A56784ED240A04F1D40000F1740480EDF7
:105F60000A0A2561656104F12C00A56102F0B6F909
:105F700025876587A58770BD100500207407002060
:105F80000000000030B5DDE9034580E83E0030BD8B
:105F900000F040B810B504002DED028B86B006D09D
:105FA00094ED000AB5EEC00AF1EE10FA01DCFAF742
:105FB0003BFAB7EE082AF0EE081A82EE001AB7EEA6
:105FC000003A6846C0EE210A21EE212ADFED101AC0
:105FD00062EE212A83EE222AC4ED0B0AC4ED0C0ADC
:105FE00084ED0D2A62EE211A21EE818A00F0A8FFCD
:105FF000D4ED0D0A94ED000A684600F043FC38EE3B
:10600000000A84ED0E0A06B0BDEC028B10BD000044
:10601000DB0FC94010B50446FFF7BCFF94ED032A1F
:10602000B5EEC02AF1EE10FA0DDDD4ED081AF5EE4A
:10603000C01AF1EE10FA06DD94ED091AB5EEC01A99
:10604000F1EE10FA01DCFAF7EFF994ED0D0ADFED4D
:106050000F0AD4ED042A20EE200AC2EE820A61EE75
:10606000801A61EEA01AC4ED0F1AD4ED0A1A61EE7F
:10607000801A21EE000A61EEA01A20EE200AC4ED7B
:10608000101A84ED110AC4ED121A10BDDB0FC940BD
:10609000B5EEC00A10B5F1EE10FA01D1FAF7C4F965
:1060A00080EE801AB0EE410A10BD01207047012039
:1060B000704701207047000000219FED040AC16273
:1060C00080ED000A8163416370470000000000001A
:1060D0009FED060A80ED090A80ED000A80ED010AB5
:1060E00080ED020A80ED030A704700000000000006
:1060F0009FED040A80ED050A80ED000A80ED010A9B
:1061000070470000000000009FED040A80ED050AC2
:1061100080ED000A80ED010A7047000000000000D9
:106120009FED040A80ED050A80ED000A80ED010A6A
:10613000704700000000000070B504462DED028B92
:10614000A830FFF7E1FF04F1C000FFF7DDFF04F125
:10615000D800FFF7D9FF04F1F000FFF7D5FF04F5F1
:106160008475284600F0F0F805F1300000F0ECF8F6
:106170009FED268A04F1400085ED188A85ED198A85
:1061800085ED1A8A85ED1B8A85ED1C8A85ED1D8AB1
:1061900085ED1E8A85ED1F8A84ED6D8A84ED6E8AF9
:1061A00084ED728A84ED738A84ED068A84ED078A11
:1061B00002F088F804F1540002F084F804F1600061
:1061C00002F080F884ED1B8A84ED1C8A84ED1D8A20
:1061D00084ED1E8A04F17C0002F074F884ED228ABA
:1061E00084ED238A84ED248A84ED258A04F19C00C1
:1061F00002F068F804F1200002F064F884ED0F8AE0
:1062000000202060BDEC028B70BD0000000000008B
:1062100070B504462DED028BA830FFF781FF04F125
:10622000C000FFF77DFF04F1D800FFF779FF04F10C
:10623000F000FFF775FF04F58475284600F094F828
:1062400005F1300000F090F89FED268A04F140003F
:1062500085ED188A85ED198A85ED1A8A85ED1B8AE8
:1062600085ED1C8A85ED1D8A85ED1E8A85ED1F8AC8
:1062700084ED6D8A84ED6E8A84ED728A84ED738A72
:1062800084ED068A84ED078A02F028F804F15400B0
:1062900002F024F804F1600002F020F884ED1B8A7B
:1062A00084ED1C8A84ED1D8A84ED1E8A04F17C0035
:1062B00002F014F884ED228A84ED238A84ED248A86
:1062C00084ED258A04F19C0002F008F804F1200016
:1062D00002F004F884ED0F8A00202060BDEC028BF0
:1062E00070BD0000000000009FED060A80ED0B0A63
:1062F00080ED070A80ED080A80ED090A80ED0A0AA0
:1063000070470000000000009FED060A80ED0B0AB8
:1063100080ED070A80ED080A80ED090A80ED0A0A7F
:1063200070470000000000009FED060A80ED0B0A98
:1063300080ED070A80ED080A80ED090A80ED0A0A5F
:1063400070470000000000009FED060A80ED0B0A78
:1063500080ED070A80ED080A80ED090A80ED0A0A3F
:1063600070470000000000009FED060A80ED0B0A58
:1063700080ED070A80ED080A80ED090A80ED0A0A1F
:10638000704700000000000070B515460446002963
:106390001AD021836068B0FBF1F0E061114604F18E
:1063A000080000F09FFC0020206294ED040AB5EE86
:1063B000C00AF1EE10FA07DD00EE905AF8EE600A1E
:1063C00080EE801A84ED051A70BD000090ED000A81
:1063D00090ED011ADFED1D1AFEEE000A60EE200AB4
:1063E00021EE211A30EE812A30EEC11AB4EEC20A33
:1063F000F1EE10FA04DDF0EE401AF0EE420A03E08E
:10640000F0EE421AF0EE400AB4EEE11AF1EE10FAA4
:1064100002DDF0EE411A06E0B4EEE01AF1EE10FAF9
:1064200001D2F0EE410A71EEA00AF6EE001A60EE1B
:10643000A10A30EE600A81ED000A32EE600A81EDB9
:10644000010A31EE600A81ED020A7047D7B35D3F61
:1064500070477047704700F0EFB900005B4810B517
:10646000006840B35A48016807290FD0016806291F
:106470000FD00168052915DC0168032912DB554995
:10648000006801EB800010ED030A06E051489030EF
:1064900001E05048783090ED000ABDE810404E48C9
:1064A00001F0AEB9016802297EDC4A4900683C313E
:1064B00001EB8000EFE7494C94ED030AD4ED0A0AA2
:1064C00094ED0C1A30EE600AD4ED0B0A03F0D1F90A
:1064D000D4ED0A0A30EE800A84ED0A0A84ED040A3B
:1064E000D4ED050A20EE200A84ED090AD4ED080A4D
:1064F00070EE800AC4ED080A94ED070AF4EEC00AB3
:10650000F1EE10FA03DDD4ED060AC4ED080A94EDAD
:10651000061AF4EEC10AF1EE10FA02D3B0EE600AE8
:1065200001E084ED080A2E4884ED010A84ED000A9A
:1065300081690022491C8161C36999422CD382611F
:10654000416890ED020AF7EE001A91ED001A31EE63
:10655000400A10EE101AB1F13F4F02D930EE210A75
:1065600006E010EE101AB1F17C5F01DD30EE610A39
:10657000D0ED030A90ED042A60EE800A71EEC21A93
:1065800090ED050A20EE210A00EE820A80ED050A50
:1065900080ED000A80ED021A124801F0B1FB1148AB
:1065A000114990ED080A00E00EE081ED000A90ED3F
:1065B000090A81ED010A90ED0A0A084681ED020AF6
:1065C000BDE8104001F05ABD10BD00002C000020B5
:1065D00030000020D00300204C0900204808002093
:1065E0009C08002010050020BC08002010B50028E1
:1065F00004D072B600F004F862B6012010BD0000AD
:106600009FED150A002180ED160A0166416690F89B
:10661000B42080F8502090ED300A80ED150AB0F8D3
:10662000BC20D0F89C30521CB3FBF2F2D0F8B8304A
:1066300053434FF47A72B3FBF2F202B9012240F8ED
:106640005C2FC160016381618164C164A0F8621044
:1066500080F86810704700000000000010B558B1C5
:1066600051B10A68042A07DCC48E4B68A34203DADE
:106670000B89B3F57A7F01D9002010BD72B680F87E
:10668000B4204A68C0F8B0200A8920F8AC2F91EDF8
:10669000030A80ED050A0A69C260898A0182002125
:1066A000418262B6012010BD002805D011B1D0F89A
:1066B000A0200A6090F8C400704700009FED080A0F
:1066C000002180ED0A0A80ED010A80ED020A80EDCA
:1066D000030A80ED040AC1628163012141637047AE
:1066E00000000000704770477047000010B500219F
:1066F0001248FDF75FFD04211048FDF75BFD0821FE
:106700000E48FDF757FD00210C48FDF7D1F9042193
:106710000A48FDF7CDF908210848FDF7C9F90748EF
:106720000068016A40F25552114301620122BDE83E
:106730001040D1030248FCF7EDBD00007C010020B1
:106740000000024070B5354C2068002864D0344801
:106750000025D0E90B1291425CD9806BA8B3606828
:106760002F49072891ED0A0A1DD06068062844D0F9
:10677000606805282ADC6068032827DB29486168EF
:1067800000EB8101D1ED060A616880EE201A00EB72
:10679000810191ED030A616831EE000A00EB81008E
:1067A00080ED030A29E0204890ED051AC0EE010AA9
:1067B00090ED040A30EE800A80ED040A6068401C07
:1067C00060602560FFF7B2FB20E023E060680228EC
:1067D0001CDC1648616800EB810191ED091A6168C3
:1067E000C0EE010A00EB810191ED060A616830EE0E
:1067F000800A00EB810080ED060A6068401C606042
:106800000748FFF759FC0648FFF758FF60680D2856
:1068100000DD2560002070BD012070BD2C0000202F
:106820004C090020D0030020600400200C0400204C
:10683000012070470120704706480068016A40F255
:1068400055529143016200224FF400410248FCF787
:1068500061BD00007C010020000002400120704763
:10686000F5EEC00A10B5F1EE10FA04D0B5EEC01A7C
:10687000F1EE10FA01D1F9F7D7FDC0EE201A81EE42
:10688000810A10BD9FED1C1A10B560EE810A2DED36
:10689000048B044680EE808AB0EE480AFEF7B6FE0E
:1068A000F0EE408AB0EE480AFEF758FFD4ED030A36
:1068B000D4ED041AB0EE401A94ED022A41EEA80A73
:1068C00061EEC11AB7EE008A02EE288A62EE418AB2
:1068D000B0EE610AFEF772FDB0EE409AF0EE480AA3
:1068E000B0EE680AFEF76AFDF0EE400A30EEC90A23
:1068F000BDEC048B10BD0000DB0FC94030B52DEDA1
:10690000028B83B0FFF798FFDFED748A744CC4EDFF
:10691000008A9FED740A84ED030AB2EE040A84ED46
:10692000040ADFED710AC4ED010A84ED020A9FED4D
:106930006F0A84ED050AB0EE080A84ED060AB1EE8E
:10694000000A84ED070A9FED6A0A84ED080A84EDC7
:10695000090A9FED680A204684ED0A0AFFF718FB32
:106960002146A1F5007000F021FB9FED630AA4F51C
:106970000070F0EE400A00F0FDFEDFED600A9FEDD2
:10698000600AA4F5E073642241F2670103F55B70CD
:1069900000F000FED4ED071AB0EE682AB0EE081A37
:1069A000F3EE040AB3EE040A04F59C7000F04CF90F
:1069B00004F1F800B1EE040AC0ED008A80ED0E0A81
:1069C000B7EE008A80ED0F8A80ED0C0A80ED0D8A0B
:1069D00080ED078A80ED088A9FED4A0A052180ED47
:1069E000090A41600146943800F042FC94ED070A20
:1069F00042F21072BCEEC00A10EE100A81B204F529
:106A0000B67000F0BBF89FED400A04F5B670014681
:106A100080ED040AB3EE041ADFED3C0A0522B0EE65
:106A2000680A203000F07CFD04F59C73A3F54E70DD
:106A30003749051D374A03F1540485E81E00D43B4D
:106A400000F55B712246C3E9001200259FED320A72
:106A5000C0F8E85180ED0D0A80ED0E0A583802F0BA
:106A6000B9FDA4F5797164208864B0EE680A01F577
:106A7000896000F073FC64349FED280AA4F57173FB
:106A800084ED070A9FED260A03F1340284ED080A1B
:106A900084ED098A0095A2F1240120460195FFF7B3
:106AA00071FA0820A061B0EE681ADFED1E0AB3EE9D
:106AB000040A04F14C0000F039F81B480068002873
:106AC00008D003B004F14C00BDEC028BBDE83040AF
:106AD000FFF7F4BD03B0BDEC028B30BD00409C4617
:106AE0001007002089C038420000A042000048433F
:106AF000FAEDEB39C3F5283ED7B35D3E0AD7A33B89
:106B00000AD7A33C9A99993E0C93A93C00803B4537
:106B10000C04002048040020000000009A99993FCE
:106B2000CDCC4C3EF4FD343F2C000020F0EE411A59
:106B3000B0EE601AF2EE040A70B560EE200A044668
:106B4000001DFCEEE00A10EE905AF0EE400AB0EEA6
:106B5000610A00F023F84FF47A70854201D9256369
:106B600000E0206300209FED040AE06284ED000A4B
:106B7000A063606370BD0000000000009FED060A86
:106B8000002380ED000A80ED010A836080ED040A95
:106B90008182C261704700000000000010B5B5EEB0
:106BA000C00A2DED048BF0EE418AF1EE10FA044696
:106BB00004DDF5EEC08AF1EE10FA01DCF9F734FCE1
:106BC0009FED201A60EE810A80EE809AB0EE490AAD
:106BD000FEF71CFDB0EE408AB0EE490AFEF7BEFD9E
:106BE000F0EE000AB7EE001A68EEA00A31EE482A6D
:106BF0002046C0EE201A31EE810AC1EE000AB6EE40
:106C0000000A22EE000A20EE200A22EE202A84ED5D
:106C1000060A84ED072A84ED080AB8EE000A28EE79
:106C2000000A20EE200A84ED040A31EE610A20EE0B
:106C3000200A84ED050ABDEC048BBDE81040FFF787
:106C400047BA0000DB0FC94010B504462DED068B96
:106C5000B0EE40AAF0EE609AB0EE429A9FED1D0AA7
:106C6000DFED1D0A1D4921EE000A20EE210A80EE0B
:106C7000208A18EE100A884201DAB7EE008ADFEDAA
:106C8000188AB7EE001AC4ED018AC4ED008AF0EE4E
:106C9000681AF0EE680AB0EE490A04F1180000F034
:106CA000F7FB88EE090AB0EE491A04F1280084EDDA
:106CB000050A8AEE080A84ED030A89EE880AF1EED5
:106CC000400A00F013FCC4ED0A8AC4ED048ABDEC4E
:106CD000068B10BD00007A4400007042CDCCCC3D44
:106CE000000000000022C0E90021704770B50400D8
:106CF0002DED048BF0EE428AB0EE619AF0EE419AEF
:106D000004D0F5EEC08AF1EE10FA01DCF9F78CFB45
:106D10009FED218AF0EE681AB0EE481A00F074FB7D
:106D200004F13000F0EE681AB0EE481AF0EE490AAD
:106D3000B0EE690A054600F067FBB7EE000A84ED85
:106D4000200A84ED210A84ED220ABFEE000A84EDB8
:106D5000230A84ED240A0020C4F89400C4F89800A3
:106D60000120C4F89C002046FFF7CEFA2846FFF722
:106D7000CBFA84ED188A84ED198A84ED1A8A84EDA1
:106D80001B8A84ED1C8A84ED1D8A84ED1E8A84EDA5
:106D90001F8ABDEC048B70BD000000002DE9F0439C
:106DA00004002DED028B81B0DDE90B060A9F0D9DDD
:106DB00071D000296FD0002F6DD000286BD0002E2D
:106DC00069D0002D67D0C4F89070C4F89C50C4E915
:106DD00025064FF00009C4F8A0904FF4FA7CA4F8FF
:106DE000ACC0C4F8B0904FF0010C84F8B4C04FF4BC
:106DF0007A78C4F8B880A4F8BC90A4F8BE909FED4F
:106E0000288A84ED308A03B926A3A3623001C4E93D
:106E10000B70072084F8340084F835C00420E08625
:106E20002448A663C4E90F50234860642348C4E99A
:106E30001204E04604F128032046CDF800C002F019
:106E400001FB00EE105A84F8508084ED158AB8EEEC
:106E5000400A04F16C00B2003946BCEEC00A84ED71
:106E6000170A00EE105A84ED168AC4F86090B8EE46
:106E7000400A0546C4F8649000F058F80122042145
:106E80002846FFF781FA01B02046BDEC028BBDE831
:106E9000F043FFF7B5BB01B0BDEC028BBDE8F0835A
:106EA00000000000436F6E74726F6C2053636F704C
:106EB000650000005D660008ED650008A966000831
:106EC0002DE9FF410500DDE90A06DDE90C4C10D093
:106ED00079B170B16CB1042C0BD8BCF1000F08D0A3
:106EE000B6EB440F05D36700B6FBF7FE07FB1E6742
:106EF0001FB1002004B0BDE8F0817608B6FBF4F7BE
:106F000000EB860ECDE9000ECDE9027C2846FFF7A6
:106F100045FFEC866743B8002E67286301222146AF
:106F200005F16C00FFF730FA0120E3E7C0E9001239
:106F300080ED040A00210183C161016270470000F5
:106F4000B5EEC00A10B5F1EE10FA044608DDB6EE53
:106F5000001A20EE011AB4EEE01AF1EE10FA01DC8C
:106F6000F9F762FA9FED101A20EE811AC1EE000ABD
:106F7000B0EE600AFEF7D8FCB7EE001A204670EEBD
:106F8000011AC1EE210A60EE201A30EE410AC4ED6A
:106F9000031AC4ED041A20EE200A84ED020ABDE8AB
:106FA0001040FFF7A5B80000DB0F494000F086B89D
:106FB00070B50C46050078D0ECB3002606EB460011
:106FC00005EBC000D4ED0B0A94ED000AA830FFF7E2
:106FD000B7FF761C032EF1DBD4ED0C0A94ED000A0A
:106FE00005F1F000FFF7ACFF94ED001AD4ED0D0AA7
:106FF00094ED0E0A05F5D47000F0DCF894ED001A5B
:10700000D4ED0D0A94ED0E0A05F5DE7000F0D2F80D
:1070100094ED060ADFED260AB3EE0E1A20EE200AE2
:10702000DFED240A60EE200A80EE810AD4ED070A23
:1070300020EE200A00E038E0D4ED040A94ED031AB3
:10704000DFED1D1A20EE800A00200121C0EE010AAA
:1070500094ED020A60EE211A81EE810A94ED091A7C
:1070600021EE201A85ED741A94ED081A61EE200ABB
:10707000C5ED750A85ED760A60EE000AC5ED770A62
:1070800085ED780A94ED010AD4ED030A80EE201A0A
:1070900085ED791AC5E97A01C5F8F001C5F8F40162
:1070A000C5F8F801C5F8FC0170BDF9F7BDF900009D
:1070B00000007A44DB0F4940F304B53F7FB50D462D
:1070C0000446FFF775FF95ED002A3C3504F5847002
:1070D00095EC040A0546FFF709FE94ED780A284668
:1070E0008DED010A8DED000A94ED780AB1EE400AAB
:1070F0008DED030A8DED020A94ED770A00F009FB8D
:1071000002AA6946284600F00FFB0120C4F89C0142
:10711000C4F8A001C4F8A401D4ED760A94ED780A6D
:10712000204600F027FB2046FFF706F87FBD000051
:10713000B5EEC01A10B5F1EE10FA01DCF9F774F9EA
:10714000F7EE003AB0EE003AC3EE811A174ADFEDCF
:10715000182AB0EE612A00EE832AB0EEC21A11EEB0
:10716000101A914202DAB0EE621A01E083EE821A3E
:10717000B0EE612A20EE030A10EE832A22EE012AE5
:1071800080ED022AB0EE612A40EE601A00EE202A5D
:1071900021EE810A22EE012A80ED002A80ED010A0B
:1071A000C0ED032AC0ED042A10BD00005F708930D5
:1071B0000000000010B504462DED048BF0EE419A5E
:1071C000B0EE609AFEF7CAFA10EE101A114A914218
:1071D00001DD9FED110AB7EE008A70EE080A38EE65
:1071E000400AC0EE808A9FED0D0A29EE009AB0EEAB
:1071F000680AFEF77BFB20EE090AB0EE691A20460A
:10720000C8EE000AB0EE680ABDEC048BBDE8104081
:10721000FFF78EBFEFFF7F3FEFFF7F3FDB0FC940E0
:10722000B5EEC00A10B5F1EE10FA01DCF9F7FCF882
:10723000DFED0E1A9FED0C1A60EEA11A80ED011A17
:10724000C1EE800A10EE901AB1F17E5F02DDF7EE1A
:10725000000A06E0F5EEC00AF1EE10FA01D2F0EEF7
:10726000410AC0ED000A10BD00000000DB0FC9405C
:107270002DE9F04104462DED048B0C300D4691EDC7
:10728000010AD1ED000A9FED349AB8EE400A074694
:10729000B0EE491AC0EE808AD1ED0D0A91ED0C0ACC
:1072A000F0EE681A00F0B0F895ED090A04F13C0020
:1072B00084ED060AF1EE400AC4ED070A95ED090ACD
:1072C000F0EE681A84ED080AF1EE400AC4ED090AEE
:1072D000D5ED0F0A95ED0E0AB0EE491A064600F0FC
:1072E00093F895ED070AB7EE001A84ED120AF1EE55
:1072F000400AC4ED130A95ED080A04F16C0080EE13
:10730000288AF1EE480AB0EE480AF0EE608A00F0F2
:10731000EDF8F0EE680A84ED1C8AC4ED1D0A04F154
:1073200078006968FFF7DEFC95ED070A002584ED1B
:10733000230A2572256038466560FEF7F5FF304662
:10734000FEF7F2FF84ED1B9AA56784ED249ABDEC4D
:10735000048BBDE8F081000000000000DFED270A8B
:10736000C0ED070AF6EE000AC0ED080AF0EE020AC8
:10737000C0ED090AF5EE000AC0ED0A0ADFED200AA9
:10738000C0ED0B0AC0ED0C0ADFED1E0A80EE201ADC
:10739000FCEEC10A10EE901A8AB210EE901AF1EECD
:1073A000040A828680EE201A8BB20387FCEEC10AA3
:1073B00010EE901AF2EE040A418780EE201ABCEE1D
:1073C000C00AFCEEC10A10EE901AC18610EE101A27
:1073D000818710EE101AC1870521052A00D8818601
:1073E000052B00D801870021816140F8141F818599
:1073F000C185018641868186C18670479A99993FE9
:1074000000007A440000FA44F5EEC01A10B5F1EE1F
:1074100010FA01DCF9F708F880EEA12A61EE810A82
:1074200080ED000ABFEE000A80ED012AC0ED020ADD
:1074300080ED040AB7EE000A80ED030A9FED050A0D
:1074400080ED060A9FED040A80ED050ABDE81040B4
:10745000FEF74ABFCDCC4CBFCDCC4C3F4160C0ED18
:10746000040A012180ED050A914000EE101AF7EEA2
:10747000000A8260B8EEC00A80EE801A9FED030A0F
:1074800080ED031A80ED000A704700000000000044
:10749000B5EEC00A10B5F1EE10FA04DDF4EEC11A33
:1074A000F1EE10FA01D3F8F7BFFF9FED0F2AB5EE0A
:1074B000C00A80ED022AF1EE10FA80ED011AC0ED4B
:1074C000001A04D9F4EEC11AF1EE10FA02DB80EDD5
:1074D000032A10BD31EE611A61EE200A80EE801A97
:1074E00080ED031A10BD000000000000F4EEC00A99
:1074F00010B5F1EE10FA04D2B5EEC01AF1EE10FAA2
:1075000001DCF8F791FFC0EE811AC0EE010A9FED91
:10751000030AC0ED021A80EC020A10BD0000000050
:1075200070B5FCEEE01A05460E4611EE900A1E21DB
:10753000B0FBF1F4A24200D21446DFED141A05F1BB
:107540001000C5ED021AC5ED001ADFED111A20EE8C
:10755000212A01EE904AF8EE612AC2EE221A81EE4B
:10756000A02A00EE904AF8EE600AC0EE201AF0EE73
:10757000410A85ED032AB0EE610AFFF751FE21466C
:1075800005F11800FFF7AEFB6E6070BD0000000053
:1075900000007042C360C0E9071280ED090AC0ED27
:1075A0000A0A0021016141619FED060A816180EDB7
:1075B0000B0A80ED0C0A80ED0D0A01874187818757
:1075C00001647047000000009FED0E1A0023C160A7
:1075D00000EB83015B1CC1ED060A81ED090A81ED18
:1075E000001A032BF4DB0121914000EE101AF7EE94
:1075F000000A0261B8EEC00A80EE801A80ED051A1A
:10760000704700000000000010B501213248FAF771
:10761000FDFE324C022120602F48FAF7F7FE606031
:1076200003212D48FAF7F2FEA06004212A48FAF758
:10763000EDFE2B494860A4F1300000F0AFFDA4F14D
:107640006C0000F0ABFD04F1240000F0FEFC04F13E
:107650000C0000F0FAFC23480068416A22484FF011
:107660007C52C16090ED070AF8EE400A00EE101A55
:10767000B8EE401A81EE200AF7EE000A80ED000A0B
:1076800070EE200A90ED041A818A30EEC11A00EEE5
:10769000901AF8EE600A61EE200ABDEEE01AB8EE2C
:1076A000C11A70EEC10AC0ED010AD0ED060A30EE33
:1076B000601A11EE101A914202DD8168491E816044
:1076C00070EEC00A10EE901A914202DD8168491CEA
:1076D000816080ED060A10BDB00000203C0400204F
:1076E00014000020C40100207C0800200148FEF79F
:1076F00044BB0000B804002001FB032142688A4219
:1077000004D9006800EB810080ED000A70477047E3
:107710007047B5EEC00A10B5F1EE10FA01DAF8F7CD
:1077200083FE80ED200A10BD10B591B18AB191EDB4
:10773000000AD2ED000AB4EEE00AF1EE10FA08DB1E
:10774000D1ED010A92ED011AF4EEC10AF1EE10FA40
:1077500001DAF8F769FE80ED210A91ED010A80ED6A
:10776000220A92ED000A80ED230A92ED010A80EDD3
:10777000240A10BD7FB5B5EEC00A0446F1EE10FA3A
:1077800004DBF5EEC00AF1EE10FA01DAF8F74CFE70
:1077900084ED780AC4ED760A60EEA00A04F58470E0
:1077A0000546C4ED770A8DED010A8DED000A94EDD2
:1077B000780AB1EE400A8DED030A8DED020A94EDD0
:1077C000770AFFF7A6FF02AA69462846FFF7ACFF33
:1077D000D4ED780A9FED080A9FED081A20EE800A82
:1077E00060EE810A84ED470AC4ED480A84ED530A2D
:1077F000C4ED540A7FBD0000CDCC4C3FCDCC4CBF76
:1078000080ED000A416B00292FD0D0ED080AD0EDA1
:10781000011A90ED071A90ED022A60EEA10AD0ED50
:10782000042A41EE000A90ED091A41EE020A90ED99
:10783000052A90ED031A42EE410A90ED062A42EE27
:10784000620AC0ED0A0AC0ED021A80ED010A80ED5D
:10785000041AC0ED030AC16A491CC162026B91425D
:1078600003D9002141630121816370472DE9F04F65
:1078700098462DED028B83B09146DDF838B08A46EC
:1078800004007CD0BAF1000F79D0B9F1000F76D0A6
:107890005FF000060AEB860004EB860790ED000A15
:1078A00009EB8600D0ED000A06EB460004EB00155C
:1078B00030EE608A87ED188A95ED000A20EE080AFE
:1078C00085ED070A95ED080AD5ED010A95ED061A32
:1078D00008EE200AD5ED050A01F0CBFF85ED080A78
:1078E00095ED0B0AD5ED020A761C38EE400A022E01
:1078F00020EE200A85ED090AD5ED070A95ED081A54
:1079000070EE810A30EE800A85ED0A0A85ED0B8A59
:1079100087ED1A0ABED3D4F8940088B3B8F1000FEB
:1079200069D098ED000A84ED1C0A98ED010A00BFA9
:1079300084ED1D0A94ED1A0AD4ED1C0A30EE200ADB
:107940008DED000A94ED1B0AD4ED1D0A30EE200ADD
:107950008DED010AD4F8980028B1694694ED200A0B
:10796000084600F03DFCD4F89C0038B1694604F1AB
:107970008C0304F18402084600F074FC01E03AE054
:107980003BE09DED000A002684ED1E0A9DED010AF4
:1079900084ED1F0A04EB860090ED1E0AD0ED1C0A50
:1079A00006EB460004EB001530EE608A95ED070A01
:1079B000D5ED090A95ED061A38EE400A30EE600A58
:1079C000D5ED050A01F055FF85ED080A761C85ED19
:1079D0000A8A022EDED3BBF1000F07D094ED1E0AF7
:1079E0008BED000A94ED1F0A8BED010A03B0BDEC8C
:1079F000028BBDE8F08FF8F717FD9FED020A84EDCA
:107A00001C0A95E7000000002DE9FF47040011D093
:107A1000D4F8900000280DD0D4F89400002809D0A4
:107A2000B4F8BE00B4F8BC10884205D234F8BE0FDA
:107A3000401C2080BDE8FF870027A4F8BE708DECB5
:107A4000040AD4F8B010E94609EB8100B4F8AC1090
:107A500090ED002AD4F898004FF47A724143B1FBBC
:107A6000F2F5A84200D8451E94F8C4004FF0020A6F
:107A700098B194F8C4000128DCD104F16C0000F046
:107A800096F8D4E922018142D4D300BF54F8A00F64
:107A9000401C206084F824A0CCE7B0EE420A04F138
:107AA000500000F0C9F8A0B3D4F8A800A84250D301
:107AB000D4F8A410D4F898000144491BB1FBF0F2AB
:107AC00000FB121800211EE04046002217E000BF14
:107AD000D4E9256301FB030C06EB8C0601FB0323B1
:107AE00096ED000AD4F89060401C06EB830383ED0A
:107AF000000AD4F89830834200D80020521CAA42D1
:107B0000E6D3491C89B2E08E8842DDD80020494680
:107B100010E01EE001EB8002D4F8983092ED000AEC
:107B200000FB0353D4F89020401C02EB830280B288
:107B300082ED000AE28E8242ECD86D1C6767C4F8C1
:107B40008C50D4F888008542A0D2012084F8C4006B
:107B500070E76946002011E001EB800292ED000A17
:107B6000D4F8A420D4F8983000FB0322D4F8943041
:107B7000401C03EB820280B282ED000AE28E824258
:107B8000EAD8D4F8A400401CC4F8A400D4F8A41087
:107B9000D4F89800814201D3C4F8A470D4F8A81096
:107BA0008142D5D254F8A80F401C206042E710B59E
:107BB00004462DED048B0021B0EE618A8068F0EE62
:107BC000418A401CA060E268B0EE609A904231D3D6
:107BD000A160D4E907329A422CD2208B18B32046F8
:107BE000FFF78AFD208B012807D9D4E90732B0EED0
:107BF000490A01212046FFF77FFD208B022807D983
:107C0000D4E90732B0EE680A02212046FFF774FD7E
:107C1000208B032807D9D4E90732B0EE480A0321A4
:107C20002046FFF769FD206A401C20620120BDEC60
:107C3000048B10BD0020FAE730B50021027884697A
:107C40000B464AB145695DB1C0F8143080ED020AB7
:107C5000BCB30121836136E00121002CF9D132E06F
:107C6000012A15D0032A13D0022A01D0042AEDD10B
:107C700090ED021AD0ED010AB4EEE01AF1EE10FA1E
:107C800016DDF4EEC00AF1EE10FA11DB0121DDE79A
:107C900090ED021AD0ED010AB4EEE01AF1EE10FAFE
:107CA00004D2F4EEC00AF1EE10FAEFD9032A01D0A3
:107CB000042ACBD10269521C0261C568AA42E5D2EE
:107CC000C4E7FFE701B10361084630BDF0EE400AAA
:107CD00090ED040A90ED001AD0ED021A20EE010A90
:107CE00090ED031A01EE200A90ED011A01EEC10A8F
:107CF00080ED050AC0ED000A80ED010A7047000022
:107D000030B504462DED028B8BB00068401C20601E
:107D1000D4F8EC0188B1E06890ED010ADFEDBA0A11
:107D200020EE208AB0EE480AFDF718FD84ED130A14
:107D3000B0EE480AFDF76AFC08E0606900287CD0D4
:107D400090ED000A84ED130A90ED010A84ED140A07
:107D5000606890ED000A04F1A800FFF7B7FF84ED1A
:107D6000100A606890ED010A04F1C000FFF7AEFF51
:107D700084ED110A606890ED020A04F1D800FFF763
:107D8000A5FF84ED120A94ED111AD4ED100AF6EE57
:107D9000002A31EE002AF0EE601A42EE621A9FEDE0
:107DA0009B2A61EE821AC4ED151A71EE401A9FEDFE
:107DB000982A70EE810A61EE821A30EE800AC4EDD4
:107DC000161ADFED940A20EE200A84ED170AA06847
:107DD00090ED000A04F1F000FFF778FF84ED0F0A40
:107DE000D4ED151A94ED142A94ED161AD4ED130A55
:107DF00021EE820A01EE200A21EE021A01EEE01ABB
:107E000084ED180A84ED191AD4ED170AC4ED1A0A84
:107E10009FED818A84ED1D8A84ED1E8AD4F8F401D9
:107E2000B0B1D4ED740A206960EE810A90ED001AB9
:107E300061EE600AC4ED1D0A00E037E0D4ED750A7A
:107E400020EE800AD0ED000A20EE200A84ED1E0A02
:107E5000D4ED1D0ACDED010A94ED1E0A8DED020A46
:107E6000D4F8FC0158B194ED061A70EE810ACDEDFC
:107E7000010AD4ED070A30EE200A8DED020AD4F88B
:107E8000E801A8B104F13400009001AB04F16002F4
:107E900004F12C01D430FFF7E9FC94ED5C0A84ED89
:107EA0001B0A94ED5D0A84ED1C0A35E0F8F7BCFA74
:107EB00094ED0D0ADDED010A04F17C010D4630EE72
:107EC000200A084684ED1F0A94ED0E0ADDED020A31
:107ED00030EE200A84ED200A94ED770A00F080F954
:107EE00094ED780A29468DED070A8DED080A94ED88
:107EF000780A09AB07AAB1EE400A8DED090A8DEDAB
:107F00000A0A084600F0AEF994ED1F0A84ED0D0A46
:107F100094ED200A84ED0E0AD4F8F00194ED0D0AD8
:107F200060B104F5D47000F079F884ED1F0A94ED87
:107F30000E0A04F5DE7000F071F803E084ED1F0A0C
:107F400094ED0E0A84ED200AD4F8F801B7EE000A89
:107F500068B1D4ED0F0A10EE900AB0F17C5F04DD39
:107F600094ED791A81EE200A01E094ED790AD4EDBE
:107F70001F0A04F190010D4660EE800A0846C4ED28
:107F8000220A94ED201A21EE000A84ED230AC4EDA2
:107F9000240A84ED250A94ED770A00F021F994ED86
:107FA000780A29468DED030A8DED040A94ED780ACE
:107FB00005AB03AAB1EE400A8DED050A8DED060A68
:107FC000084600F04FF9D4ED240AC4ED1F0A94EDE1
:107FD000250A84ED200A84ED218A94ED141AD4ED4B
:107FE000131A20EE812A60EEA10A00EE612A40EE0B
:107FF000010A84ED082AC4ED090A84ED0A8A0BB04F
:10800000BDEC028B30BD0000DB0FC940ABAA2A3F9C
:108010003ACD133FABAAAA3E00000000F0EE400AA2
:1080200090ED020A90ED041AD0ED031A20EE010A39
:1080300090ED001A01EE200A90ED011AC0ED030A3E
:1080400001EE210A80ED040A704710B5416891B134
:1080500091ED000AD0ED030AB8EE400A20EE800A46
:10806000D0ED040A30EE600AD0ED050A20EE800A59
:1080700080ED000A10BDF8F7D7F9000070B50400D4
:108080002DED048B39D0E068B0B314F1100F34D06B
:1080900004F12C012046FEF799F99FED3F9A002547
:1080A000B7EE008AF6EE008A04EB8506D4ED070AE7
:1080B00096ED0B0A216CF8EE600A38EE400A20EECD
:1080C000280A20EE800ABCEEC00A10EE100A51B356
:1080D000E168D4ED090AD4ED0A1A01EB850130EE0E
:1080E000A11A91ED000AB4EEC10AF1EE10FA06DD14
:1080F000216A0844012122E0FFE7F8F795F9B1EE83
:10810000601A71EE611AB4EEE10AF1EE10FA0BD2C8
:10811000216A814201D8401A00E0002004EB4501A9
:108120004FF0FF320A8720E0B4EEC10AF1EE10FAF8
:1081300009DDB4EEE00AF1EE10FA04D2002104EBFE
:108140004502118711E004EB4501B1F9381001290E
:1081500002D0491C03D008E0216A084405E0216AE6
:10816000814201D8401A00E0002094ED070AB0EEE9
:10817000491AF8EE400A00EE100AB8EE400A01F083
:1081800078FBBCEEC00A6D1C032D86ED040A8BDB68
:10819000BDEC048B70BD00000000000010B5C1688C
:1081A000D9B10021C268D0ED050A52F8212000EEB5
:1081B000102A00EB8102491CB8EE400A032920EE88
:1081C000200AD2ED060A30EE600AD2ED090A20EE4E
:1081D000800A82ED000AE5DB10BDF8F725F9000002
:1081E00010B504462DED048BB0EE408A91ED009A57
:1081F000D1ED018AB5EEC08AF1EE10FA01DAF8F796
:1082000013F929EE090A08EEA80AB4EEC80AF1EE3D
:1082100010FA1EDD18EE100A1049884210DD28EE13
:10822000000AFDF763FBB7EE001AC1EE000A20EE6C
:10823000880A69EE000A28EE800AC4ED000A03E00D
:108240009FED070A84ED000A84ED010ABDEC048B62
:1082500010BD84ED009AC0ED018AF7E7BD37863581
:108260000000000070B51C462DED028B1546D2EDC6
:10827000000A93ED001A91ED000A91ED018AF4EEE7
:10828000C10A0646F1EE10FA08DBD5ED011A94EDAD
:10829000012AF4EEC21AF1EE10FA01DAF8F7C4F886
:1082A00001F0E7FA86ED000A94ED011AD5ED010A16
:1082B000B0EE480A01F0DDFA86ED010ABDEC028B52
:1082C00070BD00009FED040A80ED000A80ED010AF8
:1082D00080ED020A70470000000000009FED040AD4
:1082E00080ED000A80ED010A80ED020A704700006F
:1082F0000000000010B50446806B012807D8FEF787
:10830000AAF8FEF7A6F8FEF7A3F8FEF7A3F860793F
:10831000062804D1FEF7A2FA08B10120A0620020CD
:1083200010BD10B5806B012805D8FEF794F8FFF753
:10833000EFF9FEF78DF8012010BD10B5806B012814
:1083400003D8FEF7D3F9FFF7E2F9FDF7AEFE08B167
:10835000002010BD4FF0FF3010BD10B5806B01281C
:1083600003D8FEF778F8FFF7D3F9012010BD10B558
:108370000446806B012805D8FEF76BF8FEF7B4F9C8
:1083800000202063FEF767F8FEF752FA012807D1B4
:10839000FEF7A9F9FEF75EF8FDF78BFE012800D085
:1083A000002010BD10B50446806B012809D8FEF7E7
:1083B00052F8FEF74EF8FEF74BF8FEF74BF8FFF7D2
:1083C000A7F9FEF7BFF928B1FDF771FE002800D02C
:1083D000012010BD616B206D401A40F6B831884213
:1083E00002D94FF0FF3010BD002010BD10B504467B
:1083F000806B012803D8FEF776F9FEF773F9FEF7D4
:1084000019FA08B1012010BD616B206D401A41F2CC
:108410008831884202D94FF0FF3010BD002010BDD6
:1084200030B503464FF6FF700022074C08E09D5C14
:10843000521C85EA102534F8155085EA002080B2D8
:108440008A42F4D330BD00009AA10008002180F8D0
:108450000811A0F81011A0F82811704770B517483E
:108460000068C06B00684068C0F1400084B21448E6
:1084700001888C4221D0EFF3108172B60025038869
:1084800002889442028802D9A21A92B203E0C2F191
:10849000400292B22546048081F31088094C1AB13B
:1084A000E118094800F0FEFA002D06D021462A46C0
:1084B000BDE87040044800F0F5BA70BD100000201F
:1084C00014000020780400208809002070B50B4CAF
:1084D0000B4D04F50F710A23D4F83822286800F0F8
:1084E000DBFCD4F84C22002A07D004F5147128686C
:1084F000BDE870400A2300F0CFBC70BD88090020A1
:1085000010000020010601D506207047810701D424
:1085100001207047410701D405207047C10708D0EA
:10852000C143090707D000F00F00072805D000203D
:108530007047022070470420704703207047FAF705
:10854000EFBE00000FB470B50D4D2868002813D0A1
:1085500080210C48F8F709F805AA0A480499F7F7AA
:1085600051FF0848F7F76BFF044602460A23054906
:10857000286800F091FC204670BC5DF814FB0000F8
:10858000100000204403002010B53448FFF7DAFF44
:108590003348FFF7D7FF3348FFF7D4FF3248FFF7E0
:1085A000D1FF3248FFF7CEFF3148FFF7CBFF31480C
:1085B000FFF7C8FF3048FFF7C5FF3048FFF7C2FF9D
:1085C0002F48FFF7BFFF2F48FFF7BCFF2E48FFF7EC
:1085D000B9FF2E48FFF7B6FF2D48FFF7B3FF2D4830
:1085E000FFF7B0FF2C48FFF7ADFF2C48FFF7AAFFBD
:1085F0002B48FFF7A7FF2B48FFF7A4FF2A48FFF7F8
:10860000A1FF2A48FFF79EFF2948FFF79BFF294853
:10861000FFF798FF2848FFF795FF2848FFF792FFDC
:108620002748FFF78FFF2748FFF78CFF2648FFF703
:1086300089FF2648FFF786FF2548FFF783FF254877
:10864000FFF780FF2448FFF77DFF1C48FFF77AFF04
:10865000BDE8104021A0FFF775BF00005CA6000830
:10866000A4A6000814A6000834A70008ECA6000879
:10867000C4A70008E4A800089CA800080CA80008EB
:1086800064AD0008ACAD0008F4AD00083CAE0008D5
:1086900084AE00081CAD0008D4AC00088CAC000807
:1086A00044AC0008FCAB0008B4AB0008BCA900084F
:1086B0002CA9000854A800087CA70008CCA5000835
:1086C00074A900084CAA0008DCAA000824AB000822
:1086D00094AA000804AA00086CAB00085B6F6B61E9
:1086E000795D2047656E6572616C206D6F746F7285
:1086F00020706C6174666F726D2072656164792E92
:108700000D0A0000814202D9C94308447047401A4B
:1087100070477047704770472DE9F0410E460400DE
:1087200038D0BEB3307AA8B3B18999B3306988B371
:108730007089FF282ED84218B2F5807F2AD80123ED
:10874000022200F030FB28BB304600F0B9FB08B332
:10875000B4F86C0320281DD2204600F050FBC8B1AD
:1087600004F55977D4F8645307E0AB896A89B18975
:10877000708900F018FB68B92D68BD42F5D13D46FF
:10878000384600F0A8FB28B1304600F099FB08B14C
:10879000B54202D10020BDE8F0816868C6E900500A
:1087A00006606E60B4F86C03401CA4F86C030120F2
:1087B000F1E738B504001FD0D4F82C0200281BD1F3
:1087C000B4F82401012548B1012813D0FF2811D0A5
:1087D0002046BDE83840012100F0D3B9B4F8263175
:1087E0005BB104F595700090B4F822110022204688
:1087F00000F05BFAC4F82C5238BD2046BDE8384082
:1088000000F077B970B504000BD000F0F8FA50B161
:10881000B4F82421022A0BD004F55971D4F864036A
:1088200018E0002070BD0221204600F0AAF90EE0F9
:10883000204600F06EF90AE0438985899A421D447A
:1088400007D3AA4205D202692146904720B10120F0
:1088500070BD00688842EFD12046FFF7AAFFD4F828
:108860002C0270BD18B190F83012012901D00020FF
:108870007047D0F84C02C0F58070704710B5040006
:108880000DD04FF45D71F7F792FE002084F80801D7
:1088900084F8300214F5597401D02460646010BD6E
:1088A0000CB50023044ACDE900230A4601238021A8
:1088B00000F098FA0CBD0000BB8D00082DE9F047D0
:1088C000040070D0D4F87003401CC4F87003D4F8CE
:1088D0000401002640B1C4F80461B4F80001A4F812
:1088E00002012046FFF7B2FD94F830020327022868
:1088F00031D094F83002032855D094F8300204287F
:1089000051D094F8300205284DD04FF0010804F5FD
:10891000897A04F5957900BFB4F80201B4F8001122
:1089200088426ED0B4F80201255CB4F80201401C04
:10893000A4F80201B4F80201FF2801D9A4F80261E9
:10894000FFF7FDFDC4F80C0194F8080101280AD0D6
:10895000022808D009E0204600F0D0F984F83072EF
:108960000220BDE8F0877B2D07D050B101280DD043
:10897000022847D0032819D150E02046FFF766FDB2
:1089800001E07B2DC8D184F80881C5E7252D06D0EC
:10899000B4F810017D2D07D006282CD306E0022064
:1089A00084F80801B8E775E0062803D02046FFF7F1
:1089B0004DFDB1E7B4F8165104215046FFF730FDE4
:1089C000A84205D0D4F85803401CC4F85803EDE77A
:1089D00094F81201A4F8220194F81301A4F82401D8
:1089E000B4F81401A4F82601B0F5807FDED860B396
:1089F00084F8087190E7411CA4F8101100F80A509F
:108A00008AE72FE0B4F810010628CFD2411C85F088
:108A10002003A4F8101100F80A30B4E7B4F82801D4
:108A2000411CA4F8281100F80950B4F82611B4F834
:108A30002821881C80B28242A7D101EB0900058859
:108A40004846FFF7EDFCA84206D12046C4F82C6248
:108A5000FFF7FCFC012084E7D4F85C03401CC4F859
:108A60005C03A3E794F80801A0B13226D4F80C51B6
:108A7000FFF765FD854202D9E943084400E0401B49
:108A8000B04207D32046FFF7E1FCD4F86003401C56
:108A9000C4F86003002064E7002802D00121C0F878
:108AA0002C12704770B5002818D0002916D000236A
:108AB0001CE000BFB0F80041641CA4B2FF2C00D938
:108AC0000024B0F80251A54209D1D0F85413D21AAB
:108AD0001144C0F854130121C0F8041170BDCD5CDD
:108AE000B0F800618555A0F800415B1C9342E1D3CA
:108AF00070BD10B504000BD0B4F82421B4F82211D5
:108B000000F0E3F8204600F0C6F80120C4F82C027B
:108B100010BD70B50546B0F82211022200F0D5F85C
:108B20000321284600F0A5F80121284600F0A1F80D
:108B30000121284600F09DF80821284600F099F808
:108B400095F86C13284600F094F805F55976D5F899
:108B500064430CE0217A284600F08BF8A17A28467D
:108B600000F087F8217B284600F083F82468B4429F
:108B7000F0D1284600F08FF82846BDE87040FFF796
:108B80008BBF1CB5040011D094F824018DF80400AB
:108B900001A800908DF80510B4F8221102230122DB
:108BA000204600F082F80120C4F82C021CBD70B5EC
:108BB0001546040018D094F83002012814D1002979
:108BC00012D0002D10D0D4F84C024219B2F5807F9B
:108BD0000AD804F5147210442A46F7F74FFCD4F86B
:108BE0004C022844C4F84C0270BD10B5002816D0C1
:108BF00090F83022012A12D1D0F84C22931CB3F500
:108C0000807F0CD8541C00F51473C0F84C42D1542A
:108C10000C0AD0F84C124A1CC0F84C22CC5410BD9F
:108C200030B5002824D090F83022012A20D1D0F885
:108C30004C321A1DB2F5807F1AD800F514725C1CF4
:108C4000C0F84C429954D0F84C320D0A5C1CC0F864
:108C50004C429D54D0F84C320D0C5C1CC0F84C4278
:108C60009D540C0ED0F84C124B1CC0F84C328C5456
:108C700030BD10B500280DD090F83022012A09D15E
:108C8000D0F84C22FF2A05D800F51473541CC0F804
:108C90004C42D15410BD002806D090F83012012962
:108CA00002D1022180F83012704770B51E46054689
:108CB000049C00F00AF8324621462846FFF777FF69
:108CC0002846BDE87040FFF7E6BF00280FD090F8B7
:108CD0003032002B0BD1C9B2A0F83212D1B2A0F8B9
:108CE00034120021C0F84C12012180F83012704774
:108CF000002802D0002180F8301270477CB50400B3
:108D000050D0B4F84C0205042D0C12D004F51470A8
:108D100029460646FFF784FBD4F84C124A1CC4F8D7
:108D20004C228855020AD4F84C02411CC4F84C125B
:108D3000825594F832028DF8000094F834028DF8D0
:108D400001008DF80250280A8DF8030004216846BE
:108D5000FFF766FB8DF80400000A8DF805007B2004
:108D600084F83C020120002125256B465A5C7B2AB1
:108D700003D07D2A01D0252A06D12218401C82F872
:108D80003C525A5C82F020022618401C491C86F88E
:108D90003C220629EAD37D212218401C82F83C128D
:108DA000C4F838027CBD13440144984203D28A427D
:108DB00001D2012070470020704738B50C000FD059
:108DC00004F595700090B4F82631B4F82211002211
:108DD0002046FFF76AFF2046FFF75EFE012038BD00
:108DE000002038BD30B50028DDE9035406D000600E
:108DF0004060017242818381C0E9045430BD2DE995
:108E0000F041050033D005F559744FF020080027D4
:108E1000204600F060F850B3266807E0474526D2A8
:108E2000304600F058F810B336687F1CA642F5D1E2
:108E30004FF020080026204600F04DF808B12768C2
:108E400009E0212609E046450ED2384600F043F8F5
:108E500050B13F68761CA742F5D1B5F86C03B0421B
:108E600005D10120BDE8F08108F10106F5E70020F9
:108E7000F8E7000010B540B1012908D00022818830
:108E80000068FAF747FA002010BD024810BD012221
:108E9000F5E700000100004010B5074C40B139B1C2
:108EA00032B192B2FBF7DAFB002802D0032801D0DE
:108EB000204610BD014810BD010000400B000020FD
:108EC00038B10168814204D14168814201D1012059
:108ED00070470020704758B1016849B142683AB103
:108EE0004968814204D11168814201D10120704753
:108EF0000020704718B1406908B100F01FB8002089
:108F0000704700002DE9FC419846089D16460F4623
:108F100004000FD00848CDE900040223194620467A
:108F2000FFF760FFA761A683C4F82080FF2D00DD56
:108F3000FF256562BDE8FC81F58E00082DE9F04F44
:108F4000060093B04FF00000ADF81800054609D0B8
:108F5000B4693CB1B4F82411B08B814206D0421CF4
:108F6000914203D0002013B0BDE8F08F401C814235
:108F700003D1B4F82601012822D004F595700090A1
:108F8000B4F826110FAB06AA00F0FEFBE0B1B4F86E
:108F9000261104AB06AA009800F0DAFBA0B1B4F8E1
:108FA000261108AB06AA009800F0DFFB60B19DF81F
:108FB000101001290DD002290BD0042912D108E08C
:108FC000304600F0F4FB71E002212046FFF7D9FDA6
:108FD00069E0BDF8200028B14FF0FF32B2FBF1F29A
:108FE000824202D20125002000E048430F9F65BB6A
:108FF000B18BB4F82421491C8A4201D1012100E03F
:1090000000218B46316AB1F1000A22D0716AB1F1B8
:1090100000091EDDE8B1C24397421AD807EB000EE3
:10902000002114E00AEB0112D2E900386FEA080CC3
:109030009C450BD398449F4208D3C64506D8BBF144
:10904000000F07D09168012903D103E0491C89452D
:10905000E8DC0125B4F82421B18B8A4232D115B95C
:10906000FF2800D90225B4F822112046FFF72DFE73
:1090700029462046FFF7FDFD75B111E09DF810105F
:10908000204605FB0172012912D0022914D0116873
:10909000FFF7C6FD6D1CADB2BDF820008542EDD3D3
:1090A0002046FFF7F8FD2046FFF7F6FC01205AE7BF
:1090B0001178FFF7DEFDEDE71188ADF81410FFF72A
:1090C00094FDE7E715BBBDF818100844B4F8261165
:1090D000884201D9012519E0002613E09DF810000F
:1090E00006FB007801281DD00228B4F8261100984C
:1090F00009AB06AA22D000F047FB0999C8F8001076
:10910000761CB6B2BDF820008642E7D3B4F824211D
:10911000B4F822112046FFF7D8FD29462046FFF774
:10912000A8FDBDE7B4F8261109AB06AA009800F027
:109130000FFB9DF8241088F80010E1E700F015FB04
:10914000BDF82410A8F80010DAE718B1406908B19A
:1091500000F01EB8002070472DE9FC419846089D9C
:1091600016460F4604000FD00848CDE9000402233C
:1091700001212046FFF736FEA761A683C4F82080B0
:10918000FF2D00DDFF256562BDE8FC814B910008E5
:109190002DE9FF5F05004FF00000ADF8000009D099
:1091A000AC693CB1B4F82411A88B814206D0421CB2
:1091B000914203D0002004B0BDE8F09F401C8142E2
:1091C00003D1B4F8260101281CD0B4F8269104F587
:1091D000957802AB6A464946404600F0F0FEA8B1D9
:1091E000B4F82421A88B4FF00006824252D1B4F883
:1091F00022112046FFF769FD00212046FFF739FDC7
:10920000002737E0284600F0E7FE97E002212046DD
:10921000FFF7B7FC8FE001AB6A464946404600F0D5
:10922000CEFE58B39DF80400696A814221DD296AA7
:1092300001EB001A9AF8040018B3012821D0042089
:1092400083462046FFF70EFB01460BF101008142E9
:1092500014D39DF804102046FFF70BFDDAF8000048
:10926000BBF1020F0FD001682046FFF7D9FC761C36
:10927000F6B27F1C9DF808008742CCD384F8506278
:1092800056E00220DCE70188ADF80C102046FFF71D
:10929000ACFCECE700273CE003AB6A46494640469D
:1092A00000F08DFE90B19DF80C00696A81420DDDE1
:1092B000296A01EB0010017951B1012908D0BDF8EC
:1092C0000030414603F1040CCC4514D9012624E0BA
:1092D000BDF800108C46891C4945F7D80CEB0802F4
:1092E0001288ADF80420ADF80010816801290ED174
:1092F000006802800CE0CA1C03EB08019A5C096854
:10930000ADF800C062F31F618268012A18D00126FF
:109310007F1C9DF808008742BED3B4F82421B4F81E
:1093200022112046FFF7D1FC31462046FFF7A1FC71
:109330002046FFF7B0FC2046FFF7AEFB01203AE7DE
:1093400000680160E4E7000010B548B141B1B0F831
:109350004020102A06D309A0FFF7F4F8012010BD21
:10936000F7F762F800228A61B0F840209300521C9F
:10937000A0F84020C150002010BD00007461736B44
:109380002071756575652069732066756C6C2E0D8E
:109390000A0000002DE9F041040011D0E06C401CEF
:1093A000E064FFF7CCF8656C064600276DB1A56454
:1093B000206D401C206569682846884710B11FE071
:1093C000F7F732F8EE6067641AE00020B4F8402046
:1093D0001CE000BF54F82050BDB12969A9B1E9686B
:1093E000B14202D9CB43991900E0711AAB688B42A4
:1093F0000BD8A564696828468847012803D0EE6029
:10940000A764BDE8F0816564FAE7401C8242E1DCB4
:10941000F7E710B568B10021A0F8401041648164FD
:10942000C1640A46016540F82210521C102AFADB7A
:1094300010BDF6F7F9FF18B1406908B100F01EB889
:10944000002070472DE9FC419846089D16460F46BE
:1094500004000FD00848CDE9000401230321204671
:10946000FFF7C0FCA761A683C4F82080FF2D00DDB4
:10947000FF256562BDE8FC813794000870B50500E2
:1094800006D0AC6924B1B4F82401A98B884201D07C
:10949000002070BDB4F8260140B194F82A110529C6
:1094A00020D2DFE801F00B0F13171B00022120462A
:1094B000FFF767FB2046FFF7EFFA1AE0284600F0B7
:1094C0001FFB16E0284600F08EFA12E0284600F056
:1094D00057FA0EE0284600F000FC0AE0284600F0AB
:1094E0007AFB06E0FF22284600F0D3F9284600F078
:1094F000E5F9012070BD000038B53048FFF789FF5D
:109500002F4D0024C4EBC40005EB80012B48FFF76E
:109510001BFF641C042CF5D32A48FFF7AFF9284C35
:1095200000200C3C606099212748FFF7B9F92649D3
:109530002448FFF7F1F8B8B3002061680844606080
:109540000F2000901D48214B30221E495038FFF754
:1095500003FE022000901D4B1848F0335022194999
:109560002838FFF7CFFC154916485039FFF7D4F8D3
:10957000E8B100206168084460601049114828394A
:10958000FFF7CAF8A8B100206168084460600D4880
:1095900000F096FD0E490B48FFF7BEF858B10020C9
:1095A00061680844606038BDFFE70120C5E701201D
:1095B000E0E70120E8E70120F2E70000AC1A002014
:1095C0004000002088090020FC0C00209CA300081B
:1095D0009419002010B500B30021017101224271DD
:1095E00081630165018041808162C16280F824103D
:1095F00041656421C16301644164816408498160FB
:109600000849C1600849016108494161084981610F
:109610000849C1610849016210BDF6F705FF000065
:10962000A58300086F830008ED8300083B830008D2
:109630005B83000823830008F58200081CB5F9F756
:109640007DFEFBF77DFAFBF715F938480024016829
:1096500041F4001101600068224600F400100090FF
:1096600021461020F9F7CAFE1020F9F7B9FEFBF7E2
:1096700047F8FBF76FF9FBF7AFF8FBF7F1F9FBF7EA
:1096800025FA2C482A4901604FF46121C0E90114F0
:109690000C21C460C0E904418461C461FAF732FF5F
:1096A00008B172B6FEE7234823494838C0E90014E0
:1096B0004FF6FF71C0E9024104618461FAF758FA7C
:1096C00008B172B6FEE71E4900941C480194086078
:1096D0000846F9F7A2FA08B172B6FEE70094002234
:1096E000694617480194F9F771FA08B172B6FEE7B6
:1096F000102269461248F9F769FA08B172B6FEE716
:10970000FBF79CF8FFF707F800F026FBFEF73CFF9D
:10971000FDF7F4F8FFF7F0FEFEF7FCFFFEF7F9FFA8
:1097200000F010F8FDF7E2FFF8E7000030380240E3
:10973000004400409C0200200020004000740040D3
:10974000680100200148FFF725BE0000AC1A002088
:1097500010B514888C4201D3002010BD005D187034
:109760001088401C1080012010BD30B51488A51C45
:109770008D4201D9002030BD204400881880108817
:10978000801C1080012030BD30B51488251D8D420D
:1097900001D9002030BDC11C2044615C006861F328
:1097A0001F6018601088001D1080012030BD2DE959
:1097B000F0418569002690F82480B5F826113446DA
:1097C000374609B195F82A61464502D2006A00EB96
:1097D0000614B5F82421B5F822112846FFF775FACA
:1097E00002212846FFF745FA8CB300212846FFF7EF
:1097F00040FA41462846FFF73CFA31462846FFF733
:1098000038FA74B328462168FFF70AFA28466168D7
:10981000FFF706FA217A2846FFF72BFA2846E66872
:10982000FFF720F8044666B1012C0AD93046F6F756
:1098300006FE3F2800D93F20611E884200D9084615
:109840000746F9B22846FFF714FA002407E0FFE7BD
:109850000121CBE7315D2846FFF70BFA641CBC42BF
:10986000F8D32846FFF717FA2846BDE8F041FFF77E
:1098700013B9B4EEC10AF1EE10FA02D2B0EE410A09
:109880007047B4EEE00AF1EE10FAF9DDB0EE600ACE
:10989000704770B5846915460E46B4F82421B4F8B3
:1098A00022112046FFF711FAF1B22046FFF7E1F945
:1098B000E9B22046BDE87040FFF7DBB910B50446B9
:1098C0008069FFF7E8F9A069BDE81040FFF7E4B848
:1098D0002DE9FC411C4615460E4607466B4600F036
:1098E00042F870B101AB2A463146384600F03BF8E9
:1098F00038B1DDE9000140EA012020800120BDE807
:10990000FC810020FBE72DE9FF411C4615460E4671
:1099100007466B4600F027F818B301AB2A463146DC
:10992000384600F020F8E0B102AB2A46314638460E
:1099300000F019F8A8B103AB2A463146384600F0CA
:1099400012F870B1DDE9000140EA0120029940EA15
:109950000140039940EA01602060012004B0BDE8A5
:10996000F0810020FAE710B514888C4201D3002062
:1099700010BD005D18601088401C1080012010BDD3
:109980002DE9F04186690746B6F82601022802D380
:1099900096F82B4101E04FF0FF044FF0000511D184
:1099A000786AA0420EDD04EB84001C213A6A01EBC8
:1099B000C001515831B1242303EBC000105888472F
:1099C00010B102E0012500E002252A4602213846B6
:1099D000FFF75FFF21463046FFF74BF93846BDE8F9
:1099E000F041FFF76BBFF0B5846991B006460120E6
:1099F000ADF83800002003900F9010900D90ADF856
:109A000030000B90ADF82800B4F8261104F59575D8
:109A100007460E2901D0102960D103AB0EAA2846B3
:109A2000FFF7A1FF002859D0B4F826110FAB0EAAFA
:109A30002846FFF798FFE8B3B4F826110DAB0EAA3D
:109A40002846FFF790FFA8B3B4F826110CAB0EAA76
:109A50002846FFF73DFF68B3B4F8261110AB0EAAF5
:109A60002846FFF750FF28B3B4F826110BAB0EAA17
:109A70002846FFF748FFE8B1B4F82611102905D1B0
:109A80000AAB0EAA2846FFF723FF98B1716A039824
:109A9000814223DD316A00EB800011EBC0001DD054
:109AA000816939B1109900EE101A0F9904910D993E
:109AB000059100E012E0BDF83010ADF818108DED02
:109AC000070A0B990891BDF82810ADF82410426AD6
:109AD000836904A91046984710B102E0022700E00C
:109AE00003273A4601213046FFF7D3FE0398C1B25F
:109AF0002046FFF7BEF83046FFF7E0FE11B0F0BD9C
:109B00002DE9F047876980460026D0F82490B7F801
:109B1000260135463446022801D397F82B614E457D
:109B20004BDAD8F8200006EB860110EBC10544D0D3
:109B3000002200214046FFF7ACFE02213846FFF725
:109B400098F809F0FF013846FFF793F83146384698
:109B5000FFF78FF885B3297B3846FFF78AF8697BD2
:109B60003846FFF786F8E9893846FFF73EF8384669
:109B70002969FFF755F838466969FFF751F8384603
:109B8000A968FFF74DF838462E68FEF76BFE0546CC
:109B900066B1012D0AD93046F6F751FC691E04461C
:109BA000884200D90C463F2C00D93F24E1B2384608
:109BB000FFF75FF8002507E008E00122B9E7715DD3
:109BC0003846FFF756F86D1CA542F8D34046BDE86D
:109BD000F047FFF773BE2DE9FF478569074601206F
:109BE0004FF00008ADF80800FF20CDF80480039086
:109BF000ADF80080B5F8261105F59579444646463E
:109C000008292BD103AB02AA4846FFF7ACFE28B3C4
:109C1000B5F8261101AB02AA4846FFF774FEE8B179
:109C2000B5F826116B4602AA4846FFF751FEA8B1C7
:109C3000796A0398814211DD396A00EB800011EBEB
:109C4000C0060BD0706848B1BDF8002032B1B168D1
:109C50000198814202D3081A904201D2022408E0FE
:109C60003CB9326A22B10021706A9047022800D0C4
:109C70000424224604213846FFF70BFE0398C1B2A4
:109C80002846FEF7F6FF28460199FEF7C9FF44B9BA
:109C90002846FEF7E7FDBDF80010891C884204D273
:109CA000032485F85142ADF80080BDF80010284625
:109CB000FEF79BFF002407E0019871682044095CCF
:109CC0002846FEF7D6FF641CBDF800008442F3D39B
:109CD0003846FFF7F3FDBDE8FF872DE9F8438669B5
:109CE0000746B6F82601022802D396F82B4101E078
:109CF0004FF0FF044FF000084546CDF8008027D113
:109D0000786AA04224DD04EB84002022396A02EB49
:109D1000C0028A58E2B1242303EBC0000858694608
:109D200090470546424603213846FFF7B2FD2146DB
:109D30003046FEF79EFF29463046FEF79AFF304632
:109D40000099FEF76DFF3846FFF7B8FDBDE8F883D0
:109D50004FF00108E6E7704770B5634C61482DEDA0
:109D6000068B206061A0FEF7EDFB6548634901604A
:109D70004FF400514160634908600120F9F7A2F9EE
:109D80009FED619AF0EE490ADFED608AB0EE680A55
:109D9000FCF77EF9B0EE408ADFED5D9AB0EE691A0D
:109DA0009FED5CAAB0EE680AF0EE4A0AFCF758FD97
:109DB000594918230C22F0EE480AA1F13000FDF7B2
:109DC00003FCDFED560AB0EE680AFCF761F9B0EE6D
:109DD000408AB2EE041ADFED520AB0EE680AFCF7D0
:109DE0003FFD4D4918233C310C22F0EE480AA1F109
:109DF0003000FDF7E9FBF0EE490AB0EE680AFCF727
:109E000047F9B0EE408AB0EE691AF0EE4A0AB0EEB9
:109E1000680AFCF725FD3A493F4818230C22F0EE6A
:109E2000480A0C394830FDF719FBF0EE490AB0EE4C
:109E3000680AFCF72DF9B0EE408AB2EE041AF7EE8C
:109E4000000AB0EE680AFCF70BFD2D4932481823D2
:109E50000C22F0EE480A08396030FDF7FFFA3C2189
:109E60003048F9F7F1FF2C4931480C3101F13C023F
:109E70002D4B2E4D80E82E00032248392D48F8F74F
:109E800035FD2C48F8F7E0FA00212B48FAF792F953
:109E900004212948FAF78EF908212748FAF78AF9A8
:109EA0000C212548FAF786F900212348F9F700FE2E
:109EB00004212148F9F7FCFD08211F48F9F7F8FDB6
:109EC00000211E48F8F7FFFE10211C48F8F7FBFEA2
:109ED000206811494022BDEC068B7831BDE8704006
:109EE000FAF79ABB9C0200201000002048656C6CB9
:109EF0006F20576F726C64210D0A00000008024049
:109F0000240000203C0000200000000033335340B8
:109F100089C03842ADA3AA3C000400203333D33FAC
:109F20009999993DC4010020480800209C08002010
:109F300014050020B00000207C01002068010020F2
:109F400010B509A0FEF7FEFA0B48016839B10021EF
:109F5000016001218068FEF78DFF002010BD012106
:109F600001600021F6E7000048656C6C6F20576FB8
:109F7000726C64210D0A00003400002010B5FEF759
:109F80006DFA0948FEF79AFC012807D0022808D18B
:109F9000FEF79CFA0448FEF7ABFE02E00248FEF72B
:109FA00031FC002010BD00008809002010B5FFF72B
:109FB000D2FE002010BD002101610846704710B597
:109FC00014888C4201D3002010BD005D18701088E9
:109FD000401C1080012010BD2DE9F041856900264C
:109FE00090F82480B5F826113446374609B195F823
:109FF0002A61464502D2006A00EB0614B5F8242116
:10A00000B5F822112846FEF760FE02212846FEF729
:10A0100030FE6CB300212846FEF72BFE4146284651
:10A02000FEF727FE31462846FEF723FE4CB3217982
:10A030002846FEF71EFE217A2846FEF71AFE28461D
:10A04000E668FEF70FFC044666B1012C0AD93046DB
:10A05000F6F7F5F93F2800D93F20611E884200D964
:10A0600008460746F9B22846FEF703FE002406E03C
:10A070000121D0E7315D2846FEF7FBFD641CBC42A0
:10A08000F8D32846FEF707FE2846BDE8F041FEF764
:10A0900003BD0000094991ED0B0A80ED000A91ED26
:10A0A0000C0A80ED010A91ED0D0AA1F56B7180EDAE
:10A0B000020A91ED190A80ED030A7047BC080020DE
:10A0C0001FB5074944F6206404234FF448728DE815
:10A0D0001E00014603A360220648FCF7F1FE1FBDE7
:10A0E000140D0020436F6E74726F6C2053636F7099
:10A0F00065000000941900201FB56846FFF7CAFFED
:10A100009DEC040A0148FDF77FFC1FBD9419002057
:10A1100010B500290AD00878002807D005487844EF
:10A12000F6F76CFA002801D0002010BD02487844F0
:10A1300010BD0000FE0D0000F60D000010B5002956
:10A140000AD00878002807D005487844F6F756FA70
:10A15000002801D0002010BD0248784410BD000046
:10A16000EE0D0000E60D00004FF04070E1EE100A29
:10A170007047F6F7D4BEF7F709B8000610160006C8
:10A180001016000000000000000001020304060792
:10A190000809000000000102030400002110422011
:10A1A00063308440A550C660E770088129914AA1B8
:10A1B0006BB18CC1ADD1CEE1EFF13112100273322F
:10A1C0005222B5529442F772D662399318837BB308
:10A1D0005AA3BDD39CC3FFF3DEE3622443342004BF
:10A1E0000114E664C774A44485546AA54BB5288558
:10A1F0000995EEE5CFF5ACC58DD55336722611160F
:10A200003006D776F6669556B4465BB77AA71997A7
:10A210003887DFF7FEE79DD7BCC7C448E558866896
:10A22000A7784008611802282338CCC9EDD98EE9F7
:10A23000AFF9488969990AA92BB9F55AD44AB77A6E
:10A24000966A711A500A333A122AFDDBDCCBBFFB47
:10A250009EEB799B588B3BBB1AABA66C877CE44C7E
:10A26000C55C222C033C600C411CAEED8FFDECCD97
:10A27000CDDD2AAD0BBD688D499D977EB66ED55E4E
:10A28000F44E133E322E511E700E9FFFBEEFDDDFE7
:10A29000FCCF1BBF3AAF599F788F8891A981CAB173
:10A2A000EBA10CD12DC14EF16FE18010A100C230A5
:10A2B000E3200450254046706760B9839893FBA360
:10A2C000DAB33DC31CD37FE35EF3B1029012F322F5
:10A2D000D2323542145277625672EAB5CBA5A895B0
:10A2E00089856EF54FE52CD50DC5E234C324A01445
:10A2F00081046674476424540544DBA7FAB7998740
:10A30000B8975FE77EF71DC73CD7D326F236910694
:10A31000B01657667676154634564CD96DC90EF987
:10A320002FE9C899E9898AB9ABA9445865480678E4
:10A330002768C018E1088238A3287DCB5CDB3FEB9F
:10A340001EFBF98BD89BBBAB9ABB754A545A376A34
:10A35000167AF10AD01AB32A923A2EFD0FED6CDD6F
:10A360004DCDAABD8BADE89DC98D267C076C645C84
:10A37000454CA23C832CE01CC10C1FEF3EFF5DCF7F
:10A380007CDF9BAFBABFD98FF89F176E367E554ED4
:10A39000745E932EB23ED10EF01E0000BD0400206C
:10A3A000000000000100000000000000BC040020CC
:10A3B0000000000000000000000000001409002060
:10A3C0000000000001000000000000004C0500201B
:10A3D0000400000000000000000000003C05002018
:10A3E0000400000001000000000000004005002003
:10A3F00004000000010000000000000070050020C3
:10A4000004000000000000000000000074050020AF
:10A4100004000000000000000000000050050020C3
:10A4200004000000000000000000000054050020AF
:10A43000040000000000000000000000580500209B
:10A44000040000000000000000000000440500209F
:10A45000040000000100000000000000480500208A
:10A46000040000000100000000000000FC070020C4
:10A470000400000001000000000000009C08002013
:10A480000400000000000000000000001005002093
:10A49000000200000100000000000000740700201E
:10A4A0009400000001000000000000000000000017
:10A4B000000000003031323334353637383941420C
:10A4C0004344454640305800303132333435363716
:10A4D00038396162636465664030780004000008C2
:10A4E0000000000000000002000100001000000059
:10A4F000000000006E83F9A22915444ED15727FCB5
:10A50000C0DD34F5999562DB4190433CAB6351FE6D
:10A5100030313233343536373839616263646566D9
:10A520007870003031323334353637383941424370
:10A53000444546585000000002400000000000A0C2
:10A540000000000005400000000000C800000000FE
:10A550000C4000000000409C00000000194000007A
:10A560000020BCBE0000000034400000BFC91B8EAC
:10A5700000000004B5400000504BCFD06607E2CF8A
:10A58000010000006C4100003E8251AADFEEA734BA
:10A5900001000000D9420000DCB5A0E23A301F976C
:10A5A000FFFFFFFFB4450000FD25A0C8E9A3C14F90
:10A5B000FFFFFFFFFF3F00000000008000000000E1
:10A5C000FF3F00000000008000000000202020204D
:10A5D000202020202020202020202020202020207B
:10A5E000202020202020202020202020202020206B
:10A5F000202020202020202020202020202020205B
:10A6000020202020202020202020202020200D0A73
:10A6100000000000202020202020202020202020BA
:10A62000202C6C4B4D4D573A634D4E6B2C3A646465
:10A630006C202020202020202020202020202020CE
:10A64000202020202020202020202020202020200A
:10A650002020202020200D0A0000000020202020A3
:10A6600020202020202020202020202020202020EA
:10A6700020202E2E2C3B3B3B3B2C2020202020203A
:10A6800020202020202020202020202020202020CA
:10A6900020202020202020202020202020200D0AE3
:10A6A000000000002020202020202020202020202A
:10A6B000202020202E2C6F6F4B574D58784B4D4D3E
:10A6C0004E2E20202020202020202020202020204E
:10A6D000202020202020202020202020202020207A
:10A6E0002020202020200D0A000000002020202013
:10A6F00020202020206C574D4D4D573B20202E3AD6
:10A7000064304E4E27583A206F64202020202020AD
:10A710002020202020202020202020202020202039
:10A7200020202020202020202020202020200D0A52
:10A730000000000020202020202020202020206356
:10A74000584D6C636B576B3B2020202E2E2C2E20F7
:10A750006F6F20202020202020202020202020205B
:10A7600020202020202020202020202020202020E9
:10A770002020202020200D0A000000002020202082
:10A7800020202020202020202020202020202027C2
:10A790003A6F784F4F58585858584B78786F3A2737
:10A7A00020202020202020202020202020202020A9
:10A7B00020202020202020202020202020200D0AC2
:10A7C00000000000202020202020202E4B4F637806
:10A7D0004E642E20634F4E4E4E4E4E4E2E303A203B
:10A7E0006F642020202020203B6F2C202020202060
:10A7F0002020202020202020202020202020202059
:10A800002020202020200D0A0000000020202020F1
:10A810002C4D4D4B4F27203A4E4E4E4E4E4E4E4EE7
:10A820004E58306C2C2E202020202E2C6F6B6B6B02
:10A830006B6C2E2020202020202020202020202073
:10A8400020202020202020202020202020200D0A31
:10A850000000000020202020202020202020202078
:10A8600020202E3A784B584D4D4D4D4F644B4D4D59
:10A870004D4D786F4D4D4D4D584B783B202020204D
:10A8800020202020202020202020202020202020C8
:10A890002020202020200D0A000000002020202061
:10A8A000206C5778584B64202C584E4E632E2E3017
:10A8B0004E4E4E584B583A206F6B646F636B6B6B08
:10A8C0006B6B6B6F27202020202020202020202051
:10A8D00020202020202020202020202020200D0AA1
:10A8E0000000000020202020202063574D4D303AEA
:10A8F00020206C4E6B2E2E584E4E4E4E2E4F3A2030
:10A900006F64202020203B786B6B6B783B202020ED
:10A910002020202020202020202020202020202037
:10A920002020202020200D0A0000000020202020D0
:10A9300020202020202020203B4F4D4D4D4D6F6387
:10A940006B4D4E782E3A787878782E634E4D4B6F5B
:10A950006F4D4D4D57783A20202020202020202078
:10A9600020202020202020202020202020200D0A10
:10A970000000000020202020202020202020202057
:10A98000205F5F5F5F5F5F5F5F5F5F5F5F5F5F5F16
:10A990005F5F5F5F5F5F5F5F5F5F5F5F5F5F5F5FC7
:10A9A0005F20202020202020202020202020202068
:10A9B0002020202020200D0A000000002020202040
:10A9C00020202020202E6F574D4B644F57576B2E61
:10A9D0002E3B3A6C646B3A206F786F6C3A3B2720C1
:10A9E000644E4D783B584D4E6F2020202020202073
:10A9F00020202020202020202020202020200D0A80
:10AA000000000000202020202020202020202020C6
:10AA10007C2020205C5F5F5F5F7C2020207C5F7C4F
:10AA200020207C5F7C2020207C5F7C202020202038
:10AA3000207C2020202020202020202020202020BA
:10AA40002020202020200D0A0000000020202020AF
:10AA500020202020202020207C202020205F5F5FDD
:10AA60005F20202020205F5F20205F5F20202020AB
:10AA7000205F5F5F5F202020207C2020202020207E
:10AA800020202020202020202020202020200D0AEF
:10AA90000000000020202020202020202020202036
:10AAA0007C20207C207C5F7C207C2020207C207CE3
:10AAB00020207C207C2020207C20205F5F2F2020F5
:10AAC000207C20202020202020202020202020202A
:10AAD0002020202020200D0A00000000202020201F
:10AAE00020202020202020207C2020202F205F5F7D
:10AAF0005F7C2020207C20205C2F20207C202020B8
:10AB00007C20205F205C2020207C20202020202012
:10AB100020202020202020202020202020200D0A5E
:10AB200000000000202020202020202020202020A5
:10AB30007C20207C207C20205F202020207C207C0A
:10AB40005C2F7C207C2020207C207C5F29207C20A6
:10AB5000207C202020202020202020202020202099
:10AB60002020202020200D0A00000000202020208E
:10AB700020202020202020207C5F5F5F5F5F5F5FC0
:10AB80005F5F5F5F5F5F5F5F5F5F5F5F5F5F5F5FD5
:10AB90005F5F5F5F5F5F5F5F5F7C20202020202022
:10ABA00020202020202020202020202020200D0ACE
:10ABB0000000000020202020202020206C574D4D38
:10ABC0004D4D302E27276F30574D3A2E3B4D3A20B2
:10ABD0006F4F2058274B6F6B6C272E2E6B4D4D4DB2
:10ABE0004D4E3A20202020202020202020202020F0
:10ABF0002020202020200D0A0000000020202020FE
:10AC000020202E4F4E6B4B58576F2E6C5830272EEE
:10AC10006F4D6F20204D3A206F5820302E642E64E7
:10AC20003B6C4B632E6C4E4B7864574F202020209A
:10AC300020202020202020202020202020200D0A3D
:10AC40000000000020202020202E4E4D4D304F2EA1
:10AC50002E3B4E574D4E632020304D6F3A4D3A20DB
:10AC60006F4E642E782E782E642E3B3058632E273C
:10AC7000784B4D4D582E20202020202020202020B1
:10AC80002020202020200D0A00000000202020206D
:10AC9000204B574F4B4D64206B4B2E203A584D4B59
:10ACA0006F4B4D4D4D4D3A206F4E4E6F27642E63C6
:10ACB0003A3B633B3B636B206C4D5830583020204F
:10ACC00020202020202020202020202020200D0AAD
:10ACD0000000000020202020784D586F3B2C206B76
:10ACE0004D4E783A2E2E584D4D4D58643B2E202017
:10ACF000202E3B6F78274F6B3B2C273B633A6F6BC3
:10AD0000202E6F30584D582E20202020202020202B
:10AD10002020202020200D0A000000002020202ECE
:10AD20004D4D4D4D58206C576C6C784B574D4D4DDB
:10AD30004E3A20202E272727272C2E20206C6B2EE2
:10AD4000273B2C2C3B3B3B306F202C574D4D58580C
:10AD5000642E2020202020202020202020200D0ACA
:10AD600000000000202020205857585758202E5807
:10AD700058584E4E4E4E4E584B2C20202E2C2E2ED8
:10AD80002E2C2E20202E646B782E20202020202098
:10AD9000202020202020202020202C634E646F6F54
:10ADA000646C202020200D0A000000002020202CB0
:10ADB00057784F632C20306F63636363634F4E4B50
:10ADC00020202E632E20202E2E202E632E20206F5A
:10ADD0006B6F2E2E2E2E2E2E2E2020202020202077
:10ADE0002E2E78646C6C3A6C6C6C2C2020200D0A32
:10ADF000000000002020206F4D4D4D4D2720606049
:10AE0000606060606060606020206F2020202020F3
:10AE100020202020782020206060606060606060DA
:10AE2000602020202020202E272E2C30574B2C6CE9
:10AE30004D4D6B2020200D0A0000000020202078BE
:10AE40004D4D4D4D27206464636C6F646464642CC5
:10AE500020206F2020202020202020207820202C3F
:10AE600064646464646F6F6F642E202020206C58CB
:10AE70004D783B4F4D576F4B4D4D582720200D0AB5
:10AE8000000000002020206357643A2C2C205758E3
:10AE9000272727276C4D4D4E2E2020632E20202063
:10AEA00020202E632E202E58306F3B2E27272C6417
:10AEB0004E20202E786378784D4D30646F6C3A6C5C
:10AEC0006C6C6C2E20200D0A000000006D6F6E6906
:10AED000746F725F6461746100000000626C696E7F
:10AEE0006B5F6C6564000000646C5F6F6E6C696E14
:10AEF00065000000737461727475700048B00008DA
:10AF000000000020B0000000C4010008F8B00008F4
:10AF1000B0000020B0200000E00100081C0000008C
:10AF200043000000F8FFFFFF0C0000000E000000CF
:10AF30000F0000002E000000100100004300000080
:10AF4000F8FFFFFF0040404040404040404041414A
:10AF500041414140404040404040404040404040EE
:10AF60004040404040050202020202020202020288
:10AF70000202020202202020202020202020200285
:10AF80000202020202029090909090901010101015
:10AF900010101010101010101010101010101010B1
:10AFA0000202020202028888888888880808080845
:10AFB0000808080808080808080808080808080811
:10AFC0000202020240000000000000000000000039
:10AFD0000000000000000000000000000000000071
:10AFE0000000000000000000000000000000000061
:10AFF0000000000000000000000000000000000051
:10B000000000000000000000000000000000000040
:10B010000000000000000000000000000000000030
:10B020000000000000000000000000000000000020
:10B030000000000000000000000000000000000010
:10B0400000000000000000000100000010000000EF
:10B05000000000000024F4000000000000000000D8
:10B0600000000000000000000000000000000000E0
:10B0700000000000010000000000000000000000CF
:10B080000000000000000000DCAE0008419F000846
:10B09000E8030000000000000100000000000000C4
:10B0A00000000000E8AE00087D9F000802000000DC
:10B0B000000000000100000000000000000000008F
:10B0C000CCAE0008AD9F00080200000000000000A8
:10B0D000010000000000000000000000F4AE0008C5
:10B0E000B79F0008F401000000000000010000000C
:08B0F000000000000000000058
:040000050800018965
:00000001FF
